H0_Wasserstein1,H0_Bottleneck,H0_PersEntropy,H0_BettiL1,H0_BettiL2,H0_LandscapeL1,H0_LandscapeL2,H1_Wasserstein1,H1_Bottleneck,H1_PersEntropy,H1_BettiL1,H1_BettiL2,H1_LandscapeL1,H1_LandscapeL2,Label
33.14475978281657,2.0397154468854555,2.938529371299516,1620.0,169.9941175452845,71.38639857070613,8.284940622243806,0.6241835310909396,0.2662901952128021,1.6453873393368843,78.0,10.295630140987,4.05595915726941,0.6562884173925119,Aggressive
32.08078290694004,2.348498937703911,2.9174696967041127,1363.0,150.03666218628032,82.19326939245667,9.539161102098678,0.910898257679515,0.21489076475461452,2.130036127837359,94.0,12.409673645990857,3.4594360264864834,0.5261980077492494,Aggressive
34.89871757374944,2.2100001788122623,2.9394009213533003,1575.0,168.35973390332975,77.34606013153538,8.97660518508394,1.491032262930385,0.39831620969754195,1.8990855131207405,206.0,23.45207879911715,11.696068323019778,1.3916118545380707,Aggressive
34.901903369734676,2.27779523910337,2.929382864658189,1527.0,161.92282112166896,79.71876618838068,9.251975972637135,0.312951308374001,0.12250672728006928,1.3611706688923904,47.0,9.1104335791443,0.9857406616210929,0.22846963749937396,Aggressive
26.84625483092379,1.5712415931566792,2.9406878918344574,1703.0,175.43374817862156,54.99065018663502,6.382087914458922,1.233726764295741,0.281532687270464,1.8686323186134912,370.0,40.963398296528084,10.327425034359251,1.1891749930488447,Aggressive
22.931963718988264,1.5596899849168133,2.9378626115652824,1466.0,161.59207901379324,54.58636452453305,6.3351674538109215,0.9406525840290539,0.2352062200864416,2.0827887587608913,189.0,21.330729007701542,6.412280667911877,0.8028937285356329,Aggressive
23.628498300400643,1.5296966016425209,2.931560420137478,1539.0,163.12878348102765,53.5366496654472,6.2133399705376275,0.2540408037489899,0.23416097824337143,0.27448531524314507,100.0,10.0,7.659967889689437,0.9165924992089827,Aggressive
28.282395459822073,1.9708636808084827,2.9275022341776746,1430.0,155.9615337190552,68.97670969818579,8.005277694478385,0.43661690540072584,0.13201842805200784,1.5566179963406712,159.0,18.734993995195193,3.953660608542086,0.48443630883536243,Aggressive
31.265005281608875,2.0893693234657156,2.9274106339269674,1492.0,159.74980438172688,73.12419559016372,8.486625332608593,0.8011119550422158,0.22837741910331252,1.818412826837882,143.0,16.217274740226856,6.7058062481157705,0.8300035671563399,Aggressive
38.28859669167556,2.1827527470121515,2.9430367218533164,1747.0,179.37948600662227,76.39244867093635,8.865931240383832,1.2315255186917142,0.39081895969703007,1.8199504754653553,197.0,23.473389188611005,10.796475822275335,1.3553790909904666,Aggressive
35.75496249567833,2.4060939548932003,2.937961117730724,1481.0,162.48999969228876,84.20899215370719,9.773101232462933,0.6300490237045038,0.2631575042566844,1.3713959490981857,83.0,10.04987562112089,5.567669466288404,0.7885375897579623,Aggressive
45.332178689165744,2.970307578174959,2.9306195217171247,1521.0,161.84251604569178,103.95546152134133,12.064830882443328,0.497056160514924,0.2961205544770546,0.674697816949729,66.0,8.12403840463596,5.937082134111961,0.8630056727343338,Aggressive
39.57536088155001,2.51895512301046,2.932648207305706,1565.0,165.0060604947588,88.15893151543357,10.231522076329341,0.003878858762154599,0.003878858762154599,-0.0,100.0,10.0,0.13575313067195172,0.015755194958978598,Aggressive
33.335033247705546,2.093796259845906,2.939644859750744,1586.0,168.9733706830754,73.27913045883179,8.50460671579826,2.031550927979319,0.31813301051732434,2.3736102589442973,470.0,56.05354582896607,10.507623181198584,1.248628558585355,Aggressive
26.69470766061426,1.8263750118064657,2.920279745524002,1456.0,155.71127126833176,63.919864278851136,7.418391888864356,1.1778621281189152,0.27928676600701546,2.080918812066002,159.0,20.322401432901575,6.438879058818624,0.8763173202337287,Aggressive
25.802350475944266,1.9937532970599612,2.918605787170881,1292.0,146.4923206178399,69.77780539580064,8.098251011809985,1.3574137719215094,0.19759234942659126,2.3192076956828647,162.0,23.065125189341593,4.134808070731886,0.6114215098440509,Aggressive
32.84362324760454,2.0311119264052295,2.936558052146453,1612.0,168.706846334107,71.085290716152,8.2499947397533,1.2071403636676752,0.4595985703693521,1.790760758248845,172.0,20.346989949375804,11.172934272072533,1.5276887895573044,Aggressive
33.84132066386242,2.026525506350274,2.937972603895964,1663.0,172.8843544106869,70.92477420363764,8.231365563864086,3.1463640681242415,0.3134563962065556,2.697260853017691,573.0,63.41135544995076,12.360544573176991,1.355494211622469,Aggressive
31.474618923755138,2.0041038887046607,2.933756634477323,1564.0,165.36626016210198,70.14005762158017,8.140293168872807,1.5239937958642087,0.3921777740930213,2.053891263218425,255.0,30.479501308256342,10.925625170120083,1.3842593850450415,Aggressive
27.888053445058016,1.8923075185681797,2.928896010635762,1470.0,158.75137794677562,66.2273842879016,7.686197334192811,0.22237663510602845,0.05937032674226492,1.590741229764972,33.0,6.557438524302,0.4509307856511584,0.10242263890073192,Aggressive
24.622084122998892,1.6244789633847299,2.934757026148884,1510.0,162.6960356001338,56.85386308515915,6.598328102224967,0.414704674566215,0.14122894744448755,1.4739357363663141,79.0,11.357816691600547,2.1840734228943326,0.3741125176779364,Aggressive
27.672321092032337,2.058289225849418,2.928649263483457,1340.0,151.56516750229915,72.03644766952051,8.360383820010476,0.4398765426645584,0.14274935285766954,1.643643766510683,137.0,15.716233645501712,4.141841308035032,0.500989848931089,Aggressive
28.08219110160587,1.7580765495567439,2.938342329183575,1593.0,168.46661390317072,61.529540052317614,7.140976377208783,0.2243046848380078,0.06849486656378241,1.484330570908252,38.0,7.483314773547883,0.6581315464443631,0.13860729713602768,Aggressive
32.295208454780784,1.9755209075689364,2.934578623977533,1630.0,169.3989374228776,69.1397043189617,8.024194473891711,0.030045813953840178,0.030045813953840178,-0.0,100.0,10.0,1.0515498392509688,0.12204044683519487,Aggressive
38.4764030486401,2.638613734855557,2.930268374447061,1453.0,158.117045254457,92.34676927027074,10.717552858510507,2.1690312504235507,0.4430316557440839,1.9437345025143944,192.0,21.166010488516726,13.792399131890502,1.614587077186393,Aggressive
32.6745791503105,2.118494818835472,2.940218380195551,1539.0,166.61032380978077,74.14353592227204,8.604927618400627,1.2357292453621906,0.6630049932543242,1.4224266828539127,141.0,15.198684153570664,19.48199539955216,2.3859822955009435,Aggressive
42.25856143027046,2.5919065973357847,2.940481308938036,1624.0,171.17826964892478,90.71210285629888,10.52783724814085,3.2886587407801757,0.594089669729797,2.2603231411580884,413.0,50.049975024968795,16.149769616849497,2.118148737860131,Aggressive
40.1608663340562,2.6026607872018244,2.921349344240525,1537.0,160.63934760823702,91.08848029916939,10.571518745291115,2.5247858866208515,0.6144931276813149,1.9639662043740609,366.0,40.963398296528084,22.888237842405683,2.6174271195619783,Aggressive
34.532119649248344,2.4402221125938053,2.9318753912408706,1412.0,156.20499351813308,85.40341673475325,9.91172339200378,1.9027437526090532,0.7502127233821554,1.5972188570467034,201.0,22.737634001804146,23.463022564396717,2.7882558943066975,Aggressive
39.08813673785571,2.6534785911505616,2.933566580108162,1469.0,159.8780785473731,92.86701269824096,10.77793110977607,1.9218067721905305,0.36513686185061384,2.0707250078806734,327.0,35.874782229304195,14.652294120403251,1.627054354428208,Aggressive
30.313815311102523,2.195588148257659,2.8935207992872134,1377.0,147.28543716199508,76.84166479592372,8.918066226832105,0.12131641598442461,0.12131641598442461,-0.0,100.0,10.0,4.245857939575657,0.49276447088201647,Aggressive
26.95785589256427,2.192705472406908,2.90137355551114,1228.0,139.82846634358827,76.74077628838897,8.906357339549267,0.2723230951086515,0.12131641598442461,1.0046995227263815,26.0,5.0990195135927845,0.9719548165196115,0.2275086423332202,Aggressive
33.772000646298494,2.1890076765059563,2.9353044794736194,1537.0,164.22849935379668,76.6113600345573,8.891337587887659,1.202386030568252,0.23531630765475206,2.0167631331263314,312.0,34.351128074635334,9.44547242588467,1.0656745891327282,Aggressive
30.144668375498117,1.7476367751805955,2.9411658866115586,1719.0,176.77386684688435,61.16416659018006,7.0985719766596365,0.8089416593837815,0.2795399842728689,1.7599935000884308,98.0,11.832159566199232,5.9993425980962884,0.823788713865629,Aggressive
24.3041002280316,1.4532218193690798,2.938180739930141,1666.0,172.96820517077697,50.86016883753767,5.902713784320358,1.4786268438333854,0.29110634390971357,2.3309637688686142,459.0,53.33854141237835,10.411624330462832,1.192779658651655,Aggressive
24.822602728117594,1.473881867334332,2.938313848404496,1679.0,173.79585725787598,51.58323362620191,5.986631014493904,0.5348627265661662,0.17888437489696965,1.559250244409844,241.0,26.095976701399778,7.098343955145944,0.8049451197431102,Aggressive
30.009628018407877,1.82225220708513,2.9381214845795185,1641.0,170.9766065869831,63.775573475192296,7.401645831287781,1.2807565780877133,0.22355514528409007,2.155399338743504,262.0,37.04051835490427,5.052443321305091,0.7051797231548428,Aggressive
37.08611372335573,2.162552099695668,2.9426833597699016,1707.0,177.03954360537648,75.6854620846835,8.783880009265538,1.9951797150009638,0.3776172180442657,2.4297794840545612,504.0,52.839379254491625,13.120500114228989,1.522936129686673,Aggressive
29.1241763419853,2.0342060108481115,2.9220823476829647,1427.0,154.52184311611094,71.19357814692489,8.262562328986702,0.005729611173964978,0.005729611173964978,-0.0,100.0,10.0,0.2005261604232027,0.023272603263032682,Aggressive
22.023778791122187,1.4267468550084765,2.935977277236885,1538.0,164.80898033784445,49.93359235802082,5.795177457114255,0.1702705705857072,0.1702705705857072,-0.0,100.0,10.0,5.959165939176925,0.6916070421353123,Aggressive
24.146235329423984,1.4229093001578625,2.938555568926342,1688.0,173.6663467687393,49.79928479050146,5.779590030877674,1.1693085938010235,0.2943210526330335,1.7742275405136192,341.0,36.207733980463345,10.572601020938217,1.2029946994797958,Aggressive
30.431548064851764,1.867958104071678,2.9400851039552194,1621.0,170.89470442351336,65.375198258294,7.5872945908724345,1.4354323089622076,0.42293991588415264,1.7937148705791335,179.0,22.9128784747792,9.68901139317137,1.3399569076640605,Aggressive
34.11619625641059,2.1107364269615867,2.9370747566475774,1610.0,169.10351859142375,73.87200605989706,8.573414489401488,0.8824241840003432,0.1447307604998637,2.3689939492732406,143.0,18.627936010197157,3.0346312595136236,0.4169519614324247,Aggressive
26.879804986743917,1.8888282119299082,2.9301437119802407,1417.0,156.3873396410336,66.10561476813422,7.672065044834179,1.1333216757873905,0.3178373082281719,1.7559360441188931,242.0,26.60826939130014,12.782679788994066,1.42754875289815,Aggressive
20.694995457687824,1.3611081117808834,2.9307957585620437,1515.0,161.81161886588984,47.63635354812699,5.5285652240257175,0.8250848295941212,0.27122415818057843,1.5904456317257067,303.0,34.07345007480164,9.492361244529187,1.1016615328747585,Aggressive
22.853107471186565,1.4535927116359757,2.9316982476946944,1566.0,164.9484768041221,50.87314940462208,5.904220278970469,0.996197241331985,0.23078636437680117,2.0489819184723985,369.0,42.69660408041839,7.591666248109599,0.8872572251636636,Aggressive
24.458100429218163,1.5341097138563995,2.9402806665880163,1587.0,169.26015479137433,53.69110071297848,6.231265202563062,1.70233102037381,0.3102899877716291,2.096014607101923,393.0,42.649736224272246,12.220543464024862,1.3643047361847862,Aggressive
29.292632996504796,1.8466751256854348,2.932627831238855,1582.0,166.4692163734785,64.63033201718574,7.500847134456997,1.826527920572863,0.42500089677633535,2.0363573430666486,423.0,46.67976006793523,14.848116036617395,1.7233740454683018,Aggressive
26.78266889209977,1.6583134418449115,2.9376813610172503,1607.0,168.84608375677536,58.038009417177456,6.735757391911045,0.9379973325728675,0.18157401818154087,2.1373186128301835,164.0,17.88854381999832,5.167484413493762,0.6076677394344369,Aggressive
29.84755264963402,1.924601276834197,2.9323280627456607,1546.0,163.82917933017916,67.35760816419966,7.81736850814827,0.6995638440022498,0.18157401818154087,1.5820995896946868,139.0,17.0,4.779159307479858,0.635936217543744,Aggressive
34.14458199029528,2.1400439967169103,2.941607628008706,1590.0,170.1763790894612,74.89771867039228,8.692456327112668,0.9830612487628976,0.2125086248767788,1.990878357328144,157.0,18.083141320025124,6.529866753202496,0.7734198835909726,Aggressive
35.63838161529889,2.5497405298619698,2.9344088815185074,1393.0,156.15056836271842,89.23636578550243,10.356566610450917,0.6412530047378517,0.2983199456197471,1.0223192478814376,100.0,11.575836902790225,7.834328018053613,1.0068687027124124,Aggressive
35.90161363518374,2.3431729247512862,2.934800710521095,1528.0,163.56038640208698,82.00686844912443,9.517527838923083,0.46320229450442757,0.26501634886340886,1.1018981027987216,74.0,10.198039027185569,4.470724806641088,0.7155088444989096,Aggressive
37.90148083838239,2.3808668744233077,2.9321910412381693,1586.0,166.07227342335023,83.32608938217163,9.670633574984159,1.7111888549379506,0.5421976269062141,1.7294467531288606,312.0,33.85262175962151,18.975948805760858,2.2023048123201012,Aggressive
34.81007609212896,2.2030683709313723,2.9355388884944933,1577.0,166.67033329300088,77.10345923298537,8.94844948484366,0.7021986963837569,0.43790845342649365,0.9130524600965335,160.0,17.549928774784245,15.326013950386434,1.778701798898941,Aggressive
35.25554290848631,2.264305718768973,2.937753547609056,1553.0,166.0210829985156,79.24665706326263,9.197184077442303,1.772523477701914,0.3204421520535392,2.3423869137702686,388.0,40.19950248448356,11.512416427785698,1.291278516135748,Aggressive
32.38295861484895,2.004737102956688,2.9358376716943795,1607.0,168.2646724657318,70.16221898974796,8.142865166102725,2.1990293541448764,0.4238400039809513,2.27944100062489,453.0,52.29722745997153,14.127378918907862,1.6450851800429507,Aggressive
32.866728487132995,1.9272959777405894,2.9404860598282507,1700.0,175.50498568416796,67.45191788432572,7.828313876551622,2.407602474895102,0.26442443852292186,2.7651445958607845,651.0,75.63729238940273,9.697868563912131,1.083125883814231,Aggressive
24.827607750671962,1.685703329992989,2.9333691635355694,1468.0,159.81239000778382,58.996606595588446,6.847009967510854,0.027523072189372107,0.02271276807512675,0.4633750775450318,14.0,3.7416573867739413,0.08681652040192533,0.030044253651987048,Aggressive
28.091237248289154,1.8196746744175978,2.9334736999105826,1537.0,163.58789686281807,63.68536443421335,7.3911763782398054,0.4963143759811323,0.27574440768337183,1.2360464250417367,78.0,11.224972160321824,4.306211221097696,0.7334655802571571,Aggressive
38.43893011704167,2.475427543742349,2.9386529986695984,1548.0,166.70932787339765,86.63554396292176,10.054721233732907,1.0203435080186642,0.4425902939464778,1.2777009537548634,155.0,17.97220075561143,16.819879791953344,1.870977402772814,Aggressive
35.92601421595434,2.4543161873232426,2.9240172493547254,1457.0,156.89168237991458,85.89668418421888,9.968970873478295,1.038862833254351,0.4971156718650214,1.1175271141290606,180.0,19.390719429665317,16.21826301439844,1.9063799597565039,Aggressive
33.448658706773706,2.199708761342872,2.9377675765088545,1515.0,164.23458831805192,76.9858788962316,8.934803382394838,1.3544626495887766,0.4063681122244572,1.3762320786715603,237.0,26.70205984563738,15.494744524811253,1.7275286442172209,Aggressive
31.686176294261028,1.942831811863887,2.9408411689240173,1626.0,171.55757051205873,67.99564433820319,7.891417513593292,0.19889114671030297,0.09384872475399582,1.0098580871007061,37.0,8.426149773176359,0.6328949928283687,0.16859014801578287,Aggressive
31.411443916704098,1.920121909774459,2.939902290259818,1630.0,171.283390905248,67.2008383153665,7.799174161396703,0.6514188245986794,0.16610949652592363,1.7890678185080287,161.0,18.520259177452136,5.088205857710406,0.6080378864123718,Aggressive
32.190295676530496,1.9542455156154253,2.942761626815747,1642.0,174.03447934245673,68.39510358945287,7.937777832139571,0.9351058901776262,0.253944371759597,1.8706499867466955,204.0,21.817424229271428,8.369889933653553,0.9650080638113366,Aggressive
32.025165419882875,1.9199730471055185,2.935945113346543,1661.0,171.32133550728585,67.19562838775944,7.798569509225771,0.9216701492219294,0.2598833684769641,2.134137013545482,322.0,35.7211421989835,8.982441406057337,1.0379531032403009,Aggressive
37.553726179794644,2.154040796519984,2.9402429168487103,1735.0,178.18249072229293,75.38758167112717,8.749308696126674,1.913374367915259,0.3708465797120816,2.2887761691186874,364.0,42.68489194082609,11.105328836826361,1.3880008019999117,Aggressive
32.33714229311931,1.945900271022874,2.937480505208826,1656.0,171.56339936011994,68.10303492979568,7.903881017741779,1.1500937612712099,0.2861922742544344,1.7905593494214214,295.0,33.36165463522455,10.40747907426622,1.1657335755329141,Aggressive
29.521989824073803,1.9449838299488533,2.93264675496898,1514.0,162.32067027954264,68.07096112858164,7.900158606415413,1.4511540949811352,0.4678342331557748,1.6792299835889983,165.0,19.05255888325765,15.621465422890402,1.7613190318814218,Aggressive
25.424395240174942,1.8299404666030932,2.9326839814005914,1387.0,155.30936868070773,64.04464883033675,7.4328740958439905,0.6515204827972877,0.24546746041229792,1.797846598062388,79.0,13.74772708486752,3.2212605476379363,0.5757081362663483,Aggressive
30.95554423805376,2.0625694911967907,2.933799708777093,1495.0,161.67560112769027,72.18624931393245,8.377769453043053,0.48068834760202134,0.14271192645619188,1.6705540670494903,80.0,11.135528725660043,2.7007563716233354,0.4158924616465773,Aggressive
29.2065450238482,1.9640224043581944,2.9303994844284174,1481.0,159.58383376770968,68.7372772380559,7.977489715886793,0.3782443631501078,0.13349103893897848,1.5783908118318155,241.0,27.0,4.596001651551989,0.5257983007288901,Aggressive
26.662704462721877,1.8454796724742717,2.936870718599352,1439.0,159.59636587341205,64.58849328936955,7.495991428291572,0.33048321724277463,0.234874945857146,0.8484096288156975,123.0,13.379088160259652,7.607725605820164,0.9004199404970455,Aggressive
32.34049600214902,2.0584335366587196,2.9397367540226726,1564.0,167.69615380204758,72.04149829016791,8.360969983383429,0.816576813872621,0.30399358577888963,1.233982183381882,220.0,22.93468988235943,11.030820333596433,1.2468301673190727,Aggressive
29.44648711671442,1.9145602116449616,2.937178134059732,1532.0,164.69365500832143,67.00618881167789,7.776583589347992,1.3372822454365838,0.4759775100502617,1.6897340106428502,150.0,16.0,13.200329587917137,1.5823037883196704,Aggressive
26.844739904600917,1.638236369088262,2.9355364296171973,1633.0,169.7615975419647,57.33534771986682,6.654208097419356,0.7352797577799576,0.32808590449947495,1.6545111197372147,222.0,23.790754506740637,11.48242083462802,1.332623254838716,Aggressive
29.368560712684566,1.7113050116524464,2.940999647112092,1707.0,176.12211672586722,59.892619739879265,6.950999184586242,2.340695870170604,0.3805545162106869,2.5026384984298478,503.0,57.175169435691224,12.788965268568557,1.4718468132114468,Aggressive
28.539346756341832,1.8846496047811443,2.9360916669674824,1511.0,163.1349134918703,65.95937097915495,7.655092328289793,1.3579313352212232,0.3667989649684894,1.9581532208028753,273.0,33.36165463522455,9.999763438195892,1.3194734763566642,Aggressive
28.200522846366145,1.9461630987701881,2.921338282716183,1446.0,155.4734704057255,68.11223343165236,7.904948574632472,1.2937346042685818,0.2888444911375279,1.8557897414597484,220.0,28.071337695236398,9.589488506317137,1.1632307820309116,Aggressive
32.88889166030354,1.9829073956515617,2.9388501823657913,1650.0,171.95348208163742,69.39821821270566,8.054196999618965,2.47528289575826,0.37676349148082905,2.3314090439779074,565.0,65.01538279515087,13.810020817650692,1.5691543690500163,Aggressive
33.39315821936801,2.288099300627313,2.9324195830525857,1453.0,158.72932936291264,80.0793899430169,9.2938291330984,1.374624858979418,0.5508368879139771,1.3540207767131784,192.0,21.213203435596427,15.096616667930524,1.965812077922941,Aggressive
31.999785177765496,2.1111570525097254,2.9324650623659547,1510.0,161.91973320136123,73.88672720302236,8.575122991288772,0.507219451564841,0.26916477886863915,1.0190696140418811,151.0,16.0312195418814,7.9583660833763386,0.9884875278387255,Aggressive
36.81348497930168,2.442055163329241,2.931776865865218,1502.0,161.39392801465613,85.46757023743909,9.919168899426808,1.1552580989129466,0.2860427372359177,1.8958296035082096,202.0,23.323807579381203,8.850503054532137,1.0296005750140773,Aggressive
39.21119322862776,2.472942396966753,2.9414802624731795,1580.0,169.5464538113375,86.54856826319838,10.044627034806867,2.0612155658352265,0.3248626821127558,2.336644630629691,367.0,43.73785545725808,11.208834185744777,1.315741500411476,Aggressive
27.167531912046332,1.7224660029003134,2.9330531076103603,1571.0,165.2785527526182,60.28323450473824,6.996333032459559,0.08318405479419325,0.039134191779335324,1.0035830781892705,25.0,5.0,0.27267598142527527,0.0670875875998399,Aggressive
26.864761764986017,1.7710505296401555,2.932332529935633,1513.0,161.91664522216362,61.98360618918834,7.19367424483996,0.23718880784039406,0.18922990891984776,0.6179892286687213,125.0,13.379088160259652,6.622708927501332,0.7686163095678037,Aggressive
32.93342511625821,2.238910893842007,2.938639448408729,1464.0,162.11107303327555,78.35788353525027,9.0940350735195,1.3417788084105142,0.41588756801652177,1.5022438667871052,314.0,33.46640106136302,14.787973808519768,1.7149394598946859,Aggressive
32.04961135066247,2.1227319258099695,2.938113066049226,1505.0,163.74675569305182,74.29182710069597,8.622137950237555,0.5446488876156077,0.13197392097998034,1.80636793562728,64.0,10.392304845413264,1.6666359275278406,0.2996042736811428,Aggressive
23.910502610905944,1.7219509684115102,2.9193876801158227,1384.0,151.7234326002414,60.2652092172642,6.994241059206791,0.5681681777838389,0.17728700933840677,1.6550650521356614,186.0,20.83266665599966,5.232623786637278,0.6178748634568353,Aggressive
20.449342719729472,1.472195150456926,2.931494805890404,1385.0,155.08384828859516,51.524201547256624,5.979779887687377,0.4727713149903409,0.24887950068034584,1.1931092670834638,131.0,15.0,6.239006549420982,0.8434373190074765,Aggressive
26.37829398863509,1.6626210183501189,2.9277037888341453,1584.0,165.08785539826968,58.18876690334744,6.753253957731493,0.5080219275604885,0.20252858832418716,1.074972999713707,139.0,14.730919862656235,7.24481841289636,0.8192979091385363,Aggressive
28.063107008600134,1.7470858315768611,2.936162684894174,1600.0,168.15469068687915,61.14488454780194,7.096334147333926,1.1596791347343454,0.30679651979225814,2.0924103534638165,341.0,37.907782842049734,10.297413972893146,1.2006979158882367,Aggressive
29.518033415110388,1.914577744733942,2.9324947359021554,1535.0,163.34931894562646,67.00680243848551,7.776654805458725,1.379692427456974,0.342992739055596,2.012296040486211,186.0,20.346989949375804,11.033547488125887,1.2422023598235152,Aggressive
22.653926522745902,1.8963350714118807,2.9071812299257953,1193.0,138.87764398923247,66.36834144592285,7.702556496552425,0.4092388183702312,0.3786533561680575,0.2657243384165198,108.0,11.135528725660043,13.252191350917624,1.5380187354348471,Aggressive
18.592309078791818,1.4660078245081327,2.9283110594756083,1267.0,148.02364675956338,51.307656186999694,5.954648133072047,0.8193768819002908,0.23058523961570718,1.8038109633475436,79.0,13.0,3.3976550427350127,0.5719094010331901,Aggressive
26.37163251064055,2.029044539192073,2.9025567245559736,1296.0,144.19431334140748,71.0129358551719,8.241597401619522,0.48912698961087253,0.30914207620558637,0.912031995495437,60.0,8.94427190999916,4.5042409222535404,0.7852528827675431,Aggressive
36.18517830631461,2.233188531925986,2.938727439658768,1613.0,169.69089545405788,78.15761108591099,9.070791915379173,2.047505870364209,0.284500162580419,2.4659407684058556,444.0,52.191953402799555,11.948157657276498,1.3155962303335957,Aggressive
32.37094642584856,2.0622286074860345,2.9376806789218133,1561.0,166.37608001152088,72.17431899273033,8.376384847505541,0.6000974501039339,0.1539659779455708,1.6836572618536496,145.0,18.788294228055936,4.4689497490121886,0.5479141176576509,Aggressive
25.44329000953716,1.6918522180159403,2.9297787250993905,1497.0,160.1967540245432,59.211806697074806,6.871985594498808,0.23392031973837424,0.08956289602262003,1.0887698550116858,105.0,13.30413469565007,1.8989499289580078,0.2691380448342508,Aggressive
29.218944120917925,2.1176759898626023,2.9121325520133245,1376.0,149.81989187020528,74.1148783703043,8.60160168907536,0.31969370831768273,0.10053169764127723,1.524105975771914,37.0,7.0,0.8773364984627918,0.18857598860584743,Aggressive
27.276170050236498,1.881437171987644,2.9400666413191665,1447.0,161.76217110313524,65.84694156743058,7.642044030308944,0.17803621171753642,0.12697749638271089,0.5992509396426378,61.0,7.810249675906654,2.2235444892536487,0.34931679366949236,Aggressive
33.8930881206018,2.318057954898433,2.922606547011659,1455.0,156.30419060281142,81.12788934900303,9.415515553690817,0.0651425062332259,0.035151146007661796,1.008924766013375,7.0,2.6457513110645907,0.05380225181579634,0.027167848438646516,Aggressive
38.357734719147615,2.581157970853748,2.924897838604752,1481.0,158.72302920496446,90.33592012193469,10.484178348410339,0.843209744621443,0.2752954594530338,1.5958056898691781,157.0,17.11724276862369,9.146507819493612,1.0613630650926416,Aggressive
30.278632133489992,1.848916663676638,2.9382988653265074,1631.0,170.45527272572122,64.70878184443772,7.509951840306032,1.8899929822353554,0.35666551388731815,2.0422612183300184,476.0,52.744667976962376,13.305713186360368,1.5277656034844462,Aggressive
30.058259496736962,1.830372893268815,2.93443610340915,1635.0,169.69678841981658,64.05978299150563,7.43463053165196,1.2672820620313865,0.27658363573092076,2.220398963781323,284.0,32.68026927673638,9.247361818949383,1.0529374641246319,Aggressive
30.82241667353634,1.9667712218180748,2.9261394691289904,1561.0,163.15943123215402,68.83348094092474,7.988654895555001,1.1642567039511136,0.2905908879524253,1.980670247615474,130.0,22.090722034374522,4.578888451210176,0.7731144984192423,Aggressive
34.53885235541687,2.489929768552766,2.9278626689643286,1380.0,153.30362030950215,87.14309593643804,10.113626544092837,0.2536924178991989,0.2071922214056146,0.5941834993394823,28.0,5.291502622129181,1.637140794233842,0.3950865721801264,Aggressive
34.950297814187735,2.214606997941897,2.9311541826639025,1573.0,164.8241487161393,77.50729057523938,8.99531721817891,1.5521733473659864,0.7397242272491283,1.6173877248879795,133.0,17.69180601295413,16.330560915397875,2.381104649159663,Aggressive
37.79252786323385,2.7106985013881038,2.9248123728492863,1392.0,153.53826884526217,94.86960738596288,11.010347626232829,0.5423707661598969,0.15471130281463746,1.6303620584872163,37.0,7.280109889280518,1.2105947335561096,0.275379037620411,Aggressive
45.620057005948006,2.9143025086988947,2.93452065151892,1558.0,165.50528692461762,101.99538409107865,11.83734882073598,2.4345585876783056,0.562500606770882,2.227056302555168,320.0,39.293765408777,17.81067320794771,2.1248228977001826,Aggressive
41.29342405606749,2.78928231196103,2.9338232961272306,1476.0,160.5615146914104,97.61990043852063,11.329540288846864,1.9244020065344374,0.33568616139774743,2.258443912936984,200.0,27.27636339397171,9.985718570574367,1.1864147422323794,Aggressive
36.400961909908084,2.116730045994624,2.941915115112407,1712.0,176.75406643129884,74.08177202398124,8.597759442947282,1.485748059651483,0.29645924655168815,2.3734593275008065,239.0,39.45883931389772,4.986364723456026,0.8342603203413169,Aggressive
33.16188168714303,2.01778155257081,2.93916931413464,1637.0,171.2395982242425,70.61875143436471,8.195849267717424,1.1858560365822797,0.2898487662438455,1.755050271388766,396.0,42.708313008125245,10.273776466196233,1.1879511334661268,Aggressive
29.878064270557605,1.7522191491380938,2.940785839221192,1698.0,175.27121840165316,61.32454149650805,7.117184718061758,1.7624041879618426,0.3456066866002417,2.144646695260271,368.0,42.61455150532503,11.105520486831667,1.3361556128402232,Aggressive
28.678236553693964,1.8511340936704932,2.937649242612686,1543.0,165.38137742805264,64.78638793482924,7.518958624002809,1.4979843012985599,0.3839601501577612,2.1195735122087838,369.0,39.0,13.172514467528377,1.5310325299485428,Aggressive
33.766879298442234,2.258974142432345,2.9292100151747062,1491.0,159.8780785473731,79.06006141142413,9.175528216846958,1.2450907347660365,0.6522867125032157,1.4347789104589497,179.0,19.05255888325765,21.970181477190273,2.577136648384103,Aggressive
33.17391132493871,2.3376759641811016,2.924152528412219,1414.0,154.6156525064652,81.81448464441782,9.495200218667847,0.9771283211917161,0.2632591624552927,1.3839775139318846,229.0,25.39685019840059,10.093121820025974,1.12247482861597,Aggressive
32.01213580595943,2.2702391521023366,2.918739738296699,1406.0,152.7154216181195,79.45431663532449,9.221284567992601,1.0397270122362186,0.25418410303392697,1.6511112359659905,204.0,22.847319317591726,9.275921132829454,1.0365692689841022,Aggressive
39.13651592514961,2.660101041163381,2.9337940842446875,1465.0,159.79674589928294,93.09878662379101,10.804830256524097,1.2725350766423902,0.34207174612193597,1.9396821985780246,148.0,18.601075237738275,7.942255701681581,1.0415259554899072,Aggressive
38.17466971405315,2.51318319640059,2.9334759257079814,1512.0,162.2159055086769,87.95692439031119,10.208077595722136,2.255484720550431,0.5408290344413683,2.0710469144523853,247.0,29.949958263743873,19.090672594128232,2.110144265937796,Aggressive
37.69659851715627,2.351826347100149,2.9395621033024733,1593.0,169.05324604987624,82.30972277997719,9.552676413421057,0.7284281974986326,0.2088600564948877,1.4363105961711684,203.0,21.470910553583888,8.459964619742502,0.9322028525225445,Aggressive
37.945682008583404,2.5737697968971824,2.938612959807692,1468.0,161.9629587282228,90.07734722561308,10.45416897498013,0.6148158039535143,0.31658942433746134,1.3268996841886773,107.0,14.106735979665885,6.9007846297639786,0.9820422069227122,Aggressive
39.20053462781414,2.526274176135468,2.9212924768326145,1547.0,161.66941578418596,88.41508530607128,10.261250693938395,2.0068415793965344,0.47345695992191617,2.015678347238441,333.0,39.96248240537617,17.743475892327044,1.9926327536578858,Aggressive
36.58078632811424,2.2045256403654854,2.938018311046765,1654.0,171.67993476233616,77.15446106111162,8.954368639278007,1.8450165629028341,0.40074201371043494,2.0250100732420098,405.0,45.0,15.392492867479422,1.7686801905587062,Aggressive
33.921741402680844,2.107340739670761,2.9363058736072523,1603.0,168.3181511305302,73.75316306798143,8.559621846109426,1.1212498068495063,0.2840879664019825,1.9657270585379272,267.0,30.54504869860253,10.72611373843569,1.1941305450957043,Aggressive
32.268748747579345,2.108360861992119,2.9332707089787395,1525.0,162.8097048704407,73.78886552772138,8.563765391167527,0.7258580826764383,0.15655682901723247,2.1704271765031375,120.0,15.427248620541512,3.1106528368863176,0.42827766247657084,Aggressive
27.34823450198806,2.016604306798204,2.9286102481124066,1351.0,152.620444239951,70.5775499343872,8.191067516743912,0.9704495629892858,0.18579612087796818,2.211849062877658,204.0,22.978250586152114,6.329196879358005,0.7104005327340857,Aggressive
23.439775670949473,1.576455664079659,2.9387074254173875,1482.0,163.24215141929488,55.17313335881089,6.403266490158301,0.2427283367275749,0.09757821508502781,1.3564594694504255,146.0,16.431676725154983,2.897934938922072,0.34985130561599576,Aggressive
27.43472455557945,1.8420809506103533,2.9271289542234484,1483.0,158.86786962756187,64.46954409281413,7.482186459134192,0.00019151527963350245,0.00019151527963350245,-0.0,100.0,10.0,0.006702692821771272,0.0007778990556935463,Aggressive
38.51910505543958,2.3692963843953088,2.937499954947889,1617.0,169.49631264425784,82.9211428911999,9.62363642006306,1.709059090388998,0.34652700518432555,2.2600041954133645,417.0,47.94788837894741,12.418971745654792,1.4241687350187966,Aggressive
33.33648718753863,2.557932191338547,2.8703783323303957,1302.0,140.14991972883894,89.52305931033511,10.389839599109504,1.2375651620833252,0.33191486139299264,2.0219205497997526,157.0,20.12461179749811,6.918139804493296,0.9663495785428249,Aggressive
27.401358539340468,2.046187348355394,2.896319871786812,1336.0,145.17575555167605,71.61290356607148,8.311228269117946,0.2930726629801408,0.16456928209394153,0.9872351500248253,110.0,12.409673645990857,4.183321497657081,0.5437868509107686,Aggressive
34.156823542445274,2.0872550689570155,2.9365283562347395,1630.0,169.82343772283025,73.05020045752477,8.478037628332666,2.4394764505499507,0.4395904498568664,2.1557263158634425,381.0,44.19275958796871,16.086040414945042,1.7941096518025932,Aggressive
35.50119058882284,2.647622202256276,2.9264032691954833,1339.0,150.74813431681335,92.66204954397797,10.754143559250817,1.1420199423830688,0.24189897104257754,1.9177749473444212,408.0,46.281745861624536,9.322953139892732,1.0678799872524523,Aggressive
39.42000810370104,2.647622202256276,2.9384345186268366,1484.0,162.79434879626504,92.66204954397797,10.754143559250817,0.99769463456588,0.24450196040661035,1.9350123971030735,133.0,19.72308292331602,3.9860951250249683,0.6214259429679957,Aggressive
34.04233542168179,2.1271285164592317,2.9407010643528624,1595.0,169.88525539316237,74.44569992296624,8.639996074774029,0.4109503175945616,0.18969605306437823,1.239711575118628,140.0,17.663521732655695,4.334825255654074,0.6189103541742051,Aggressive
29.843023464999344,1.9106348227620509,2.9405615534543,1555.0,167.73490990250062,66.86880720986261,7.760639397787454,0.8139052094392125,0.19227004539663556,1.9714381105406271,139.0,20.760539492026695,3.5573605262871935,0.5691584800822764,Aggressive
29.360112882662737,1.8082078656369358,2.935839341129213,1618.0,169.13308369446824,63.284046601767486,7.344600357050442,0.390439638060432,0.24170796152512616,1.0734837825147134,120.0,12.649110640673518,6.935745894306838,0.8579087784519506,Aggressive
32.558409707466225,2.2003643977183076,2.920894124066152,1475.0,156.9108026873867,77.00882499868217,8.937466454074055,0.3751984947019225,0.2675964103418518,0.7924755911265275,101.0,10.816653826391969,7.215571374604197,0.9291765365543134,Aggressive
28.67183958932068,1.9960900869287992,2.9172542669615673,1431.0,153.89931773727915,69.85958886869025,8.107742612875978,0.174285647962249,0.10669137525744736,0.667770317677618,23.0,4.795831523312719,0.7120978230177761,0.17904043373023087,Aggressive
28.839514419800295,2.067375412038791,2.91450150230038,1392.0,150.97019573412496,72.3544479620577,8.397290199857013,0.12678564392828928,0.12678564392828928,-0.0,100.0,10.0,4.437271151879822,0.5149794464236417,Aggressive
36.54615577997939,2.245392404793406,2.941445137937761,1619.0,171.46719802924406,78.58472484530827,9.120361752300484,1.4606963100713957,0.2947528049491791,2.074050141368329,272.0,31.52776554086889,10.996137286677506,1.228375500891844,Aggressive
37.84861343319057,2.3172640768598813,2.9415661633424435,1629.0,172.14238292762187,81.10010503518463,9.412290970369286,1.530606636395568,0.3514141851502548,2.189796655730034,265.0,33.06055050963308,10.469189990650523,1.2502699233887224,Aggressive
44.943137989301086,2.803470289868949,2.936858342179204,1598.0,168.6475615003075,98.11645433156177,11.387169187375973,0.7410717462897186,0.25751690722677445,1.656251363905195,194.0,21.213203435596427,8.219116427681666,0.9426479398619393,Aggressive
42.08705646278556,2.7342938244710484,2.935491176611282,1536.0,164.21936548409874,95.69540156258478,11.106187392021411,0.13460826759930528,0.06882951254095891,0.6928903308436237,31.0,5.5677643628300215,0.7290082411332577,0.15225557301202092,Aggressive
31.94253618620248,2.2386534608913022,2.93952104226784,1422.0,160.099968769516,78.34887384164215,9.092989429278264,1.1953035055570875,0.27559588218921943,1.9406653264067546,171.0,24.020824298928627,6.508670980280096,0.9330963945568987,Aggressive
32.522383677177174,2.0043276041765563,2.9400132863765047,1618.0,170.56963387426262,70.1478872636352,8.141201859054943,1.117673731047054,0.2695267360036507,1.9915094449742805,186.0,21.2602916254693,8.600687181106721,1.0033351749007928,Aggressive
34.56909246634235,2.343006360405971,2.9346665515668837,1471.0,160.50233643159217,82.00103899445196,9.516851285871125,0.39648703647216915,0.18972285846003117,1.0426138217133787,193.0,19.570385790780925,6.44795397797016,0.7518622550404526,Aggressive
34.58699020985619,2.060440063822626,2.941325514391697,1672.0,174.3043315583408,72.1117231580946,8.36912011944053,0.8902574286771838,0.22370046761775564,1.8905392949983342,189.0,23.853720883753127,6.63405797698281,0.8452666606685881,Aggressive
31.89904426316821,1.855420090989263,2.941065523151419,1714.0,176.3689315043894,64.93639018800525,7.536367539225432,0.6996727514588019,0.23631080469221513,1.6593094616954138,132.0,19.183326093250876,5.206180004158406,0.785673362516471,Aggressive
29.047771860655175,1.766890467104736,2.936840064247803,1638.0,170.57549648176317,61.83801142856328,7.176776853028079,1.3752233442282729,0.3990512507355719,1.8414267760515013,244.0,30.265491900843113,10.053668183509748,1.371766791407855,Aggressive
28.643603898216682,1.8447139485305257,2.934603804539729,1547.0,164.5265935950781,64.56169431859796,7.492881201609389,0.8607687960606577,0.27723438307192894,1.6980485608075342,154.0,19.949937343260004,6.112359126408895,0.8715592920398189,Aggressive
32.696819789388606,2.1666421984625592,2.924941578234731,1505.0,160.4088526235382,75.8286082383358,8.800493221404784,0.0,0.0,0.0,0.0,0.0,0.0,0.0,Aggressive
33.53665129551451,2.3798873816639143,2.8722437833383245,1406.0,147.37706741552432,83.29180888455323,9.666655059567274,1.4385435893192817,0.36084951583269165,1.7838817407142284,281.0,33.15116890850155,11.031981884831133,1.361453411965074,Aggressive
36.259970923570286,2.2838852901258,2.9334710944056224,1581.0,166.73032117764302,79.93190709990685,9.276712614791958,2.621569717905146,0.4373310416018944,2.496807195341247,333.0,37.027017163147235,15.114260240034625,1.6716308550465704,Aggressive
31.412477610310678,2.3367585115827163,2.926994411280598,1344.0,151.57176518072222,81.78237544165717,9.491473698719709,0.9633746244108531,0.28381822657151273,1.8668186032712195,177.0,19.82422760159901,9.41556715965271,1.0908132083700566,Aggressive
21.64322756236568,1.5495159042736777,2.933430023720616,1392.0,156.04486534327236,54.230289868634166,6.293842251247491,0.8754530952566413,0.20841658735485608,1.7483385372220395,134.0,19.44222209522358,4.465476331084666,0.6265742589928877,Aggressive
25.132668831829935,1.6912832355610434,2.92129274838184,1481.0,157.5023809343846,59.19189332711576,6.869674494751479,0.3283936607873015,0.3210676955791379,0.10689222427415347,95.0,9.746794344808963,10.433230939537587,1.256398856427977,Aggressive
34.69369043595183,2.0951028121497437,2.9373073790248343,1651.0,172.2875503337371,73.32485745651555,8.509913685588424,1.1688224720502989,0.2811316178600343,2.1804304720846748,207.0,28.407745422683583,6.177905689586292,0.8852473291530469,Aggressive
31.30808956032435,1.985555060675016,2.930823136006522,1572.0,165.30577727351212,69.49088176091513,8.064951317109871,1.1740721149134217,0.3610422112240834,1.7375905799532818,307.0,34.77067730142742,12.9551175290888,1.4919910020969545,Aggressive
32.552828200317926,2.064802768405686,2.930417062620708,1572.0,165.43881044059765,72.26441002855397,8.386840605147608,1.7478677399104352,0.34642517839832326,2.1585664756126524,281.0,35.53871128783372,9.281152320630621,1.2212600093579493,Aggressive
34.88208204405479,2.053579062647235,2.9416545538276186,1692.0,175.527775579821,71.87160036780618,8.341252022724364,1.9465510183638823,0.32586830591822574,2.1486790322424567,441.0,51.31276644267,11.963288827375932,1.341333824212927,Aggressive
34.698538756523426,2.0444969225553193,2.9382610177302775,1691.0,174.0775689168481,71.55374168145536,8.304362077364917,1.0846869100041236,0.2313686652358277,1.8615445247115516,228.0,25.534290669607408,7.8715518845452195,0.9189070623183323,Aggressive
35.91564735562611,2.730700046992222,2.9299181534684466,1313.0,150.50249167372613,95.5696257677945,11.09159014363213,0.16148194114682152,0.08994896115497981,0.6866300396734633,49.0,7.0,1.3962828197864576,0.23344377249875697,Aggressive
39.56666564952743,2.6906018724937453,2.936601161420718,1465.0,160.950302888811,94.16626125875148,10.92871889838686,0.520256989095807,0.3011260827936024,0.9838385761886719,87.0,11.357816691600547,5.840537654028999,0.8819844437754865,Aggressive
33.198102857340686,1.9331776547439816,2.9402808649715713,1713.0,176.00852252092795,67.65776607725354,7.8522041426212,1.141807859441362,0.1598488350607214,2.37688419498163,278.0,30.430248109405877,5.959641369906338,0.6575489731105011,Aggressive
36.18846997518332,2.6608290015308613,2.9282827053464415,1357.0,152.29904792873788,93.12426393682304,10.807787094660087,1.2206612412573639,0.3861595413004537,1.5941695762368417,280.0,29.427877939124322,13.269641291011464,1.5481464661742166,Aggressive
42.90378753412374,2.7996720158811472,2.9340816105188376,1527.0,163.28196471135445,97.98352152410182,11.371741312618246,0.3345719673105135,0.2572466616341226,0.7486470490825522,130.0,14.212670403551895,9.003173823308463,1.0448875700595877,Aggressive
40.710255814898616,2.532178106674874,2.938179859930495,1602.0,169.0562036720333,88.62171233302415,10.28523134968698,0.8872457834699894,0.46633060218830014,1.139099741785719,189.0,20.223748416156685,16.29048903301509,1.8918217045146435,Aggressive
38.93779724334341,2.2885541494164428,2.941149917891644,1692.0,175.10568237495892,80.09530883846858,9.295676643355673,1.5921229963703105,0.41115228529262576,2.005052474186716,235.0,32.38826948140329,11.59025854534573,1.4665039622527454,Aggressive
32.31973202005533,2.2863304816890078,2.9331025635239225,1409.0,156.77691156544702,80.01748443853974,9.28664452315796,1.040324991722891,0.3585968510734814,1.6093825847786194,120.0,13.490737563232042,9.815764665603636,1.2666822125559392,Aggressive
28.19011805387426,1.9144932824495262,2.9383114387401643,1467.0,161.78689687363436,67.00384640934493,7.776311735540676,0.6709581035683299,0.30814016132278543,1.5059642463854515,114.0,14.696938456699069,6.067396705800837,0.914039298244494,Aggressive
39.93107134785008,2.3428209142725236,2.940340142976583,1697.0,175.18276170902203,81.99454871090975,9.516098038546069,1.4865166495809277,0.2650869869815131,2.3922145423335928,248.0,26.5329983228432,8.654733484441584,0.9960725841904938,Aggressive
32.70634143681679,2.030859213901558,2.9341451766001385,1604.0,167.6365115361209,71.07644622976127,8.248968269080336,0.5029407035040151,0.28588375932333465,1.2715468088500914,64.0,8.717797887081348,4.223471677664554,0.7196347731680877,Aggressive
29.071051503842774,1.827874596676483,2.9380661447810446,1583.0,168.5496959356498,63.972347071676545,7.424482920642871,1.1368223930247054,0.2765563245730857,2.0762571439526947,249.0,33.45145736735546,6.648472167024709,0.8949114929697524,Aggressive
25.883144973015284,1.6950021048862507,2.933692391683608,1522.0,162.7820628939196,59.322047113168125,6.8847798427000235,0.8344381425093558,0.3691966148865772,1.4357835563029961,177.0,21.702534414210707,13.033442860901957,1.4725196941539798,Aggressive
28.383232132059174,1.6578024534535654,2.94170764850849,1704.0,176.43128974192757,58.02012573588978,6.733681853145369,1.1044163555542552,0.21191688312368584,2.0215408524483003,246.0,30.033314835362415,6.928402630969732,0.8182505461894434,Aggressive
31.56786604439349,1.8027746311016994,2.9419694062792408,1742.0,178.52170736355845,63.0938930944963,7.322531579966908,1.504403097739375,0.30913027508800334,2.30412677622618,269.0,30.577769702841312,10.082647162254414,1.1305653544374368,Aggressive
30.514939987902814,2.0236416503877646,2.9327839793816297,1502.0,161.44968256394932,70.8238443942985,8.219651883189178,0.6564287361874723,0.3253756935528304,1.2327542158959521,150.0,17.435595774162696,10.237541480497882,1.193836459780312,Aggressive
34.50959822786546,2.0759984886567255,2.935105188318684,1655.0,171.10523077919038,72.65624024651267,8.432315515701797,0.48616608920928517,0.14152726283824768,1.581882736154969,200.0,21.494185260204677,4.796222737341216,0.5357005941292267,Aggressive
44.332880957069904,2.7164727882214903,2.9386480457968664,1625.0,170.32615770926085,95.07169711469399,11.033801693624168,0.935550117960931,0.33199999802698466,1.5755594723202524,165.0,17.86057109949175,12.879640714086669,1.435289802212024,Aggressive
34.5771629134826,2.252216485329502,2.9342991223179564,1529.0,163.40440630533806,78.82355547914601,9.148079884321934,0.47414159332912714,0.16777581432865035,1.0963244081590708,271.0,27.874719729532707,6.060489445021658,0.702016222899332,Aggressive
28.871645996993244,1.7220743743839502,2.9358826344796656,1668.0,172.31947075127638,60.269528205948646,6.9947423110631,1.5406058919110805,0.2732528545868018,2.1864013799886566,363.0,42.50882261366456,11.018938994166827,1.2143470806448662,Aggressive
32.11839374302679,2.0327907196751154,2.9362967887552798,1574.0,166.93112352104984,71.14404548298228,8.256813682355938,1.0555233138833136,0.22589429537644468,2.2076054565141385,255.0,28.61817604250837,6.812321573796897,0.7960497656670642,Aggressive
23.989558297594797,1.6902283842365127,2.9290382554535004,1418.0,155.95512174981621,59.15497541427612,6.865389887012504,0.2918490556741725,0.291332335311429,0.012987728041349133,60.0,7.745966692414834,6.046150276155183,0.911203874802241,Aggressive
18.551004450754718,1.2549026896867665,2.9298086653445896,1472.0,159.4678651014053,43.919353412859365,5.097178769040699,1.1141976275692695,0.19947799942896866,2.026789268907892,321.0,41.94043395102154,5.287479574030096,0.6856715254576685,Aggressive
23.1682740179183,1.4592943373025293,2.932379201802366,1582.0,165.81314785022326,51.072696122256204,5.927379210364449,1.540352252176742,0.42807660519326635,1.7244425063774251,252.0,27.313000567495326,14.528943343596026,1.6675127183825766,Aggressive
31.84943539942216,2.081681232535147,2.935711466179665,1524.0,163.6642905462276,72.85512613527703,8.45539775282268,1.0027141556361334,0.27244548955672715,2.051447720495204,237.0,29.58039891549808,8.237899989792796,0.9718592714410398,Aggressive
32.098889530235105,1.8098586733994104,2.9423836358960704,1766.0,180.0499930574839,63.34182192580868,7.3513056277840265,1.1302565883762843,0.3304786653831354,1.8045869786285746,318.0,33.2264954516723,11.50971813394566,1.3270261939615695,Aggressive
26.98998376083455,1.5909118645315015,2.9404950136517862,1690.0,174.80846661417746,55.679074561957165,6.4619848582275585,1.094577595237872,0.2036046816603673,1.9874509138235752,326.0,35.749125863438955,8.640828067606147,0.9509694394006522,Aggressive
25.637889258369906,1.459590208179076,2.94220523377389,1751.0,179.29026744360667,51.0830510746349,5.9285809822330595,1.073971832413502,0.2536092200202384,2.137164373106835,313.0,39.102429592034305,8.8088436126709,0.9931143706945881,Aggressive
26.92117860917203,1.8575265904778375,2.929712986995804,1448.0,158.082257068907,65.01011390878696,7.544923744067767,0.18149832244161532,0.08166541954864871,1.1164529327887809,39.0,6.244997998398398,0.8577725357479529,0.170071693980525,Aggressive
30.443332829457592,1.9721004379311864,2.9331153317980503,1540.0,163.5726138447387,69.01999398915453,8.01030116936621,0.6866839356847146,0.1542127898904506,1.9978115424263883,190.0,23.57965224510319,4.2937693957126495,0.5385972530809179,Aggressive
28.880074776639542,1.789568674764084,2.939666147213435,1607.0,169.97941051786242,62.63170820294005,7.268891468409115,1.22876237130334,0.2633645295765699,2.1032708062389833,231.0,26.28687885618983,8.16646682854855,0.9435048075996079,Aggressive
24.038985171248978,1.789568674764084,2.923412638015461,1339.0,150.00999966668888,62.63170820294005,7.268891468409115,0.49615893840382413,0.23086475751503144,1.3118972504667032,143.0,18.57417562100671,5.431232755834406,0.7677047413294481,Aggressive
25.701391493552784,1.696508770426818,2.930477040961714,1511.0,161.35364885864837,59.37477771681968,6.890899634830951,0.5256047498222632,0.13135351936989997,1.7663311531103632,88.0,10.677078252031311,2.8172883276987544,0.3804506703121422,Aggressive
35.65895939261585,2.377452811106531,2.935198893799023,1496.0,161.9876538505327,83.20660326215955,9.656766291729888,0.422991840801518,0.37841396206851563,0.4391222501591744,75.0,8.774964387392123,8.983481082049282,1.2626968695908705,Aggressive
43.938789884641885,2.6602920506808325,2.9412899415225096,1644.0,172.8120366178236,93.10547161583949,10.805606101268905,1.1559415522083993,0.38745968728331776,1.9041326996974428,207.0,23.853720883753127,12.383867328817193,1.4256707636098682,Aggressive
38.327728944699864,2.5679125650659267,2.9256128150253873,1486.0,158.6820720812531,89.87235457006129,10.430378000603397,1.1435817360014886,0.39774554136870444,1.7405397670149927,204.0,21.95449840010015,12.112934736290363,1.4344132330736337,Aggressive
32.07441637259137,1.9138900767536382,2.9399973570436133,1668.0,173.65483005087995,66.98273528705943,7.77386162742336,2.1110580917094217,0.34092383455589326,2.5707611863371853,537.0,60.852280154485584,11.467547835725732,1.3324377367162534,Aggressive
28.809237135354433,1.8041722205983206,2.938621952835194,1589.0,168.56156145456177,63.142806231373484,7.328208325716643,1.3330255823243777,0.3870442879443944,1.8366655268282315,255.0,29.546573405388315,13.936757237020167,1.5680313133911226,Aggressive
30.491849162596544,2.401726529863107,2.9176140273375375,1266.0,144.96206400296597,84.05614007603037,9.755361573187582,1.0217635196386934,0.2823274082459854,1.7329070937637647,89.0,12.206555615733702,5.110226684146458,0.7749016510948115,Aggressive
36.69042461101957,2.43642451295558,2.925809063607764,1501.0,159.78422950967345,85.27050752832432,9.896298256327237,1.0474879329210145,0.37461046187149855,1.6771910701625274,113.0,15.716233645501712,6.726113492792303,1.0294650955427884,Aggressive
34.6343587157228,2.5107624500095187,2.92679333817846,1377.0,153.26773959317075,87.8722025890543,10.19824497904898,1.559642274684299,0.4142296795834972,1.6171867133393039,171.0,24.919871588754223,9.471308330092766,1.4005437983502276,Aggressive
30.664512746947,1.750609476699766,2.9427407527495015,1744.0,179.04189453868054,61.26820583536167,7.110646531280276,1.3116505552209867,0.2679799466633009,2.230258343549754,428.0,46.98936049788292,9.33243533577582,1.0824006567930797,Aggressive
29.805903471110344,1.8257721432853657,2.9361826749978523,1627.0,170.2086954300514,63.898764957081184,7.41594315028763,0.9939833516734047,0.2916770965322481,1.8653470182507872,340.0,41.593268686170845,10.20817756652832,1.1847375227402763,Aggressive
30.041513542299217,1.9592345223673568,2.932393461139876,1529.0,162.90794946840379,68.5697099175116,7.958042239494451,2.4071668450688932,0.303198021866398,2.636451638194059,505.0,59.62382074305537,12.110403068137892,1.336093724735892,Aggressive
28.955767481992016,1.7760769627935646,2.9377505849589354,1623.0,169.7026811809407,62.159522374471024,7.214090671200441,1.2026124434384526,0.33435752414529,2.044234928994811,358.0,38.7556447501522,11.701916323767765,1.3580973946017971,Aggressive
30.344720583591197,1.8321280566282026,2.939025242088837,1649.0,171.73526137634053,64.12121057510376,7.441759675198463,1.7022685587443167,0.32299136203887213,2.10988623450681,410.0,47.66550115125194,12.024373047279587,1.350539268608104,Aggressive
34.08013549711836,2.0242863285825874,2.9395343654789383,1675.0,173.738308959193,70.84640697999436,8.222270444799188,1.842095449126241,0.3292520235040744,2.3684269677496883,553.0,63.41135544995076,11.523232917592981,1.337359810972724,Aggressive
34.26850299722398,2.104906506288166,2.940113709804025,1622.0,170.90348153270605,73.6679692461033,8.54973444781263,1.2480221323736662,0.4666352396093369,1.665598088810396,210.0,24.979991993593593,16.36290256182353,1.8507821345311557,Aggressive
27.431333420148263,1.6760407435033815,2.930387428385049,1630.0,168.53486286225768,58.65843332175052,6.807762358023985,1.2214441611153024,0.32297096296419286,1.9330045975471584,276.0,29.631064780058107,10.179267668964886,1.2004550606355135,Aggressive
30.19407392284695,1.8218703566376213,2.940096310798795,1649.0,172.40939649566667,63.762209391353096,7.400094826568463,0.4990073910135844,0.28480041672921064,1.2272645467208299,175.0,19.05255888325765,9.967506052267682,1.1568057423866287,Aggressive
28.391926099676304,1.7653163666065512,2.937185306675995,1602.0,168.493323309857,61.78292072180545,7.17038315277895,1.1204390700715507,0.39208201645320456,1.6815906284168765,221.0,24.919871588754223,11.058002233505249,1.4147765154793412,Aggressive
30.052480067988057,1.8883182350629266,2.939299439611146,1585.0,168.5734261382855,66.08776648839316,7.669993614690276,1.0566638076040182,0.2548267581800211,1.9186902854460448,204.0,21.95449840010015,10.27773528869706,1.1308417653929363,Aggressive
31.72445827676347,1.921641725131762,2.9341627453371353,1645.0,169.8558212131689,67.25402913912379,7.805347365610679,0.4034936971560142,0.19089049475117698,1.4762415934745339,74.0,10.198039027185569,2.8896076751477797,0.4781537260896521,Aggressive
26.889293169574387,2.0736805805760206,2.9052070731902466,1294.0,144.11106827721457,72.57511760249282,8.4229006089089,0.43334749006803874,0.38491351187107764,0.3501939443735499,58.0,7.615773105863909,6.953785501345239,1.115754458999818,Aggressive
26.905537997983338,1.8338456249987185,2.9217970438037293,1463.0,156.41930827106992,64.18132240122017,7.448736114969068,0.4237171037706935,0.22214642901946194,0.6919676740156129,59.0,7.681145747868608,4.329186774263478,0.6592321298732859,Aggressive
32.270461679796526,2.0323572814850293,2.9419867126101393,1582.0,170.01764614298128,71.12887592026684,8.255053137926193,1.6279978880606014,0.5181877474213161,1.8679826027201563,243.0,28.75760768909681,17.75355469096791,2.027355201084558,Aggressive
35.896834013975216,2.235247826944228,2.940130059320921,1601.0,169.75570682601514,78.22968273451832,9.079156384538768,0.8947221286336399,0.26216873919061884,1.6194948226162953,172.0,18.81488772222678,8.854311285596907,1.0068135744558404,Aggressive
42.00084811872962,2.66055959887518,2.9390984302247736,1573.0,167.92557875439942,93.11483532491359,10.80669283172787,1.1140865284765948,0.3927701901956904,1.6955214964335146,176.0,20.54263858417414,11.386006673177082,1.3734645427645111,Aggressive
25.871799715745727,2.18824819029579,2.919078442416904,1182.0,140.46351839534705,76.58477937332307,8.888252697706408,0.1771439629345608,0.09484010292466907,0.9823537599279384,135.0,15.198684153570664,3.3071014122529476,0.3723923387791675,Aggressive
24.15383921095123,1.6297892977097086,2.9290066671237707,1479.0,159.27021064844487,57.03971530451919,6.619897681763078,0.8531803402799683,0.24737738699941758,2.0283749323927514,103.0,16.0312195418814,3.336751659711202,0.5791410381104524,Aggressive
26.91377416653194,1.6606745082984917,2.9379251194714957,1613.0,169.26015479137433,58.1206425271853,6.745347599899592,1.514864957064143,0.2794255134323133,2.20854259666399,340.0,38.1051177665153,9.750295089952875,1.0957948042500874,Aggressive
32.317834231760585,2.141363193075301,2.940088111793382,1503.0,164.67847461037522,74.94388818740845,8.697814654674993,1.1899269163862498,0.3396562259400796,1.8008491559970872,253.0,28.231188426986208,11.218867273041695,1.2803146876056595,Aggressive
31.24413820832374,2.0935996869444513,2.9385249302315297,1489.0,162.98772959950082,73.27225075827704,8.503808273633702,0.6797334146030861,0.16792518275977295,1.7126877252404766,147.0,16.64331697709324,5.053261718364677,0.616274326779278,Aggressive
29.57520780675154,2.218465626216766,2.9359402305814153,1330.0,153.95453874439687,77.64233567497946,9.010990240702426,0.6248681644981506,0.28072313060426674,1.7103888088931285,142.0,18.384776310850235,6.3469000127580415,0.9116879238727333,Aggressive
38.86979718078115,2.7417836566262226,2.917673944790503,1413.0,152.9607792867178,95.95753231433908,11.136609681939811,0.7680099888091536,0.42009668948360773,1.0321886888390588,68.0,8.94427190999916,7.218998605554753,1.112399177396379,Aggressive
42.24947962735333,2.6849783027906335,2.9364895340816313,1569.0,166.56830430787244,93.96944636046287,10.9058770156397,0.7665432784809745,0.3318086513347452,1.4134817453944934,164.0,21.2602916254693,8.377197354730939,1.1367696745261886,Aggressive
36.448986726499705,2.1915203030267816,2.940479445242124,1658.0,173.15311143609287,76.69929747629648,8.901543404371866,1.7101179878109858,0.3428034154120851,2.0855154180111795,464.0,51.32250968142536,12.079888977185643,1.3896818957789878,Aggressive
39.02777250413186,2.448955445367445,2.9373234266252566,1587.0,167.7647161950331,85.70906778778692,9.947196547621827,1.1153310406194243,0.2826647516214666,1.8621115980124725,187.0,21.095023109728988,8.916023890177403,1.039538670268602,Aggressive
38.25018877438976,2.4077808403580003,2.9408853846809673,1581.0,169.17742166140255,84.26803013291021,9.779953044039758,1.5096230692211463,0.2601163562555323,2.2848102507503114,232.0,25.534290669607408,8.136398447884453,0.9510705299782495,Aggressive
36.405202051455674,2.1987818678504207,2.930638840235286,1650.0,169.37532287792104,76.95343927903608,8.931038515310151,1.086909060445012,0.24657457382898207,2.1631925969266135,175.0,22.516660498395403,6.22397072387464,0.7674361248252853,Aggressive
33.1492195937386,2.251123701841312,2.9310468176658535,1466.0,159.3172934743746,78.78531000830911,9.143641203266473,0.6685056627471779,0.24657457382898207,1.66169746277486,152.0,21.95449840010015,5.162110458720816,0.7634498088472604,Aggressive
32.40528540208542,2.270252133331678,2.917162448255657,1422.0,153.67498169838836,79.45477095517245,9.221337295305354,1.5608965648959832,0.40000309516234195,2.1833900709294665,374.0,41.7612260356422,14.278647206046369,1.6502238828560623,Aggressive
28.882600215802317,1.8485885926078294,2.9290151092144545,1558.0,163.682619724881,64.6972999428258,7.508619277310979,0.749162592504658,0.33335206892721414,1.2881422580605213,202.0,22.360679774997898,11.516522775996815,1.32492443875287,Aggressive
29.118855723829284,1.9231311947581369,2.929021509460213,1509.0,161.29786111415117,67.30615791648324,7.811397311171466,1.1826648458004287,0.2885170944182953,1.8644490440132864,264.0,29.79932885150268,8.337266423485499,1.030913029464921,Aggressive
33.65517598854727,2.044704959399569,2.9407670095962177,1639.0,172.11914478058506,71.56102259953818,8.30520708390957,0.9106573462934268,0.16567319235013886,2.0920737986493263,171.0,21.236760581595302,4.545068524100563,0.5740145570936793,Aggressive
29.741207131415457,2.044704959399569,2.9279548444690606,1450.0,157.20687007888682,71.56102259953818,8.30520708390957,1.754815563593759,0.490409433917362,2.0596134853904577,230.0,29.189039038652847,14.41281418366866,1.7522909234606632,Aggressive
25.76139065127483,1.6971381071687828,2.935421278494431,1513.0,162.9509128541476,59.39680337905884,6.893455882344071,1.3223091560346036,0.41119122898064986,1.750248893216789,321.0,36.72873534441391,14.390958800460353,1.6701814567781963,Aggressive
33.70038927316842,2.585587267457455,2.9318174647457234,1300.0,150.08664164408503,90.49093759421146,10.502169318384142,0.26472486125910755,0.1134336909074321,1.1054310201281874,102.0,11.916375287812984,3.3759475235987177,0.4226027213880544,Aggressive
43.41846621923173,3.3693772049364816,2.899058635604862,1285.0,142.83206922816737,117.92218588819408,13.685776670204419,2.553687666518712,0.454294136603165,2.4894263619803563,378.0,50.37856687124,13.89697013720117,1.6808765602495759,Aggressive
37.092647917867765,2.5934419227333394,2.917920996632914,1426.0,153.98051824825114,90.76583650377063,10.534073451222016,0.32095954676585897,0.12702250921692051,1.1800308969235302,47.0,7.14142842854285,1.760408757912992,0.3167603333194976,Aggressive
28.15938735363212,1.8134035605339647,2.9331687288155153,1548.0,164.01219466856725,63.46588664584689,7.36570429278761,0.48970246268044026,0.1479415074194236,1.7640216967801285,72.0,12.0,1.8023370034766921,0.3334360013133057,Aggressive
34.40183210797098,2.276415351283123,2.9344344254823715,1505.0,162.44691440590677,79.6704725785689,9.246371127768427,0.5511877182809819,0.19757313046367028,1.4856391345476851,77.0,10.723805294763608,3.15046791596846,0.5081435444564198,Aggressive
39.162606173077,2.2649809112821173,2.9410131619805897,1721.0,176.71728834497208,79.27028759561404,9.199926582475799,2.3535498160294566,0.5394140804431606,2.1604385573714904,369.0,41.84495190581536,18.583789803765043,2.137819598991081,Aggressive
36.49777929008379,2.174007107358747,2.94130853363929,1671.0,174.15223225672418,76.08636689908576,8.830408096534216,1.7404588297044021,0.3231486540775148,2.323116120502635,357.0,39.66106403010388,11.385988312538228,1.2751742661327157,Aggressive
32.2767089385639,1.9845071214336412,2.939464631264956,1622.0,170.6282508847817,69.45420575864387,8.060694784953013,1.4937879924734212,0.2676871103598472,2.4851738014359857,452.0,51.088159097779204,9.037789780684191,1.0488655712486068,Aggressive
28.7559087279336,1.737274213830919,2.9361525346867112,1649.0,170.72492495239234,60.80149544609918,7.05648120090583,1.0516508614421325,0.29837001607577807,1.8243203407398467,330.0,35.91656999213594,10.784674117059417,1.241258416385295,Aggressive
28.834697287896592,1.9025301523808,2.933078198837846,1510.0,162.09256614663116,66.58515821803701,7.727719750601347,1.0736656777059188,0.39156698196440143,1.3621235609962201,272.0,29.966648127543394,13.704145195508243,1.5904714553002335,Aggressive
32.828448190504496,1.8789296030886398,2.937692537349575,1738.0,176.83325479106017,65.75918113342439,7.631858756933604,0.6862386963770455,0.23184323875006035,1.754089973796873,128.0,20.0,3.6960428459475723,0.6255875352895364,Aggressive
30.70426363141375,2.0531609659100067,2.9327165069373424,1491.0,160.92544857790517,71.85696772854737,8.33955379239151,0.8460221195288781,0.14802563252905135,2.1554575833890377,325.0,39.331920878594275,6.201964575834948,0.6793991778584016,Aggressive
29.17978927718282,1.8251949000481607,2.9383437077868155,1591.0,168.79277235711248,63.87856247449163,7.41359849679582,1.0639407138805153,0.2179280352457036,2.092616927382907,271.0,30.24896692450835,7.317333040815411,0.8232348131361726,Aggressive
27.089376313454277,1.8300657270368677,2.934532502192975,1474.0,160.92855557669063,64.04903272185663,7.433382880173551,1.5216863402019343,0.25377595295294747,2.392907075334355,272.0,30.463092423455635,8.357573538115531,0.9582709598405867,Aggressive
33.35233309602642,2.471915868324422,2.9099804557831,1343.0,147.80730699123097,86.51264159366337,10.040457468477538,0.40953350913501935,0.19935729085483345,1.3302774547805623,38.0,7.615773105863909,1.5984704759385848,0.36791449180615804,Aggressive
43.41101929256834,2.6008444266183988,2.9417162387597093,1663.0,174.0373523126573,91.0249109220023,10.564141030127342,1.5867983321168384,0.339491178881311,2.0387447687389133,326.0,34.9857113690718,12.529966072602704,1.4339432003231694,Aggressive
36.32050863372261,2.257997009896468,2.9380069879567237,1603.0,168.92897915988246,79.02586351741445,9.171559288214212,1.6895860662652067,0.3938815182972257,1.9719654885950058,336.0,39.319206502675,12.723986955604168,1.534371557109976,Aggressive
38.7451981153536,2.3766746116956257,2.9389059889803595,1624.0,170.68098898237025,83.17936767231333,9.653605392045836,1.4480340480795708,0.2796389450731725,2.0263696715353516,251.0,28.30194339616981,10.412062293351298,1.1421777567080538,Aggressive
37.593316653355956,2.296865002180609,2.939157934100557,1630.0,170.76884961842427,80.3861738455416,9.329433764613183,0.4700850434536506,0.15072926856732818,1.4735745095344153,138.0,19.390719429665317,3.324754129756581,0.4958745654594305,Aggressive
34.55777401446844,2.115244959640494,2.94019620328166,1626.0,171.0555465338672,74.0297966533237,8.591727301414178,0.4818489032226173,0.22550738730711467,0.9673691417929471,88.0,9.695359714832659,6.249214331309,0.8076441113107606,Aggressive
36.362784788764735,2.2710947331271076,2.9365582746286045,1594.0,168.80758276807353,79.48426044348514,9.224759777242289,1.4287341632094621,0.3710192132035823,2.152359062532205,274.0,30.659419433511783,11.751246093499539,1.4088903920137223,Aggressive
37.02148911759701,2.323764975361596,2.9402966550177925,1586.0,169.1567320563979,81.32762487488563,9.438696397734253,1.2865323822076462,0.2717246098597968,2.265155521115287,235.0,29.068883707497267,6.663034041722615,0.8452987100146762,Aggressive
30.897865011461146,2.236913807572167,2.930669637758993,1378.0,154.2335890783846,78.28798908175847,9.085923284598948,0.676436688112564,0.20721750951472115,1.7114309763677351,95.0,11.704699910719626,4.731070607599586,0.6419552704543391,Aggressive
28.250864306633012,1.806405834982004,2.939456123062747,1559.0,167.2752223134078,63.22097874651051,7.3372808473617885,0.24228655346148373,0.20721750951472115,0.41347910151036515,61.0,7.810249675906654,3.895846540277655,0.609832371996459,Aggressive
35.37285343510717,2.300011348715644,2.9344253084683656,1533.0,164.41715238988905,80.49629035622183,9.342213632638192,0.4732300412895335,0.21750892698411126,1.1930181205156827,159.0,19.672315572906,5.648727821581293,0.7572324013616546,Aggressive
37.108951836158326,2.409397593466878,2.93231744354599,1535.0,163.06133815224257,84.32461360488276,9.786519991173648,0.6735179345594875,0.1927016291253871,1.938337177644283,192.0,25.768197453450252,4.0530060421336795,0.5861524608334662,Aggressive
33.34476225762841,2.175546647441153,2.9380029708958464,1527.0,165.1575005865613,76.14024805300164,8.836661418872767,1.612892457554297,0.33622783269480944,2.2083431896722523,307.0,36.207733980463345,11.348855076414162,1.2928679327306998,Aggressive
32.375122504186415,1.9684941849852002,2.939156380275483,1638.0,171.23083834403195,68.89378157528965,7.995653247975063,2.242253307516315,0.321628838720212,2.5251592845198623,693.0,75.9802605944465,11.25643506194606,1.3063958677505796,Aggressive
29.082347955061753,1.9610478483776896,2.930856365794687,1479.0,159.6527481755325,68.6331730900389,7.965407628792902,1.2320649983526535,0.2835859131425207,2.072102080802354,243.0,26.43860813280457,8.147402214281486,0.981844702453889,Aggressive
26.09204557477844,1.754389711836405,2.9377610426042082,1483.0,162.44075843211272,61.400507315240716,7.126001135616384,1.8618113233911522,0.3161503384696749,2.2446073748622566,351.0,38.535697735995385,12.007182889514501,1.329841446298109,Aggressive
30.46469150358376,2.2199105887711137,2.932219244631532,1370.0,154.25303886795876,77.6929067842888,9.0168594069052,0.7166518622625067,0.3033640804495309,1.563772976122752,149.0,18.24828759089466,8.278246756755944,1.0331483379100233,Aggressive
38.851532759685256,2.5049502310124723,2.9383338589272476,1545.0,166.05721905415615,87.66878530232593,10.174636838341149,0.038742563262972096,0.028168087558982827,0.5861631887961715,27.0,5.196152422706632,0.21150917717904738,0.05092852482720844,Aggressive
38.081106576344666,2.4583774576457524,2.9390343576790756,1543.0,166.40612969479218,86.03882139379326,9.98546698989701,1.1969173926802668,0.36518153751003535,2.1194936157455055,300.0,32.92415526630866,12.512932777404787,1.4500986155675,Aggressive
31.14503908206335,2.1285586433229033,2.9293894277974695,1459.0,158.38876222762775,74.49575180959219,8.645804981190796,0.5212147340813685,0.26562832110378704,1.5325902088224943,118.0,16.0,5.5952591631147595,0.8340667239237517,Aggressive
28.769738541922873,1.9315029075715529,2.9307174298544156,1485.0,159.9656213065795,67.59915291660964,7.845401634505653,0.6829419698865234,0.4674889661727736,1.0538311323475353,123.0,13.0,14.25633656858194,1.7409529103203911,Aggressive
31.94604583857168,1.9727513538595887,2.9345844176975038,1613.0,168.3478541591784,69.04277488438768,8.012945067477153,0.24949113574593595,0.1794110419159618,0.7125934298210383,70.0,8.366600265340756,3.507262622467196,0.5256305854050634,Aggressive
26.261935812203184,2.0172164476259757,2.923011374246538,1300.0,148.13507349712964,70.59897377033425,8.193553917686891,0.1641834698426728,0.09365838958612062,0.952730087732758,68.0,8.246211251235321,1.6652843699310762,0.2529870062224209,Aggressive
27.984328226705998,1.7769805912256382,2.934350527512752,1571.0,165.8221939307281,62.19114775609488,7.217761039984348,0.30275809306164125,0.17059467985075596,1.1870833140191992,42.0,8.0,1.6379454798168611,0.34754710475642464,Aggressive
31.12758910666808,1.8966243673800596,2.9400654095749905,1635.0,171.572142260916,66.37846628824869,7.703731562379512,1.5976626095511886,0.258567712453848,2.556352441593633,436.0,54.699177324709375,8.35783639821139,0.9838463256638513,Aggressive
21.543207190290538,1.5336828505746811,2.9324832202343685,1400.0,155.78189882011324,53.676161260315865,6.229531364174843,0.6961044306764756,0.3393148364671414,1.2518370955555582,185.0,22.02271554554524,11.555161595344543,1.338027575990794,Aggressive
25.96803707099223,1.8236715443555829,2.930682326014675,1418.0,156.46085772486356,63.82524774532125,7.407410912405638,1.1925097595566945,0.286016774777235,1.8049291647433499,298.0,32.526911934581186,10.221107311923092,1.1738117403999135,Aggressive
29.461368578867734,1.8497162736865869,2.939375849818149,1587.0,168.62087652482418,64.73676676702017,7.513199705817612,1.603633637873424,0.316800832929592,2.051470266333316,388.0,40.93897898091744,12.120242790742353,1.359160491956735,Aggressive
32.197595847867376,1.8850837173208064,2.9419017397998575,1701.0,176.0937250443638,65.97456414290147,7.656855611800718,2.39683193205184,0.4097081656752485,2.360106397723689,519.0,57.5065213693195,14.916831363331188,1.7017882767777779,Aggressive
30.647337906178812,1.8441372110555028,2.9383609804338384,1653.0,172.39779580957526,64.5415095367817,7.490538602428465,0.9582340575916763,0.3077743266777109,1.7242242880735446,258.0,29.5296461204668,9.74083044312217,1.1584548319448065,Aggressive
33.250204622882464,1.9172808750100367,2.941923243706053,1729.0,177.70481141488546,67.10140717149984,7.7876344123768515,1.8479250326248737,0.340071625279003,2.273943770700387,514.0,57.654141221598294,11.93228148691582,1.3760134029768822,Aggressive
31.55699493916968,1.9176770553860392,2.941207254781534,1640.0,172.43549518588102,67.1152727772491,7.789243622571289,1.4379086891933137,0.27527168863047363,2.0816151520031365,287.0,33.36165463522455,10.487644337644483,1.1493593200513859,Aggressive
33.25262587503571,2.1739288828079104,2.9340681757351947,1525.0,163.25133996387288,76.08362917948251,8.830090363117101,1.6067707121017867,0.4124313578512344,1.969617988216501,291.0,31.796226191169293,13.586518290066959,1.5864786042325287,Aggressive
28.452766929963115,1.7662682110333212,2.936927980544695,1604.0,168.30329765040256,61.816233577150285,7.174249365867371,1.5929588526699787,0.294880088431682,2.0287524020528345,370.0,42.118879377305376,9.299675093756779,1.0972211211302745,Aggressive
24.838572169018374,1.694144669400145,2.9369553877776897,1460.0,160.78557149197187,59.292038402172054,6.881297100977085,1.2642891300249308,0.19527191253497547,2.256851553701724,364.0,47.07440918375928,4.944330391257701,0.6681141975158188,Aggressive
24.475013285176008,1.4824796558431603,2.9388467975453256,1643.0,171.3505179449423,51.88414087199202,6.021553614794364,1.7982012765697823,0.40148506264968203,2.002262019732733,413.0,47.738873049120045,13.158369417142385,1.5732268647771552,Aggressive
30.72705437115862,2.1659809987031204,2.923621029654397,1414.0,154.45387661046257,75.80546742737896,8.797807552305814,0.9548338184412114,0.2666674938006717,1.9292486932178432,177.0,23.259406699226016,5.6106607046994315,0.8001423638370075,Aggressive
30.76694922925988,1.987160687015887,2.9356115567000187,1543.0,164.84234892769516,69.5470758158751,8.071473069404261,0.5666802254440103,0.08933260564235651,2.16217315956634,127.0,14.38749456993816,2.663586614107845,0.3245568848013669,Aggressive
32.160928426837685,2.0825771059470943,2.934195571440487,1540.0,164.39586369492392,72.88648010504366,8.459036622172993,0.571445010961864,0.27023564599560396,1.159336574452179,75.0,9.9498743710662,4.953207059340044,0.757182380684331,Aggressive
33.688562698888866,2.097048985026583,2.939763657902635,1601.0,169.57299313275095,73.39297003216214,8.517818673879733,0.3292090337185933,0.09882002982955279,1.4441748583237788,193.0,23.473389188611005,3.3586612470222246,0.4065030579614928,Aggressive
36.186513012713256,2.1228194226674777,2.9402276125967384,1700.0,175.64737401965337,74.29488933447635,8.622493346020923,2.1605914283029413,0.3445270529287866,2.3898826257529047,584.0,65.71149062378664,12.523680229379671,1.4496498925115713,Aggressive
29.74029557937586,1.8510432250651037,2.9405618781455622,1599.0,169.90291345353674,64.78320769589357,7.5185895328135315,0.8980132917401585,0.28750641299100405,1.7321952550389341,302.0,31.654383582688826,10.159193732521754,1.1732770551698797,Aggressive
27.092242467740412,1.656764292281045,2.9397407261181745,1628.0,170.95028517086482,57.983791948568935,6.7294650376656495,1.195738123858932,0.411002073924533,1.7122743518804466,239.0,31.448370387032774,11.893679878928445,1.515790838932946,Aggressive
24.919311116543057,1.740427135274322,2.935478708422626,1429.0,158.61588823317794,60.911842066832264,7.069287774972365,0.46118118453093615,0.18298290303356304,1.3261481993254685,73.0,10.344080432788601,3.440630987437084,0.534777433323191,Aggressive
21.29958483461235,1.581017470375084,2.929987105439201,1345.0,152.29904792873788,55.332788433691476,6.421795689584371,1.1251682836492611,0.17774598851869042,2.231168505962025,449.0,50.38849074937649,6.827892447962905,0.7597900614506767,Aggressive
30.195127341178633,2.3859437152075356,2.8959474496143467,1263.0,140.82258341615523,83.50376974452627,9.691254747662995,0.3816377745111139,0.3542202380304131,0.25837721103726824,36.0,6.0,4.146353034058002,0.829861239005041,Aggressive
38.92507681870064,2.493601939169823,2.9384210978848895,1556.0,166.69733051251902,87.27161535108932,10.128542210669528,1.0582729742801642,0.3531678312230961,1.6092561047995104,174.0,23.108440016582687,7.306080562899811,1.096304117796356,Aggressive
32.96616335518863,2.2674636978341973,2.9363149560879322,1450.0,160.11246047700348,79.35718069172867,9.210011194617703,1.513978524546262,0.3429905474194735,1.9722949877575067,341.0,39.05124837953327,12.101465861002602,1.420663851556947,Aggressive
34.68575376290874,2.040244642715358,2.9415586013259216,1691.0,175.50213673912918,71.40491947983251,8.287090116201396,0.333916330935078,0.08987967173602791,1.6129030217196267,147.0,17.578395831246947,2.6691389083862305,0.3303914348788093,Aggressive
37.033753007576706,2.3294741874608818,2.9382265848378526,1584.0,168.05951326836575,81.5274371041192,9.461886143791531,1.2134135006000366,0.35924759841448956,1.6690232265511042,241.0,28.053520278211074,12.697836548391017,1.5140057425635678,Aggressive
28.596144860919477,1.7907418744392332,2.9370112224734815,1590.0,167.69019053003666,62.67276809673116,7.273656784895534,1.3405454230356915,0.5200265301281494,1.274953815263952,255.0,26.851443164195103,18.20000000674315,2.1122499859879444,Aggressive
27.907807082899193,1.6872947949927604,2.9388620041375733,1650.0,171.69740825067802,59.05230502889614,6.853474199100422,2.0789044295678547,0.3949363696217563,2.2891121370482717,445.0,49.86983055916673,14.452836400330666,1.6415920933940302,Aggressive
27.164648308964914,1.6772351851901803,2.9355921290869635,1613.0,169.3782748760891,58.70023664802013,6.812613955567638,0.9801404721610927,0.2585899659898618,1.7308911602559527,321.0,37.05401462729781,9.675331012167112,1.0975216915352601,Aggressive
24.888391935594374,1.6961747987992177,2.9248790845438144,1462.0,157.40393895960798,59.36308930618595,6.889543104875556,0.4013040840821762,0.17802339907558912,1.4548075204588862,66.0,11.916375287812984,2.0499138001239654,0.4063762871434663,Aggressive
24.61261330467001,1.708362318689416,2.925359059246943,1437.0,156.09932735281083,59.789630740579945,6.939046519078203,0.3682832083856491,0.16509358888941705,1.371360901272719,64.0,11.74734012447073,1.7525241507424243,0.36216865139266247,Aggressive
29.976764013281507,2.0294402138058936,2.9171955377916823,1472.0,156.18578680533003,71.02678376014786,8.243204557503072,1.6554671808712738,0.3741616822285545,2.0702942645717486,332.0,36.4417343165772,12.933740615844727,1.4642768066605807,Aggressive
34.14325065564452,2.113805897644938,2.939561052516017,1609.0,169.92056967889437,73.97943205303616,8.585882102171746,1.0419466338661962,0.17615612509916245,2.3073956093616244,395.0,43.669211121796096,6.7594345025341935,0.75401881456603,Aggressive
33.352802864799926,2.345906737933097,2.921175135736241,1418.0,153.850576859497,82.10254702905212,9.528632074034993,0.28430021793108334,0.1939562565118594,0.8096751838006573,61.0,7.937253933193772,3.1365843541694405,0.5136498656575829,Aggressive
36.005850630865005,2.2731557140192904,2.9358665977226908,1576.0,166.8292540293818,79.55639109467015,9.233131094104836,0.42877185960630204,0.16168256014573337,1.4590078126877948,87.0,12.36931687685298,2.5253545226472784,0.42085492885371983,Aggressive
30.431409401720163,1.9053211166891915,2.941183078833682,1592.0,170.04117148502596,66.68283698534722,7.739056122843432,1.891244743636129,0.44544869321248665,1.7641293405981213,278.0,30.495901363953813,16.005284656177867,1.8356457280453025,Aggressive
21.775837142114902,1.443368391949415,2.9240887519268983,1502.0,159.968746947646,50.51531647190903,5.862691014858979,0.117182147320294,0.11666542695755043,0.028317128151084513,101.0,10.14889156509222,4.083081628337052,0.47387302796962477,Aggressive
24.05542379086738,1.7828695174869744,2.9184523705716976,1346.0,149.873279806642,62.397249660106624,7.241680751176633,0.37969842942373366,0.171767036588935,1.3113975945509961,57.0,9.746794344808963,1.7762196208491456,0.3630784727091917,Aggressive
24.461176390516183,1.518857106555095,2.940790124329056,1605.0,170.4200692406854,53.15728669214731,6.169311979617839,0.40764389732888195,0.13274234232203097,1.3588296009027048,277.0,30.577769702841312,4.933073474903301,0.5651529796355781,Aggressive
24.382389516427132,1.6265227483627203,2.9393596966585043,1494.0,163.87190119114382,56.925391910052056,6.606629572517373,0.429897517636331,0.160474125705229,1.5209041147218152,96.0,11.832159566199232,3.244909980080346,0.4456169385472025,Aggressive
29.60020763141426,1.705759329325383,2.942808053598182,1728.0,178.22457742971366,59.698530760678366,6.928473665715605,1.2974927544566013,0.5876354699362328,1.506856078777146,179.0,19.82422760159901,19.165420469611586,2.2291852136850334,Aggressive
30.01361418304634,1.7254650040529547,2.9422309742864465,1733.0,178.2442144923644,60.38819419013129,7.008514411246297,0.9297888123568858,0.28655153399114125,1.7123110398864618,271.0,30.14962686336267,9.075970623228287,1.0875214283212598,Aggressive
32.98719893157411,2.0339942650811924,2.940144988284762,1618.0,171.0555465338672,71.18616742317123,8.261702257495548,0.2867255161817942,0.26468962649375244,0.3089762909919438,63.0,8.426149773176359,5.346566154499246,0.8167495242150968,Aggressive
37.28064165972079,2.2929217430339297,2.9405009914495706,1620.0,171.09646401956996,80.24816681640316,9.31341698740132,0.7406558411886132,0.25615994729211766,1.6932646517288823,227.0,24.55605831561735,8.482928124341097,0.9767236039653258,Aggressive
34.55620859622105,2.3194044624146586,2.933276571571745,1484.0,161.28856128070584,81.17501470777722,9.420984814041017,0.9049713992545191,0.19163008764884615,1.9652549887712736,163.0,23.2163735324878,4.980437789300477,0.6733472770417929,Aggressive
29.27533601416962,1.9295901149987345,2.9336090538242807,1514.0,162.50538452617502,67.53220859200064,7.8376322307328525,0.7940838837593271,0.2337577171968192,1.9211916114929475,157.0,21.79449471770337,5.0681171730311245,0.7277189967408277,Aggressive
28.76537423575957,1.6764588402406095,2.941060472090605,1708.0,176.35759127409287,58.67306596100933,6.809460588356838,1.583918859426574,0.35168139616981386,2.092824017465159,386.0,42.89522117905443,11.678155085053103,1.358979144688284,Aggressive
23.10662135503547,1.5210089560526672,2.939819081457524,1516.0,165.20290554345587,53.232597582268,6.178052387669665,0.885789441266544,0.2585523710009901,2.0599563282669813,295.0,34.07345007480164,8.242384785353536,0.9916692586404713,Aggressive
22.471767422013333,1.4549436024244469,2.9409880595552003,1539.0,167.11373372646545,50.920428170098205,5.909707343348352,0.8828166554536766,0.21891873906680065,1.9498366402097753,401.0,44.30575583375144,7.661764970933547,0.8892067553022667,Aggressive
27.577934489197645,1.7130456764959465,2.9409813117279775,1605.0,170.46700560519037,59.95353990130954,6.958069437887332,1.4714044755788616,0.4576055301969689,1.8198620345607694,291.0,31.448370387032774,15.843849266418303,1.8267447368300618,Aggressive
33.03665901694492,1.989288765690899,2.939516255948357,1656.0,172.4934781375806,69.62155476965086,8.080116924844422,1.7922686018796918,0.5919160724583932,1.8557417651021504,284.0,36.98648401781386,20.356064319610596,2.3616072233959544,Aggressive
40.08709982397438,2.4252935302638527,2.9410798316195232,1647.0,172.75705484870943,84.88094300934765,9.85108629756652,1.177079208260977,0.33185062959586203,1.6939294074794335,276.0,28.460498941515414,12.56994706211668,1.4431473789005367,Aggressive
35.92006678986727,2.2966008257341426,2.930896088745926,1559.0,164.30763828866873,80.37692814162281,9.328360729560126,1.0990711236387096,0.38042706414078997,1.5222722860802678,224.0,23.2379000772445,12.69381360815029,1.4730180500993364,Aggressive
37.41330147851344,2.3029714061802613,2.929169381068103,1617.0,167.1017654006085,80.59988708207104,9.354236829486668,1.2941968709030494,0.3930770192528497,1.7000597631635166,278.0,28.809720581775867,12.841003100077312,1.503203777688466,Aggressive
30.194148607062512,2.0704501089313574,2.9196360077327728,1454.0,155.49276510500417,72.46205686318754,8.409779040506434,0.0874090234763193,0.0874090234763193,-0.0,100.0,10.0,3.059159746073713,0.35503901804313215,Aggressive
30.20554073162761,2.505575015894798,2.9138798005645348,1203.0,140.24621207005913,87.6906516576054,10.177174597056291,0.4171249994888016,0.24394174449620354,1.166407974974675,32.0,6.324555320336759,1.7740257099421335,0.43161287857183933,Aggressive
42.93155354074792,2.9393781976889364,2.9293505686771972,1458.0,158.3729774930054,102.87298843114063,11.93920155448939,1.086816168790894,0.24577074913418231,1.8600298237443527,179.0,19.157244060668017,8.848433241699679,0.9825231294468625,Aggressive
44.85799258876459,2.62663846649446,2.9381882232789938,1699.0,174.4906874305904,91.92765626040374,10.668911570109902,0.9227877150570443,0.22490957640783615,1.6412498295446296,148.0,21.817424229271428,4.926500033850622,0.7484845953542778,Aggressive
44.11298702422226,2.6642337925409656,2.9415569024648884,1650.0,173.23971830963015,93.243425542658,10.821616715548107,2.5271654976877764,0.43498093332892696,2.468823816865626,317.0,37.376463182061514,15.477949836037377,1.7525130751375606,Aggressive
36.43355162334434,2.8690674763039103,2.9206357732130437,1267.0,145.7360627984714,100.41223872791636,11.653612624586671,0.972706105258559,0.40991687686907446,1.2790295186568015,212.0,22.67156809750927,13.271935330496895,1.5824244948422517,Aggressive
28.355785092784515,1.8089540334429726,2.940326818861469,1559.0,167.7110610544218,63.310161142638236,7.347631150378347,1.4325651431517084,0.3175813925640138,1.8907922346747004,314.0,38.36665218650175,8.355669211859656,1.101747806882073,Aggressive
25.633685025937247,1.8138472825550875,2.93138000302677,1409.0,156.34257257701756,63.48141612428607,7.367506608205379,0.11990289497906625,0.0395914007919815,1.5140898790869413,55.0,7.681145747868608,0.5350778102874756,0.08960757935486668,Aggressive
25.759538465870172,1.59003959335472,2.9324809678784165,1613.0,167.78855741676784,55.648546628277714,6.458441856718617,0.438254057584283,0.19679240224185449,1.5503556132928478,69.0,11.532562594670797,2.233993503782484,0.4453220519976276,Aggressive
29.647505161987976,2.0173031015465144,2.936274082215849,1467.0,161.2234474262351,70.60200650282579,8.193905889618781,0.8785991046168885,0.28799784524464106,1.5557420490360234,181.0,22.11334438749598,7.391632385928223,0.9513875483362116,Aggressive
29.02829976376205,1.6338257856852938,2.9408098041347936,1767.0,179.52437160452615,57.180985176202014,6.636293136948354,1.3700531060277445,0.4684006867997612,1.9971936709095721,290.0,35.185224171518364,16.391319802313138,1.902306572034247,Aggressive
33.511680636470956,2.0352821041842915,2.9400814519001583,1641.0,171.9214937115194,71.23123949224296,8.26693321778291,1.6829560298196549,0.42872971275779115,1.9122782565619854,285.0,32.01562118716424,16.303142798067352,1.820744143977969,Aggressive
35.759521098813266,2.1357391176100076,2.9401226007928125,1668.0,173.63755354185338,74.74705558834651,8.674970717616945,1.6719253566273837,0.2557142022222665,2.4382836749595973,329.0,39.30648801406709,8.18308486360492,0.9707429724325515,Aggressive
34.054723560570906,2.04952925626752,2.9401369014828456,1654.0,172.49927536079682,71.72986437575985,8.324802470685741,1.5441956232924505,0.32735946141854116,2.3364414390800405,243.0,32.109188716004645,10.55358338356018,1.1828342987080531,Aggressive
34.52708537678111,1.9530190423237583,2.9428676186000398,1760.0,180.0,68.35217921420782,7.932796128239772,1.5013300867207486,0.284322134292309,2.3276708652413864,327.0,39.93745109543172,9.26329068222431,1.0617986568735989,Aggressive
37.96735509819946,2.1034349069255596,2.9439832549914833,1797.0,183.20753259623362,73.61646589606698,8.543757087903167,1.9823532488873405,0.3984928892864996,2.1741245543318364,434.0,48.08326112068523,14.529904986872817,1.6520180532790927,Aggressive
35.249898771121124,2.277877003989481,2.9382764668773405,1541.0,165.81013238038258,79.72162781339703,9.252308086230455,3.2009176001375903,0.40571736488344895,2.524957859666658,434.0,53.47896782848375,16.437303721302683,1.7937020020693766,Aggressive
26.94908530197655,1.7022722676669857,2.94021960697658,1576.0,168.6594201341864,59.576489829053784,6.91430987692338,1.0307045520817943,0.2783920727068262,1.905160663832207,219.0,23.2163735324878,8.812219005642518,0.9996517985530023,Aggressive
27.421936611685364,1.7989062247579755,2.9394053439701713,1518.0,165.2331685830663,62.9585057798058,7.306818840766249,0.6513065453942464,0.19210938161011204,1.7519099104910079,238.0,28.460498941515414,5.753149964592676,0.7043805366519627,Aggressive
37.68204015274363,2.1641841942574036,2.942099202836972,1735.0,178.16004041310723,75.7425824801127,8.790509270496322,1.1961420592550602,0.17001044023669795,2.4000099805858652,241.0,29.206163733020468,5.316416709109989,0.6426821063536654,Aggressive
38.8900667803418,2.4361264504429108,2.940733161674771,1591.0,169.69678841981658,85.26007587259468,9.895087582444784,2.2932275605667245,0.38148208405271467,2.2888031302074787,442.0,50.47771785649585,11.638928779447923,1.434985246451343,Aggressive
37.861844509049895,2.4372017008421207,2.9381902802082105,1546.0,166.36105313444008,85.29770771662393,9.899455047389514,1.5495310771391415,0.3456833938645315,2.0576820206456374,281.0,37.69615364994153,8.656993699796272,1.1428484803762808,Aggressive
34.04043982502317,1.963982280558412,2.941306496063399,1728.0,177.31892172015935,68.7358729767077,7.977326740556463,1.7502218942808596,0.3070935707805629,2.2129227903499245,284.0,39.4715087119811,7.839214987225002,1.0969971775279765,Aggressive
37.21287711374801,2.2299536770090778,2.9393212992889146,1661.0,172.54274832632058,78.04439693990382,9.057652542949025,0.9617025746367288,0.42131641927951297,1.6773353166390712,216.0,25.80697580112788,14.548694133758545,1.6865201017890215,Aggressive
36.90028346353047,2.5275766823418486,2.916262072964483,1453.0,154.92256130079957,88.46067069756866,10.266541229241467,0.15045211089152055,0.11991233587313269,0.5045150734256766,125.0,13.228756555322953,4.196717642774486,0.48706136147590323,Aggressive
24.841085554182474,2.002812172091499,2.9125342246889048,1240.0,143.1153381018261,70.0948498465798,8.135046458868649,0.24535324245283338,0.10680399163666847,1.2549107578413026,55.0,8.306623862918075,1.509499170563437,0.2615169393098208,Aggressive
22.98202760011084,1.9893435565939634,2.918952977285633,1156.0,138.8668426947196,69.62347235342469,8.08033947519046,0.2130685879060945,0.2130685879060945,-0.0,100.0,10.0,7.45702012620791,0.865444541277948,Aggressive
29.335186562103818,2.225949220638361,2.8955222114232617,1315.0,143.57228144736015,77.90424811719643,9.041387194119894,0.034729340347764766,0.034729340347764766,-0.0,100.0,10.0,1.2154649002383446,0.141064050414619,Aggressive
28.976425675495932,2.031766551256301,2.932604050509875,1423.0,157.3944090493687,71.10820141705601,8.252653702810745,1.0375352075262578,0.27071123103420086,1.7908024916695449,280.0,32.61901286060018,9.515118584488375,1.0850498436705502,Aggressive
24.169679429614472,1.392389839920457,2.9424778746004154,1728.0,177.99438193381272,48.73115817705791,5.655625721897259,0.9073475542798662,0.19665500351570897,2.321709812087164,295.0,32.32645975048923,6.198476314544678,0.7086331284692612,Aggressive
23.946221306375655,1.5334442994121094,2.9378350327075737,1554.0,166.10839834276894,53.667812395577485,6.228562414206705,1.6362182936878633,0.3543250150958112,2.312528110458162,438.0,51.65268628057983,12.197078577195754,1.4181787442148008,Aggressive
29.551912737817386,2.0734776013535923,2.932469893742419,1421.0,157.76247969653622,72.56801369214301,8.422076145473111,0.722042275599656,0.21020268650105076,1.9955837613731369,147.0,19.261360284258224,3.8713537057240806,0.5933577817851827,Aggressive
37.42559917026564,2.4578480932284554,2.9360039530917006,1518.0,163.51146748775756,86.02029458440916,9.983316811169123,0.931936447169607,0.4195133771002169,1.2229484310105805,158.0,19.544820285692065,12.390043764403373,1.5750858227309363,Aggressive
39.45926873602591,2.5803457167892465,2.9314443635701295,1523.0,162.13882940245992,90.30749268001982,10.480879125126597,0.09736714366768526,0.09736714366768526,-0.0,100.0,10.0,3.4076761717748156,0.3954870298580208,Aggressive
39.792824795699914,2.813273478245189,2.9343608382174584,1409.0,156.91717560547667,98.45954842037627,11.426987895289294,0.4780450658508121,0.2317962028671222,0.9672026027965859,185.0,19.570385790780925,8.561012347539265,0.9781123738629972,Aggressive
45.19677637494049,2.708584415466797,2.943185300744447,1663.0,175.45084781784328,94.79561815358173,11.001760606727196,1.9814561953636347,0.36691630179474377,2.18862488168881,407.0,46.87216658103186,14.336197874762796,1.620557602829034,Aggressive
37.78043449940323,2.3565513459930085,2.939559811203236,1598.0,169.3103658964802,82.47508930437493,9.571868470493177,0.7703695379761875,0.18587383966662227,1.8615955607934327,287.0,31.575306807693888,6.871259226943506,0.7717273105802642,Aggressive
34.81798831999991,2.051370904960052,2.940085118920879,1692.0,174.79130413152708,71.79431879159176,8.332282901393837,1.6409472543844825,0.4125544266488862,2.1070821115823186,290.0,36.41428291206625,12.145689610278968,1.5316009372132509,Aggressive
37.229116463066646,2.304406084903572,2.9402428397512397,1608.0,170.182255244194,80.65009827565665,9.360064224701416,1.0467958816684657,0.2928032603244592,2.0419017970508553,187.0,22.20360331117452,7.1421866416931135,0.9244715170228794,Aggressive
37.117591687221974,2.3382619739627972,2.9365128238062193,1583.0,167.39474304768356,81.8349939404112,9.497580480215023,0.9865275741718276,0.33609515441569715,1.5542540614182214,227.0,24.392621835300936,10.46473969112743,1.2980889045992654,Aggressive
35.262158615003365,2.1474871301639338,2.9383776739164653,1636.0,170.7629936490925,75.1582150507455,8.722688935659212,1.745050138793785,0.3875134666620177,1.815637903982767,440.0,46.69047011971501,13.69129069646199,1.586707391335653,Aggressive
36.81869264390368,2.2917954106543243,2.93824767639234,1598.0,168.9260193102294,80.2087471942709,9.308842037057053,1.250366508675236,0.4218682058202176,1.716113051965572,295.0,33.80828300875393,14.764633925274165,1.7135493291331185,Aggressive
46.224002294733594,2.755548143000304,2.940653873474325,1671.0,173.76708549089497,96.43926475987291,11.192518437486612,1.5753077525136163,0.42959709490014536,1.7542294269618885,218.0,24.779023386727733,14.05118430744518,1.5774068014334997,Aggressive
35.43217504009255,2.37734103766428,2.924424526397733,1486.0,158.84583721331825,83.20269139126094,9.656312289023967,0.9946708510663145,0.40900431330511655,1.399658316001123,242.0,27.640549922170507,14.31442065672441,1.661298616504906,Aggressive
27.88227469065869,1.9141706061773267,2.9349612555096876,1451.0,159.67780058605516,66.99255331598147,7.775001085195081,1.1731084693690685,0.27003536417148016,1.7707061694912294,264.0,29.257477676655586,9.968441999319829,1.1070063268338375,Aggressive
30.11421036536584,1.9703252126719075,2.9347642240745957,1524.0,163.67040050051813,68.95786427488231,8.003090538154543,0.5073030709122867,0.25119302548880584,1.2372263991409054,144.0,16.3707055437449,6.7332942798884226,0.8697843643960133,Aggressive
31.899350586463186,1.9016219720890872,2.9420924900965404,1672.0,174.72836060582725,66.55337352945347,7.724030893019462,0.9480552565015073,0.25514420824300516,1.8527836878618003,197.0,23.895606290697042,7.200272646817293,0.8788351613456058,Aggressive
29.708380805571654,1.7489072497821079,2.9421485254936686,1692.0,175.874955579241,61.208630932701965,7.103732405606562,2.0341186825779967,0.3443141270501096,2.327966701342255,486.0,55.04543577809154,12.889216129225916,1.4578591240261116,Aggressive
33.33681091748204,2.0630465935219338,2.9374885194094906,1610.0,168.95561547341362,72.20294704340927,8.379707352979333,1.1932732075706207,0.27667332422455193,2.1550420878065815,179.0,23.08679276123039,6.329005173962527,0.844122277898797,Aggressive
37.98134279428326,2.316345444149738,2.9401235229002403,1631.0,171.37386031714405,81.06795453061962,9.408559657029079,1.3060451929564318,0.40440996964264103,1.9258317903182456,258.0,33.67491648096547,11.347050775181163,1.4659725678040472,Aggressive
37.179727521576126,2.387097190157582,2.92092777131936,1552.0,161.77762515255316,83.5441393081588,9.69593994602484,1.7888444233192728,0.43559712025415626,2.147675313276397,253.0,29.410882339705484,11.398179877888072,1.4392183530906684,Aggressive
31.57454084079216,2.0916978525522456,2.9272970250114048,1505.0,160.18426889054993,73.20568995042282,8.496083379930111,1.5344922386534843,0.6123566196366007,1.722505908248097,178.0,21.354156504062622,15.823434702073687,2.1057954974479136,Aggressive
30.650526736737145,1.897117991269819,2.938422471586974,1610.0,169.62900695340994,66.39574224298651,7.70573656980475,1.6479952189798683,0.3186751875765685,2.393643280465906,391.0,45.28796749689701,10.596210771136814,1.2130535709932824,Aggressive
28.58495335535329,1.8186525290475115,2.9369572954982694,1565.0,166.35804759614126,63.64959117138024,7.387024615938158,1.6346255642826366,0.24516383451562543,2.3881075237113456,264.0,32.61901286060018,8.511624981658628,0.9535306025614548,Aggressive
25.772046133221657,1.4900595136667534,2.9427162133117863,1721.0,177.74419821755083,52.149422361393164,6.052341572050564,1.3073817538164092,0.20695704199092382,2.2184343859201237,254.0,31.144823004794873,6.6737845160744405,0.7881828971099087,Aggressive
24.284169910601467,1.4044209950026798,2.9403758605833734,1722.0,176.737092880923,49.152227122374256,5.704494011650825,1.9515292355225953,0.29127046373781496,2.156648440963404,547.0,61.652250567193406,11.59395537231908,1.3200356110055615,Aggressive
25.07252131720113,1.5482665030964207,2.9409903789040603,1612.0,170.92103439892938,54.18656305833297,6.288767418587502,0.8073750610246316,0.2671929807079055,1.3659148760571267,283.0,29.748949561287034,9.077150633840848,1.067308552799026,Aggressive
22.743596218882647,1.4368182659286397,2.940226114955365,1577.0,168.65052623694953,50.28607375694044,5.8360856345677234,0.6609374374537738,0.21240898972689903,1.7796884656716543,149.0,16.822603841260722,5.739331324895222,0.6945420905517449,Aggressive
23.99560190279017,1.603464038955016,2.936313801534103,1493.0,162.6376340211576,56.118378253898236,6.512969430579383,0.35351899876488885,0.12903881444968168,1.5911842953776993,90.0,12.0,2.31593250505852,0.34852787856513967,Aggressive
28.529456239695477,2.0981215380274882,2.9318072124223886,1358.0,153.72052563011877,73.43050747206715,8.522175182499735,0.47073949971732776,0.1732461380905763,1.4692425419447455,108.0,12.649110640673518,4.219153816049751,0.5370892777176959,Aggressive
34.29706608504721,2.2314111150305846,2.938746481863193,1532.0,165.46903033498444,78.09540466828778,9.063572382153666,0.5523341125604782,0.22697392904789976,1.5217608797098752,94.0,11.575836902790225,4.246832158830431,0.619603960685374,Aggressive
36.950577719327,2.490035304261437,2.937817341568576,1477.0,162.2004932174992,87.14678949779936,10.114055210297824,2.4658296948120544,0.30701517764233266,2.5641397984244,386.0,42.988370520409354,11.376958456906404,1.256161534629486,Aggressive
39.969174121952655,2.4385780483270927,2.9418581719861137,1634.0,172.57462154094384,85.34587742102265,9.905045512082017,1.6668648688203778,0.3512179494235881,2.1931476480830563,351.0,44.77722635447622,11.749095006422563,1.341901705794124,Aggressive
42.646572904094484,2.7462261030466646,2.939652422575007,1548.0,166.78129391511507,96.11301000672157,11.154654063996663,2.4850462975095056,0.39632350669994687,2.4424445413675637,369.0,43.116122274620196,13.944259344929392,1.59690464750066,Aggressive
37.1811009187817,2.3416175374538404,2.9329723260001015,1582.0,166.667333332,81.9524326709786,9.511210148176756,0.6257308261934716,0.20346509129809923,1.6466543510640472,143.0,16.401219466856727,5.834290092641664,0.6983872033125147,Aggressive
33.05560419393796,2.2674994383617344,2.9277537467584436,1453.0,157.5277753286702,79.35843154637502,9.21015636592035,1.4902582782043308,0.2462942129926876,2.3986451228969896,174.0,24.413111231467404,4.653376514261419,0.669876428006889,Aggressive
25.644595749198654,1.8856983869594894,2.9179396517719147,1358.0,149.89329538041386,65.99607648271501,7.659352284298128,0.7992881766134523,0.30287551418159264,1.7015000686515456,145.0,15.716233645501712,8.13217702297249,0.9863030615005522,Aggressive
27.941689355885586,2.1324194632338953,2.9113768132435784,1307.0,145.67429423202984,74.63087361268325,8.661486905728157,0.6844354856103555,0.22796556009966407,1.7481902174589916,98.0,11.224972160321824,4.669441001583833,0.6301130340703037,Aggressive
33.331770575868624,2.1567734295900363,2.936040425343367,1542.0,164.69972677572966,75.4832189492505,8.760408137846513,1.0376727748397976,0.21007085115890867,2.3007669550172367,236.0,27.748873851023216,5.412228049653952,0.6683720965842688,Aggressive
32.375430850530115,2.2528164878649033,2.924426389071833,1433.0,155.45738966031817,78.84455449653396,9.150516981803637,0.9651105688073197,0.2460357685176188,2.036024609615622,123.0,20.42057785666214,3.186812179257173,0.5782886152467991,Aggressive
28.944670553953884,1.707848295724977,2.941655782983823,1688.0,175.37958832201653,59.77164085465249,6.936958654447207,0.7130053169293441,0.13640574639459788,2.0580323567973413,174.0,23.57965224510319,3.36478242007169,0.4598898761026597,Aggressive
26.74821392773581,2.08944080452079,2.9223833389079736,1277.0,146.2292720353897,73.12669729945635,8.486915675213888,0.5588466435923815,0.17885959255004524,1.5509624243125464,310.0,34.322004603461025,6.259766371563228,0.726494034380405,Aggressive
36.71563053377151,2.520884437147895,2.9310923503651,1453.0,158.47081750278187,88.22645406530361,10.239358587591099,0.3772110910120147,0.18792993152437773,1.4563567655777199,93.0,13.228756555322953,3.324781836885396,0.5237091102185147,Aggressive
37.953064450568576,2.1840641883504164,2.9411376559191265,1730.0,177.23430819116257,76.43834677609532,8.871258068512565,3.334116308535297,0.5800122851523704,2.278224786126169,534.0,56.568542494923804,21.257197495662805,2.4490068049359257,Aggressive
38.97908497049426,2.2602715910169042,2.941178015243345,1716.0,176.4936259472279,79.10546979518851,9.180798209041164,4.1271124664282555,0.6163860269416361,2.58286114055229,629.0,76.79192665899195,21.889688022208937,2.520081079475,Aggressive
30.193776113215375,2.04448360415119,2.932240126717059,1473.0,159.91560274094581,71.55327556109185,8.304307980511572,0.8694685799428824,0.22580426970802542,1.8489784416459871,252.0,27.820855486487112,7.686887225719414,0.8843829456932946,Aggressive
31.66419595411932,1.9374973695415603,2.941290652037073,1629.0,172.03778654702577,67.80894838198267,7.869750011902924,1.7758237445277112,0.26855128934171457,2.464123727624478,361.0,44.844174649557324,9.205677694744537,1.0523595091704427,Aggressive
36.57515845943258,2.8961995943264958,2.9101159614595176,1263.0,143.21661914736012,101.36181441220369,11.76381818640465,1.2452075658301087,0.38024616986698123,1.7117812103844576,81.0,12.68857754044952,4.805566997239085,0.8715852743452349,Aggressive
46.65678670290553,3.1337200135709735,2.9328205933249274,1483.0,160.7575814697397,109.67460497461184,12.728581468957495,1.350455664407149,0.34828065125716684,1.6742727666564745,129.0,15.7797338380595,9.35491104559465,1.189697439918745,Aggressive
43.76987593681604,2.6378163164817314,2.9410756013699006,1652.0,173.08957218735046,92.31886105103925,10.71431389501277,1.4502615933170686,0.34432019619629517,1.9200885127141396,317.0,33.926390907374746,13.412079594352031,1.5026643235446262,Aggressive
34.28349083802294,2.235341055773134,2.9278266351308164,1529.0,161.8981161101018,78.23294557706272,9.07953506251218,0.5460503546222919,0.234155414859368,1.4547831224926584,107.0,13.228756555322953,5.376985636624424,0.7270940813860889,Aggressive
32.86231470056954,1.9247162534369346,2.942994430055096,1701.0,176.9773996870787,67.36163213999586,7.817835521489804,1.977383966860512,0.5330524351289263,1.8715625562681995,279.0,30.773365106858236,17.699706120924514,2.113166450671552,Aggressive
28.340683876963062,1.7084184582916324,2.936905408304748,1651.0,170.9473603189005,59.79159552641589,6.939274547586606,1.755109411421577,0.3895215111124707,1.8554562642766608,380.0,39.57271787481876,12.864555830907339,1.4987107199873684,Aggressive
25.77491068592755,1.4657146510298908,2.943296582733246,1748.0,179.83881672208588,51.29739563874525,5.953457317528166,1.4712576359586496,0.39803972637131046,1.979063691302058,368.0,41.08527716834828,13.93067969216241,1.6167625260258522,Aggressive
29.230576229638444,1.8783122360516522,2.9385837969115602,1549.0,166.29792542301902,65.73757438948658,7.629351128111464,0.9195592664611097,0.20303772225419878,2.253563858443719,203.0,29.103264421710495,4.228307565053305,0.5950617036418553,Aggressive
30.62753040466524,1.8848718029664937,2.939071164075858,1617.0,170.19694474343538,65.96714751889007,7.655994855539268,1.3735942842396298,0.3290594967000766,2.0873084246390623,333.0,36.864617182333525,11.38358034509601,1.2933723728300164,Aggressive
29.08384155507928,2.0169679498071558,2.931728494011115,1437.0,157.6356558650358,70.59027679038772,8.192544566271316,1.2307405757850471,0.3369832728075187,2.0494137074767464,295.0,31.32091952673165,11.013709128505049,1.2864004500791797,Aggressive
27.609450469521242,1.9286606926953722,2.923639353526906,1427.0,155.38661461013945,67.49968047093863,7.833857092093734,0.933159042951211,0.18482286585215463,1.9868480860386881,203.0,26.589471600616662,5.189075195428096,0.6875527461735655,Aggressive
25.452630678397846,1.697201664616337,2.9329017363844976,1496.0,161.28856128070584,59.39902777623648,6.8937140407454764,0.07279199065055912,0.06592980936340939,0.312309778391753,62.0,7.874007874011811,1.311640535942232,0.200951735210376,Aggressive
28.056054492145112,2.117212374528983,2.9226271431450224,1321.0,149.00671125825173,74.09865266144878,8.599718570762722,0.10287303936975441,0.07842483266034309,0.7113347767123102,34.0,5.830951894845301,0.7274034288194446,0.1606769816857707,Aggressive
29.981765242619506,1.8634225974097236,2.938802309090015,1604.0,169.2158385021922,65.21646362362483,7.568872215612463,0.4122410226833592,0.20460609078098616,1.0387780648599463,106.0,12.328828005937952,4.983528907852945,0.6559143028817533,Aggressive
29.17904310937678,1.800911908984912,2.941394962509357,1615.0,171.262955714305,63.02870114644368,7.314965552971873,0.989225815413495,0.2563775936178279,1.9422831343581273,258.0,28.495613697550013,7.860312016323359,0.9448285814838819,Aggressive
26.445427343404578,1.6759604959038168,2.936810159647572,1572.0,166.63132958720578,58.65562479905408,6.807436407363326,0.43909691026080383,0.17110541536101098,1.566086885083479,101.0,11.180339887498949,3.6844717854201186,0.49682669454013745,Aggressive
24.90670549991563,1.631443140045276,2.9360478968669477,1523.0,163.82612734237478,57.097596833200164,6.6266152783619825,0.42594751499389,0.19707967516130473,1.1144035946400395,97.0,15.0,3.086842992089011,0.5348815979292196,Aggressive
34.69997124361062,2.3203018531131527,2.9169477799648122,1490.0,157.48015748023622,81.20642177986375,9.42462984632399,0.21470042958673932,0.11425353140466601,1.004576778492337,31.0,5.5677643628300215,0.9076795481672195,0.20439905754450827,Aggressive
46.23385976825072,2.7755769997622575,2.9389466665877526,1660.0,172.38329385413192,97.14023898346257,11.273871887673787,0.8537356671559478,0.2756302740176043,1.6691387317043276,277.0,29.546573405388315,10.223261156467478,1.1711992633770507,Aggressive
35.81727256510423,2.0618954787954045,2.942215259506068,1730.0,177.81451009408653,72.16266008338542,8.375031741401624,0.8441993526244789,0.3846626538287408,1.4654720765065277,198.0,22.58317958127243,13.006799676201563,1.5097157883320425,Aggressive
35.87818403350914,2.141007136499081,2.940142871310817,1670.0,173.42433508593885,74.93142684300742,8.696368419810886,1.3677448074285,0.2886037483388337,2.021029058370667,225.0,32.90896534380867,6.357030370018699,0.9459522489740385,Aggressive
34.701750430673656,2.094875556342573,2.9386556859301542,1650.0,171.74981804939415,73.31690390904745,8.508990615230083,0.49545879495636114,0.24882302390334124,1.1832823239033325,124.0,13.2664991614216,7.311856659975918,0.8655262875760338,Aggressive
25.3498309745445,1.6891755559607105,2.916250981211193,1495.0,159.94686617749034,59.11812830452967,6.861113496517075,0.5900329512669265,0.25430986922988347,1.135304963843843,118.0,12.409673645990857,8.966105273275664,1.0340701052901307,Aggressive
24.979984455253884,1.7216815657558286,2.937881434445515,1446.0,160.66735822811054,60.255780605354694,6.993146796274574,0.5810772517205436,0.47145683907898317,0.6600790196349795,123.0,13.0,16.500147544976436,1.9149690333935476,Aggressive
31.74534010144559,1.9580952087584103,2.9347062738828167,1613.0,168.5081600398034,68.52983597553138,7.953414561837429,1.2483785261246743,0.41121280816708744,1.8389712550690933,217.0,25.278449319529077,13.845169794679892,1.5734756102486465,Aggressive
31.103898110239015,1.9667418876115113,2.930010720924565,1574.0,164.93028830387703,68.83245429607352,7.988535745523584,1.3142749551840631,0.34039362720162625,2.0217718270280978,384.0,40.890096600521744,11.913169152808912,1.3826149102620577,Aggressive
36.66690827113074,2.374643470772189,2.9225868952140814,1540.0,161.2327510154187,83.10828136675286,9.64535527952559,1.419356152241,0.2232682095394279,2.412511705776001,304.0,35.298725189445584,6.362734503216213,0.7662236007658361,Aggressive
30.414659906947147,1.8235676945208519,2.9410129349024263,1663.0,173.8188712424517,63.82161318653763,7.406989093903607,0.6385738138717112,0.15339935571419033,1.5919237443829786,186.0,19.79898987322333,6.149689599721119,0.6693139422779695,Aggressive
31.500680511825546,1.9592877959838746,2.938628476165022,1603.0,169.124214706233,68.57157439896557,7.958258626907831,1.622540714115411,0.4213334466063114,2.10798082826238,201.0,22.561028345356956,11.763299279742771,1.4496442736633677,Aggressive
31.1928336925684,1.8876260152229836,2.9400000719560238,1645.0,171.985464502091,66.06354003000742,7.667181947856933,2.002017282528583,0.34961923516587284,2.0671147104098204,395.0,43.162483709814474,14.324096123377482,1.5984376612614775,Aggressive
27.699346157059704,1.6904745218318162,2.9402932679244898,1632.0,171.53425313913255,59.16358979061397,6.866389651643941,1.082014462633745,0.21237122615063328,2.039299362058531,245.0,32.93933818400121,6.576227867242061,0.8200579329578601,Aggressive
27.75948802401081,1.7620941557441965,2.9405036105271027,1568.0,168.27358675680506,61.67014909513068,7.157295138120962,2.135352040953283,0.23189415214306153,2.676782673078516,436.0,56.0357029044876,7.557769505664555,0.8664895604911925,Aggressive
31.927796000285372,2.2120436266154644,2.937488215887411,1439.0,159.928108848945,77.41757715591277,8.984905285835755,1.8359571821091143,0.27738712325093245,2.2913830204933197,353.0,40.311288741492746,7.887046363618637,0.9864697550851687,Aggressive
37.48653474666791,2.3347956485538672,2.939166376087795,1599.0,169.21879328254295,81.71367874049179,9.483500918169145,0.6681834922371607,0.170799935003004,1.7908682936545652,94.0,11.74734012447073,3.904021583422265,0.5285237429875907,Aggressive
30.4713303065738,2.110732549451524,2.920968179378396,1441.0,155.23208431248997,73.87187035396846,8.573398739684691,0.5567713327717051,0.21450874571971176,1.3024334047404165,94.0,10.862780491200215,4.975926864026773,0.6585967385821389,Aggressive
32.230791801572614,2.1960237780838674,2.9172497514994706,1461.0,155.88136514670379,76.85691106199013,8.91983567327569,0.9149969544035025,0.21177746134881179,1.9364364875654867,224.0,25.337718918639855,7.710849651182531,0.8787929879017083,Aggressive
32.8838577250111,2.0272312131817403,2.9400206581599146,1619.0,170.84788555905513,70.94947268264461,8.23423201232107,0.5096702065120525,0.1578885008427827,1.5047491469533494,120.0,14.071247279470288,4.177732624188817,0.541307753837958,Aggressive
31.840069105277582,1.9547738685083578,2.9422307815819266,1624.0,172.5688268488837,68.41359499729042,7.939923902245684,0.6390605256783151,0.1870778908348815,1.7586286449439088,296.0,32.526911934581186,6.698918992822822,0.7671842185048932,Aggressive
38.219734136005364,2.543788720502655,2.9354110254946715,1497.0,162.1018198540658,89.02806308534412,10.332391479938408,0.8148528391811315,0.2809694367869644,1.533667219688844,129.0,16.522711641858304,6.311257319016891,0.8645016155759806,Aggressive
43.02409402732414,2.6352419869746857,2.940924881095753,1627.0,171.75272923595713,92.22876411495785,10.70385745260041,1.5017193550135952,0.2875777254586845,2.1440648750472167,335.0,38.50973902793941,11.386476733467795,1.2653486823754634,Aggressive
37.241226348461886,2.3375370481684095,2.930611874858351,1587.0,165.6713614358257,81.8096228320189,9.494635967944351,0.7638549838955556,0.3475606144972067,1.1433815259497924,79.0,10.246950765959598,6.884838263193766,1.0120924094281996,Aggressive
33.04969402566498,2.261063614594121,2.9374413695974457,1456.0,161.06520418762085,79.13318920617152,9.184015259889447,1.8235766296527363,0.3475606144972067,2.3418811385691676,356.0,44.58699361921591,10.855342390561344,1.2699083336406263,Aggressive
32.0097309910771,1.9005615573805532,2.9427943229386333,1680.0,175.76120163449042,66.51626090810757,7.719723687860735,1.7415522875421687,0.2960327204447579,2.2821274559336255,440.0,51.264022471905186,10.498972842187593,1.1886717444305328,Aggressive
25.52979902921038,1.6496047228308024,2.929388694113586,1543.0,162.8649747490233,57.73321980177754,6.700384212756144,0.8482730141204509,0.23003126143888,1.9311556416453504,141.0,17.0,5.702557024329599,0.7156606740531775,Aggressive
22.51993595935837,1.5698480497575151,2.9267998410112748,1428.0,155.68558057829247,54.94187865594421,6.376427603196278,0.21773011364509642,0.12590384756374437,1.143993967106183,50.0,8.831760866327848,1.328516636231932,0.2751353251845627,Aggressive
28.641717658158427,1.8726038668893368,2.9320307012050626,1524.0,162.87418457201866,65.53779166154189,7.6061648059056655,0.7845804437696967,0.18602337668513894,2.0875529228115703,185.0,21.748563170931547,4.854302767551305,0.6200416446257583,Aggressive
24.3493376206501,1.6365137430959247,2.9256470137293977,1482.0,158.54967675779096,57.27505888601746,6.647211114539886,0.7230839771074512,0.23706927937801717,1.7980448350689828,191.0,22.781571499789035,7.364421926363548,0.8516229374450974,Aggressive
28.46565703781799,1.7683880289260252,2.939221155325392,1603.0,169.5847870535562,61.8904234182955,7.182859667563049,0.7782075031000615,0.1632274950247487,2.0076159290892566,219.0,27.367864366808018,4.032602799059164,0.5333158721726898,Aggressive
29.54272253320589,1.840810813183629,2.9395926010833855,1600.0,169.49336270190642,64.42509155080776,7.477027399727857,0.8575155651177988,0.2055955301966279,2.1163151534276916,161.0,20.074859899884732,5.113934931128918,0.6402749606525256,Aggressive
23.01669966289148,1.398541762516501,2.932310522185433,1639.0,170.4494059831245,48.946464483184045,5.680613674750531,1.5603796759458457,0.31793685908435465,2.1189287907094063,486.0,52.72570530585627,11.127222367007324,1.2913997406641675,Aggressive
24.217833131268836,1.520250144192077,2.939973403107058,1589.0,169.28378540191025,53.206040522064825,6.174970236569597,1.5230531624991426,0.3537682552269823,1.6855169763554487,411.0,43.37049688440288,12.551784826047491,1.4487023873722542,Aggressive
32.99102375807648,2.1534404568097947,2.9343010375130874,1525.0,163.39216627488602,75.36657085322372,8.74687022910438,2.098387231760501,0.5685441276725561,1.967998444505199,255.0,30.610455730027933,18.683811585108437,2.132234770150153,Aggressive
35.8631957712417,2.263857107713423,2.939052346690429,1578.0,168.06546343612658,79.23095647734826,9.195361903685965,1.5988079923063205,0.39117097017579305,2.1063201529034945,338.0,40.39801975344831,14.097337900990187,1.5951190476674124,Aggressive
35.257610464286856,2.1408046630388347,2.9397680207840637,1641.0,171.78765962664488,74.92434063343087,8.695546010685986,2.712644842852337,0.43211983666461345,2.3995823764416992,476.0,57.253820833198546,13.244828520399153,1.6298929502721748,Aggressive
34.40232446745529,2.12573632175922,2.9355049825480144,1614.0,168.68906307167634,74.39697559433753,8.634341241673749,2.9718960086016373,0.3732177614093045,2.4820668623096447,339.0,47.54997371187496,12.2740730155598,1.4743938826596228,Aggressive
30.251977960729523,2.2813777212267956,2.9357022979693985,1322.0,152.9901957643038,79.84414666590062,9.266527341416616,1.7283712821388717,0.5104352561062222,1.8588812408096549,224.0,25.298221281347036,17.472599518419518,1.9721742298710105,Aggressive
33.55520863720755,2.3580327234244693,2.9336056656872254,1418.0,157.2768260107,82.52693486936164,9.577885547079779,0.8338543243637829,0.2645441355726928,1.6613081605871054,158.0,18.05547008526779,7.725776089562311,0.9458012449856721,Aggressive
40.85602979419283,2.306452735867261,2.9433520767244343,1765.0,180.8175876401408,80.72172740493158,9.368377336088846,1.6226369775174099,0.4419734326716724,2.207556448935985,252.0,30.95157508108432,14.404312793654624,1.6488954612084803,Aggressive
39.90841252774104,2.3886942185413567,2.9426497642654383,1663.0,174.9485638694985,83.60003244997276,9.702426775034159,1.636585224150999,0.24252493603666134,2.5760759242624593,367.0,40.43513323831146,8.333169826353439,0.9232797293490589,Aggressive
35.85791974445141,2.447091205964111,2.92790013150798,1460.0,157.92403236999743,85.64382273741442,9.939624357694132,1.335421040606343,0.6420291811000284,1.535370752645406,133.0,15.329709716755891,16.62382558620337,2.124123326889782,Aggressive
29.79705878636294,2.163546765320525,2.9292605007055346,1372.0,153.68799562750502,75.72027360550081,8.787920154009017,0.9247527697220161,0.49987966219036584,1.4436135390620468,125.0,16.941074346097416,11.913087353561863,1.6722441392796974,Aggressive
34.079286912470444,2.1346807259502016,2.936463200556443,1590.0,167.6722994414999,74.71001377009384,8.670671729701766,1.3796754001301756,0.23962135534904883,2.227094773944537,227.0,26.248809496813376,6.981984446747136,0.8201510305507986,Aggressive
34.479267248334594,2.050479751995138,2.939543151746019,1674.0,173.38973441354594,71.76313002904257,8.328663205611798,1.1344857717432615,0.3831263169068217,1.452374532242949,176.0,19.697715603592208,12.48471989776149,1.435630086024069,Aggressive
30.95180648694042,1.955374376805941,2.94080960788989,1577.0,168.82831516069808,68.43461171545164,7.942363054038273,0.6270913264634033,0.25741794642647087,1.7983007495816834,222.0,23.280893453645632,8.47099614865852,1.0035251416077962,Aggressive
33.48729683014607,2.233007300477389,2.9376474021233316,1495.0,163.08586695357755,78.15126830881294,9.070055787311507,0.994576273538256,0.2708558790182903,1.9857076583556654,279.0,30.512292604784715,7.957182460361057,0.9742525213394974,Aggressive
37.20250865183954,2.4368105780879397,2.93009592440217,1523.0,161.9104690870853,85.28401911860765,9.897866380303944,0.7488719478373268,0.22886278221076398,1.8601124338817643,82.0,11.575836902790225,3.1779941187964544,0.532641156659147,Aggressive
38.38546835699215,2.3615216395442014,2.9309013436628044,1621.0,168.59715300087365,82.64904070382167,9.592056868345257,0.4123924141632103,0.11710012955309179,1.729373264775307,154.0,16.24807680927192,3.869383811950682,0.43134930636254454,Aggressive
37.10558843335346,2.181172577367781,2.942042420614366,1697.0,176.0142039722931,76.33714555489897,8.859512888404064,0.9748350268705414,0.22013349553458164,2.0031246423273763,229.0,28.513154858766505,5.6380749374929096,0.7681543297142742,Aggressive
36.73228722118411,2.168978313981821,2.939850519532885,1686.0,174.441967427566,75.91036811019434,8.809982083389597,1.8358231551308497,0.3607910160069585,2.3273991480935785,274.0,33.46640106136302,12.55738593833615,1.454978444293079,Aggressive
34.14823477336203,2.088058725064421,2.9382217984522874,1628.0,170.23513150933329,73.0783269862936,8.481301928331337,2.4724305656384367,0.39540689703853193,2.5240844938387093,421.0,51.01960407529639,12.124144005052969,1.4143268214282911,Aggressive
35.329776658530726,2.2208996910119674,2.9391215957619843,1586.0,168.37458240482735,77.72752359659984,9.02087695422893,1.3925266485907233,0.3682977069015368,2.1639279541921956,191.0,22.02271554554524,9.649751619859176,1.1834838587930854,Aggressive
30.227640347350604,1.8856478107412762,2.9403739191584894,1596.0,169.62311163281967,65.99430640538534,7.659146853209478,1.5878486315817297,0.40147924638458754,1.855362490413598,258.0,32.77193921634788,9.456369746815074,1.3243699180327153,Aggressive
29.46180800191031,2.0225933739716018,2.9330113800850635,1451.0,159.17600321656528,70.78715659151173,8.215393981491726,2.1475577682820384,0.41640917741369254,2.1634899298947423,367.0,47.0,16.577225858514954,1.8518678742467387,Aggressive
29.12029478582484,1.8957091064177969,2.9350301511167864,1532.0,164.42019340701432,66.34643378883902,7.700013944445216,2.010728530353603,0.42043993341788044,2.1977060918338482,344.0,43.42810150121693,12.559277137120564,1.504794416214712,Aggressive
35.797499118244254,2.2066704091925073,2.9362395152269625,1615.0,169.11830178901394,77.22952414040614,8.96308028697742,1.0620476460327999,0.29994765690923786,1.7804909263983204,353.0,38.66522985836241,10.49763241199532,1.2183309838971603,Aggressive
33.89390796109904,2.1529471700948233,2.932717363436906,1568.0,165.2815779208318,75.34930669900143,8.744866591219733,0.36893648453756794,0.17923065340433517,1.3198964284266883,58.0,8.48528137423857,2.3542502480323857,0.41309141400597693,Aggressive
28.470300946174316,1.930037040180344,2.9363785905763136,1470.0,161.34435224078965,67.54785017533737,7.839447556786237,0.8474579783639472,0.22262976907818488,1.9928944915857856,184.0,23.706539182259394,6.327305714289346,0.789830082367573,Aggressive
30.447381287138153,1.8603145202131361,2.9399771275525506,1631.0,171.49635564641017,65.10768647145743,7.556247790444534,0.809055624462155,0.2366496653542427,1.9061824132549556,201.0,24.145392935299274,5.597234704277732,0.7536422829075534,Aggressive
30.259296676679742,1.8645721948497067,2.93478122395823,1617.0,168.38942959699102,65.2566974813288,7.573541664257513,1.6416996599240992,0.33073913290693274,2.162484758790016,397.0,46.97871858618538,11.314005765047941,1.3200075140278429,Aggressive
35.19685898531889,2.2258942611479027,2.9351491196080364,1577.0,167.089796217483,77.90232463316485,9.041163959003558,1.3732114222677567,0.33413583172212274,2.3506650912356677,224.0,29.49576240750525,6.92649671766493,1.021109313037904,Aggressive
40.6755054011266,2.3320387388990724,2.942684740513598,1737.0,178.68128049686683,81.61719182525019,9.472302869526752,0.8080181376392108,0.18205718965286977,1.9592440628110508,185.0,22.20360331117452,5.72365045547485,0.6852622895474181,Aggressive
36.84880909597563,2.5257432944316247,2.9350825020283806,1454.0,159.89371469823323,88.39650539436727,10.259094352277849,2.6102355874035963,0.6670204078056541,1.895535741989257,260.0,29.79932885150268,18.82062212626139,2.339477346891539,Aggressive
36.715619322709806,2.55743199254042,2.929964334583949,1430.0,156.60779035539707,89.50555324554443,10.38780788564274,1.1174282678013265,0.35344246008799307,1.837281332786833,135.0,17.52141546793523,6.661055747908774,1.0178430027465921,Aggressive
39.77184308298683,2.34857227322032,2.9370756694864015,1688.0,173.47045858012828,82.1958360045847,9.539458977177222,1.6846075119317059,0.291792916071956,2.25392273080318,301.0,36.91882988394946,9.321863976391878,1.162500963320282,Aggressive
32.56505264084742,2.1467812547450733,2.9352214790478777,1511.0,162.85269417482783,75.13351067148074,8.719821802431932,0.7681202449648581,0.2569523080441225,1.6707649558510809,139.0,16.703293088490067,6.407872688890707,0.8322808227679886,Aggressive
29.138821866080654,1.837035129906629,2.9399151122970792,1580.0,168.6475615003075,64.29294937788838,7.461691284189727,0.3529191648168818,0.20358748574617486,1.124326353097708,148.0,15.937377450509228,6.657434595955745,0.7798293971901454,Aggressive
25.581008040206996,1.7319532585001156,2.9294935164517537,1472.0,159.16029655664758,60.615271510499895,7.034868480839103,0.21878867389229603,0.135056035717885,0.9377007830315236,76.0,11.313708498984761,2.20586851630548,0.3740115478781884,Aggressive
29.79874314301683,2.08975724305941,2.9270477278229237,1422.0,156.12174736403637,73.13777208328247,8.488200989058551,0.4370641677571234,0.15490770712869822,1.4160828618626096,76.0,10.099504938362077,2.793466156179255,0.41625566147989757,Aggressive
40.72983302603193,2.3843790556034175,2.9418243820904255,1702.0,176.56726763474595,83.44900945220331,9.684899394550413,1.4069314298873827,0.3245155606684201,2.32096467354154,367.0,42.790185790669334,10.263037243274727,1.2283059705177057,Aggressive
38.0340964872778,2.333460604980436,2.9384843227039728,1622.0,170.34083479894068,81.66695459924563,9.478078222199041,1.2062481991783964,0.39904079831714123,1.6637395507590316,190.0,20.445048300260872,12.082135650846695,1.4455765489469385,Aggressive
28.85310989731185,2.228541757583963,2.8983877531125235,1292.0,142.97552238058094,77.99498228111653,9.051917591724171,0.007393737340569118,0.007393737340569118,-0.0,100.0,10.0,0.25876760482788086,0.03003197084996237,Aggressive
21.102620388934874,1.276592300867443,2.936311493453179,1644.0,171.0087717048456,44.67845107569839,5.1852778914088935,0.5949683472275522,0.21037877603412927,1.4105105522670491,280.0,30.463092423455635,7.362881513557049,0.8545190312131659,Aggressive
30.786241274816167,2.1712903215037347,2.9136625625649204,1415.0,152.2530787866045,75.9912842451924,8.819373023222154,0.1789634423847761,0.1789634423847761,-0.0,100.0,10.0,6.263400930346865,0.7269158528824362,Aggressive
32.00229038644098,2.0136683573309346,2.9318824220826594,1581.0,165.64117845511726,70.47479694539848,8.179142242047693,0.25815501051322937,0.12819823770298042,1.1673041312031007,46.0,7.211102550927978,1.5070375071631537,0.28414978812985164,Aggressive
25.700134168768006,1.8037202377948898,2.9324038988769123,1424.0,157.74663229368798,63.126987640303796,7.326372456554395,1.1006487644721694,0.17429272863279882,2.4802065866898886,331.0,39.68626966596886,6.647743793449017,0.7391923587750351,Aggressive
32.42898086608042,2.3807940446690807,2.922056263339767,1360.0,151.04966070799364,83.32354047081687,9.6703377542165,0.2529640360632336,0.1555390669193914,1.0393392602186977,25.0,5.5677643628300215,0.9848988561919239,0.25916436465282944,Aggressive
33.61108077552341,2.298022186053324,2.9305985125552447,1459.0,158.5717503214239,80.42667321484498,9.334134027921527,0.40178658120392896,0.16857171541593005,1.0796212577940316,226.0,23.57965224510319,5.952529748280843,0.6859331735934705,Aggressive
30.367179964813076,2.00356103729584,2.935337507898343,1509.0,162.71754668750387,70.1210587915748,8.138088208521282,0.6960405360541331,0.21683525175751311,1.6289150962138228,231.0,27.258026340878022,8.35812582632508,0.9324847213114174,Aggressive
39.825137435754066,2.5608548224016863,2.9394967255574422,1549.0,166.79028748701165,89.62534617896031,10.401710776952376,0.4240237642404588,0.2497819490006611,1.1446625406362247,169.0,17.97220075561143,8.741922209961245,1.0145673109152176,Aggressive
38.74678536566852,2.2205293045072536,2.94197935004403,1737.0,178.36199146679206,77.71456073028874,9.019372513889705,1.2935218469772989,0.35268870584922424,1.9775433989716218,230.0,26.076809620810597,11.09075749281681,1.2900118143032262,Aggressive
35.219872260423905,2.0668433502231895,2.939991425566039,1697.0,175.50213673912918,72.33582674854934,8.3951290648044,1.850962977465539,0.3704692811242121,2.2945260549851727,443.0,53.207142377692115,13.554121243833293,1.5469664570893096,Aggressive
32.225553285477496,2.0442774217682746,2.9315662848056343,1572.0,165.48715962273326,71.54605954584449,8.303470506440169,1.00049554553052,0.2869935701383235,1.7783187024197766,202.0,24.372115213907882,9.786321929006865,1.0960564915190616,Aggressive
32.64752702700639,1.929209950425166,2.9378657599703026,1684.0,173.49927953740902,67.5189035107391,7.836088073716489,1.5015404837885151,0.3704625376284504,1.9416021480477719,400.0,43.15089802078283,12.965527327373774,1.5047491706277367,Aggressive
27.962678486444013,1.778709117776767,2.931759458028699,1564.0,164.78470802838473,62.25164309896604,7.2247819898241605,0.5902731883034386,0.2369843113314192,1.4791187051951966,125.0,14.866068747318506,5.572182414507624,0.757883252464375,Aggressive
27.101614156681595,1.6881665604073597,2.932738376728502,1599.0,166.86221861164378,59.08281526180229,6.857015146298477,0.37598310043380134,0.16017134274552675,1.5289896748362835,152.0,18.439088914585774,4.349448832598599,0.546730543407542,Aggressive
28.6016322120082,1.7839336411181774,2.9338657787598335,1596.0,167.11672567400308,62.43449208712336,7.246003021281861,0.551699043847116,0.21109215359202466,1.4763870248956463,260.0,30.265491900843113,7.387848454292374,0.8574166367185954,Aggressive
34.481336321421686,2.071393018226243,2.9406116974081606,1659.0,173.11556833514425,72.49505700487077,8.413608960769192,1.4421240483939792,0.22791279224532843,2.264091135267144,398.0,44.67661580737735,9.148844947718612,1.0045482762267113,Aggressive
36.81212043293429,2.1426269241810516,2.9431574201258965,1709.0,177.65415840897168,74.98811651961971,8.702947692810099,2.5021306068470937,0.49090019182142286,2.2087426020544387,469.0,50.40833264451424,17.353050253608018,1.9977901676353118,Aggressive
34.073741398730775,2.0607585254099745,2.940486209353315,1648.0,172.43549518588102,72.1228687450139,8.370413650528738,2.0946388596413357,0.4057898574628877,2.2350229378493025,403.0,43.98863489584554,13.959128813310103,1.5987029204805159,Aggressive
26.193420462271025,1.7264256150242148,2.9182246778048553,1513.0,159.21369287847074,60.42181385887994,7.012416232390085,0.24574782124859237,0.18545894608988103,0.8247220203717992,60.0,9.055385138137417,2.9132440090179466,0.5040059461780972,Aggressive
23.72376585666291,1.708656335104628,2.9195284608658896,1383.0,151.5552704461313,59.799920790123224,6.940240758473563,0.21620827523906505,0.103850256199328,1.4181051726695157,65.0,9.219544457292887,1.471015496687455,0.25041102953955247,Aggressive
28.647279946343804,1.7556170280650423,2.935528895575883,1626.0,169.24538398432023,61.443461191774624,7.13098626336766,0.20832040824655423,0.10003402765406058,1.3698807569393248,67.0,8.774964387392123,1.5083631024216144,0.2458395435520922,Aggressive
31.101450727039683,1.7556170280650423,2.943455534716984,1762.0,180.62668684333443,61.443461191774624,7.13098626336766,1.1780275123524722,0.3366725662402964,1.8195239945404076,291.0,32.449961479175904,10.985522648300787,1.3023750509327445,Aggressive
34.76572117022458,1.939060174684344,2.9435212402088506,1783.0,181.87633161024553,67.8636437714702,7.876097832542255,3.4005141165045716,0.33380101715755217,2.824882058667848,844.0,98.57991681879226,11.617080341685902,1.336889073976261,Aggressive
28.440723805175917,1.6461144580119182,2.9419801478477057,1721.0,177.7273192280804,57.6110667652554,6.686207413328304,1.2753410452288514,0.307318297776823,2.265901621728356,241.0,27.294688127912362,9.062310358490606,1.0859072033235462,Aggressive
29.115168296053067,1.9110547739606134,2.940131685669447,1519.0,165.81616326522575,66.88350475195682,7.762345160593557,0.5378403171197639,0.18052405589143747,1.5757627402933045,108.0,12.649110640673518,4.2743576728936405,0.5786597448376403,Aggressive
34.87863544337097,2.2350210768992396,2.9365359485325926,1554.0,165.6743794314619,78.22174688782354,9.078235368491313,2.5178599792987533,0.5493455638262676,2.142120560649485,398.0,44.0,19.86725933864863,2.2603317736488613,Aggressive
33.35047467288818,2.112790832945402,2.9399181404108243,1573.0,168.41318238190263,73.94390660102921,8.581759100222513,1.9899860431526635,0.5137601366915496,1.9459193824746654,267.0,28.442925306655784,16.856226429794777,1.9550768895260728,Aggressive
27.933751418437044,1.8540543645101162,2.935435898378675,1503.0,162.4776907763032,64.88859219984573,7.530820215061546,1.2125773071255805,0.21935091285143135,1.9998779124996495,183.0,20.904544960366874,7.569030629263983,0.8676829607841743,Aggressive
28.51769861766009,1.7117610405533343,2.9398457015056088,1658.0,172.55723688098394,59.908579937135336,6.9528514882355825,1.0183148959061379,0.41455555901618346,1.268513806413432,232.0,25.019992006393608,13.81805968766261,1.6419953317930747,Aggressive
38.34143358254906,2.3899989163838598,2.934385466648106,1600.0,168.05951326836575,83.64569454482105,9.707726212351073,0.47815751364263914,0.12650073123235564,1.5587440612075287,142.0,16.3707055437449,3.820542441474066,0.4600075857784631,Aggressive
41.40705010519152,2.5050936988848034,2.9401638904199365,1647.0,172.4325955264839,87.6738064216845,10.175219577862626,1.2926573308206433,0.41838080698703217,1.659832482375123,245.0,28.372521918222215,11.773840624876698,1.5181002230143776,Aggressive
30.650047358482183,2.487973817607072,2.856115693234136,1228.0,134.3354011420668,87.07464114584104,10.105681839124388,0.06999799176907494,0.06999799176907494,-0.0,100.0,10.0,2.4498047250689865,0.2843186810045585,Aggressive
25.07903224665279,1.7743273628181804,2.895045237381815,1411.0,150.06331996860524,62.09828949937916,7.20698412507369,0.0,0.0,0.0,0.0,0.0,0.0,0.0,Aggressive
32.542606156561185,2.2077299809640714,2.929652550221336,1469.0,159.14458834657245,77.2666072604632,8.96738406828467,1.2453754788745761,0.3426385369407105,1.9507440589577165,175.0,22.38302928559939,9.372688466852363,1.1576852047812474,Aggressive
31.091414298003784,1.8774005154246645,2.938677416458183,1648.0,171.95348208163742,65.70566579548998,7.625647890353373,0.5203578043574449,0.1186654635067864,2.032583912355032,269.0,33.18132004607411,4.212789752266623,0.4697336612141013,Aggressive
28.70773875759571,1.8774005154246645,2.934010877141705,1521.0,162.8711146888852,65.70566579548998,7.625647890353373,0.48775435104856973,0.157823931870864,1.398809588812006,84.0,11.661903789690601,3.392387972937688,0.48994696782800645,Aggressive
27.600777912503155,1.8937450632771893,2.93415038363049,1452.0,159.49294655250432,66.27769578586924,7.692036370502582,0.10501780819677678,0.10501780819677678,-0.0,100.0,10.0,3.67543576943754,0.42656259063833285,Aggressive
25.18210438773491,1.513478831510317,2.934564084942472,1657.0,171.2337583538947,52.9690566689077,6.147466437650639,1.4049992497642492,0.27736503830231274,1.8902467595685357,479.0,51.507281038703645,10.02663564922834,1.159061339546385,Aggressive
22.270683880537188,1.5559778590873679,2.9330064851189483,1424.0,157.48650735856708,54.45644674879132,6.320089496674196,0.11792544914063212,0.07475561232268167,0.6568349304365582,63.0,7.937253933193772,1.394755488694317,0.20967938953938073,Aggressive
28.418292830929932,1.9253670007779429,2.931215085421056,1471.0,159.27648916271352,67.38440713497123,7.820478734830453,0.1350240041130167,0.1289631187097561,0.19234887068190637,38.0,6.164414002968976,1.6083619425995188,0.31239068767108663,Aggressive
35.00157299573652,2.2360120336014275,2.928777390302582,1559.0,163.6429039097021,78.25642860297,9.082260448288292,0.9033064301509447,0.19228184651421862,1.9362601262341388,103.0,17.804493814764857,2.833138393633293,0.4841169344054041,Aggressive
29.931666211025274,1.992019712887011,2.938535170462909,1498.0,163.74980916019413,69.71713304519653,8.091209518861307,0.8499439680765137,0.21519203042777038,1.967598114301503,109.0,21.236760581595302,2.9567148781786057,0.5234026940477707,Aggressive
29.083632000948487,1.771976748783031,2.9381824735255333,1635.0,171.71196813268432,62.01602220535278,7.197436372843464,1.3602817806689789,0.32442941251006385,2.178658227953078,325.0,35.31288716601915,12.305640589107165,1.3935401677426882,Aggressive
27.178603720562748,1.6334036428506087,2.9380156501614754,1657.0,171.96802028284213,57.16621093075685,6.63457847212841,1.4423888991900216,0.2356743872797006,2.301204464350483,315.0,37.242448899072144,9.563629593512026,1.051817470413537,Aggressive
30.31536555648445,2.08624337600536,2.933421897652944,1450.0,159.27334993651638,73.01479301067313,8.47392832178934,0.5743211119042473,0.3878671630147211,1.040338886563912,130.0,14.89966442575134,11.955853852358732,1.4775278610928109,Aggressive
36.941611398774796,2.206119465588773,2.9405947481149393,1667.0,173.4733408913312,77.21024209802803,8.960842457651712,1.6500528281241702,0.5795122549416372,1.9264952282052579,232.0,27.055498516937366,17.417713577097114,2.141647279957374,Aggressive
36.01049630938897,2.3897224330576283,2.9367260037619882,1502.0,162.9232948353304,83.63601812208542,9.706603189066444,1.7899083783630818,0.303302546050705,2.218657589348784,177.0,21.37755832643195,9.214833317380961,1.0874166010681467,Aggressive
31.853186637527024,1.9639698050912529,2.941286448655808,1615.0,171.27463326482413,68.73543635763303,7.977276067554595,2.1022205719262637,0.31871682866289724,2.2231343943344517,350.0,40.149719799769464,13.739485232516977,1.492699005359066,Aggressive
28.85516834939312,1.9831540390090474,2.9235264371579706,1448.0,156.32018423735306,69.4068502898168,8.055198818561289,0.4503087306079748,0.21920070148333853,1.2832356276951966,58.0,10.295630140987,2.3166786372059516,0.4795164389284072,Aggressive
29.4457177681417,1.9991747304776144,2.9305743773513293,1468.0,159.11002482559041,69.96754588502824,8.120271854972833,0.2078773605750077,0.10634846849796273,1.1661098606179674,40.0,7.483314773547883,0.9737106766363586,0.2094772474268241,Aggressive
32.85670310057141,2.1598147461785824,2.937874386368866,1517.0,164.21632074796952,75.58965959934274,8.772761393977422,1.5857070659151942,0.2789047469721127,2.2744713598700126,289.0,35.31288716601915,10.225087216406157,1.1162670360076241,Aggressive
34.18026266930764,2.163662584860233,2.9379691756691475,1572.0,167.23038001511568,75.7243270825858,8.78839059120203,1.467483301380802,0.5256635868227845,1.6779249859393508,278.0,29.223278392404914,18.398824980764676,2.135087893915416,Aggressive
41.73770797897453,3.111139755187565,2.9291377922028508,1339.0,151.56186855538567,108.8843362499969,12.636864705118148,1.3040620994402972,0.7937752002408334,1.3585882052307623,105.0,13.379088160259652,18.345330968047634,2.592454594723557,Aggressive
41.62780804843364,2.6112498091661624,2.9400578877185612,1589.0,169.1892431568863,91.38908073155567,10.606405737536207,1.8101859015312491,0.39117400474888586,2.023501901389813,294.0,32.155870381627054,12.976547701190214,1.5578713248641503,Aggressive
32.377945247218584,1.9319309509650295,2.9424443804336606,1669.0,174.91426471274434,67.6141336710766,7.8471402662859395,1.4099567306734946,0.3465573509152534,1.9585856847622036,245.0,28.930952282978865,11.649007168683138,1.394751240746796,Aggressive
29.200475287606753,1.8195195740150776,2.9380354442032344,1600.0,169.00295855398508,63.67993619706895,7.390546389567939,2.3151093613766105,0.4665796057693025,2.068708668532565,380.0,41.42463035441596,18.629253435616544,2.0961784843714244,Aggressive
29.745829882053826,1.895485053771113,2.9352092861119625,1562.0,165.7045563646335,66.33859234626847,7.699103884722489,1.3951405961353691,0.290752226088525,2.130752771568511,278.0,30.133038346638727,11.450496651909567,1.255916106218483,Aggressive
29.374674281648463,1.9000025215819047,2.933387998624161,1542.0,163.79865689315037,66.49669565335668,7.717452989560841,0.6255664534842791,0.23215579977861714,1.5714217076778567,215.0,24.596747752497688,7.844317176125266,0.897944280517975,Aggressive
33.79382858343598,2.1206751596026376,2.931592884682227,1586.0,165.83726963502505,74.21984395595511,8.613783752632393,0.9991097571514818,0.19777442381215832,2.024069490699481,180.0,23.706539182259394,5.261207079646562,0.6813826142121232,Aggressive
28.10925055846162,1.8329839748277619,2.9366083340788713,1528.0,164.21327595538676,64.15116618377994,7.4452362539887424,1.2290282336237466,0.4227505922406417,1.7597000890902503,289.0,33.24154027718932,14.795515874419548,1.7171334168597916,Aggressive
24.178533808137036,1.450762466464772,2.938483825877696,1659.0,172.20046457544765,50.77409587725244,5.892724355249532,0.8325261928735076,0.296477791165033,1.9228917530472789,279.0,33.36165463522455,10.376193306662817,1.2042370416750763,Aggressive
29.30011574798942,1.6876640013857158,2.942760888781111,1729.0,178.24982468434575,59.0652265934029,6.854973846047577,0.6620585436241635,0.20479541442449709,1.7780954931174218,180.0,20.83266665599966,5.253375600082705,0.6910937884834949,Aggressive
36.692405344312185,2.3354155444017652,2.9396980921257723,1565.0,167.75875536018978,81.73537398829603,9.486018818545716,0.6222242083973653,0.21977288709872245,1.7419766622954425,200.0,23.45207879911715,6.412643129175359,0.7861405765960414,Aggressive
36.97481182004598,2.1931842606059915,2.9404099472434284,1679.0,174.11203289836115,76.75753302044339,8.908302087188499,1.7936103889488846,0.3065245883256658,2.0403331649461505,259.0,32.264531609803356,10.93145861047687,1.2674993444431404,Aggressive
30.862547385401868,1.9350778032622469,2.93862342907466,1589.0,168.57935816700692,67.72426788253014,7.859922188621836,0.3538194215010745,0.20672051387708068,1.1064926329712632,85.0,10.908712114635714,3.863655307076194,0.5958972590518834,Aggressive
24.425012118564016,1.4852237528560075,2.936626430780967,1639.0,170.9122581911549,51.980179367643416,6.032699620894298,0.7099143513532522,0.13787279389756507,1.9765197036965836,180.0,20.049937655763422,4.820407311121624,0.5572249318473258,Aggressive
25.783000520618124,1.6781750599119731,2.940813071436424,1531.0,166.54428840401582,58.73313058506359,6.816431549965079,0.8566470871573834,0.27067346745793514,1.8540350784597635,223.0,27.331300737432898,7.894431604279413,0.9729014489352071,Aggressive
31.16204204798331,1.8298141946449544,2.9420688064916494,1697.0,176.042608478743,64.04022953727029,7.432361202892658,1.767729526564891,0.28258180662359716,2.299564359681234,408.0,47.644516998286385,10.07548955715064,1.1489086132165975,Aggressive
33.07801519057775,2.2189275556764456,2.9400143205284777,1485.0,163.62457028209425,77.65850238125734,9.012866511312112,1.511823640475597,0.33199595192952763,2.30029506796222,369.0,41.84495190581536,10.047610203425087,1.2248732776275473,Aggressive
29.647785859999058,1.8015056737867334,2.9431559369990667,1641.0,174.26703646989583,63.049481854294285,7.317377313952641,0.42251558141334494,0.15931980781821264,1.3395052339241977,264.0,27.568097504180443,5.575908795751706,0.6471271028204902,Aggressive
26.691904810894588,1.5249901473630063,2.942430187840314,1743.0,178.91618149289909,53.37193216940369,6.194223238198016,1.4778391192347167,0.23369382257447668,2.268140616178339,457.0,53.0,8.744399660765524,0.9760471315823518,Aggressive
25.869516368080802,1.864445754304174,2.9334547586818926,1382.0,155.47990223819926,65.25227228800455,7.573028086535883,0.7847797140694562,0.16369970831546476,2.1835178022686343,142.0,18.2208671582886,3.8672552132847327,0.504929624903673,Aggressive
32.758770346196705,2.1129022692128645,2.9279606090691077,1545.0,162.58843747327177,73.94780667141231,8.58221173338784,0.7672747791837295,0.24456551785416478,1.6428603913855193,116.0,14.142135623730951,5.647755709561437,0.7416480677586883,Aggressive
38.591223370863545,2.3063650704223586,2.9399882319811423,1665.0,173.44451562387323,80.71865927089345,9.368021255535183,1.3622424520617056,0.32192403524718227,1.853842918209966,263.0,33.090784215548595,10.301994355037959,1.26889355607732,Aggressive
40.438602686093894,2.4592180343924537,2.93826178610285,1638.0,170.8391055935379,86.06824007901278,9.988881254590398,0.7076159151165591,0.4399308278054404,1.1497620450720032,136.0,15.033296378372908,13.658190250396729,1.6520032217990193,Aggressive
36.562302406231304,2.4383263473477856,2.9347683637266146,1494.0,161.83324751113412,85.33706833617855,9.904023150030827,1.9652225780163906,0.3311091822368584,2.253864992448206,194.0,23.664319132398465,9.685528357823689,1.17785687665975,Aggressive
33.040512756185365,2.4224868873278154,2.934896802900014,1359.0,154.61241864740362,84.78271551806517,9.839686241686952,2.3280180981385272,0.42271872922316744,2.493153509630649,434.0,53.74011537017761,11.842501348919338,1.534752191302225,Aggressive
41.668515160599405,2.5660248920148208,2.9353282312116478,1618.0,168.77203559831824,89.80628938385937,10.42271062760463,0.6714680804353117,0.1924229541630331,1.3801472913312813,150.0,18.2208671582886,5.280545020344281,0.6707020697430837,Aggressive
44.40040627753054,2.5764473018893828,2.94269464666917,1717.0,177.47957628978045,90.17105511944703,10.46504449681334,0.25340185752556477,0.07578003362258746,1.3581870105530296,48.0,6.928203230275509,1.0910127162933332,0.1882582578623235,Aggressive
33.11322719663466,2.1753517604136383,2.9405751405865574,1518.0,165.92166826548,76.13342735502454,8.835869824411164,2.023395512792461,0.3158022897946719,2.2107835850133335,307.0,41.31585652022719,8.539930341219662,1.0915453550586642,Aggressive
27.17259113544788,1.6722293196988443,2.9366845588129435,1618.0,169.27492430953853,58.52504029418482,6.79228107118321,0.7061613430807511,0.353337767316292,1.1282917062843758,177.0,19.209372712298546,11.160723488740247,1.354864596252284,Aggressive
25.60482783740511,1.732391248549841,2.924455761717175,1471.0,157.534123287623,60.63060038017504,7.036647514066824,0.9249419247781331,0.26110849306947875,1.7451418726453785,304.0,35.35533905932738,9.053058725414857,1.0355241075991846,Aggressive
34.43433263867579,2.196346960118249,2.9369482462358802,1562.0,166.22875804144118,76.86822185612687,8.921148377932173,0.5639147178321194,0.2523729686597168,1.066541799664057,222.0,23.916521486202797,8.832603271561439,1.0250915455868337,Aggressive
38.16936865203485,2.236747243226852,2.937976844884855,1700.0,174.32727841620198,78.28215962708596,9.085246731546988,1.8562908448794981,0.37759884201831495,2.1001417512400753,355.0,41.50903516103452,12.85730452971025,1.5068968842165178,Aggressive
38.55286012923717,2.2677268627562994,2.9427258217325747,1693.0,176.35475610257865,79.36639099410084,9.211080121048985,1.5458907695395585,0.3303712752131297,1.875878692089854,232.0,26.38181191654584,10.722649176915489,1.291709739963124,Aggressive
33.524145819799145,2.1632557834784056,2.939408303496057,1544.0,166.48123017325406,75.7100897605973,8.786738240478975,1.876933696930558,0.45828628609411687,2.229295901009203,264.0,28.6705423736629,14.546199991245462,1.6729612391138273,Aggressive
30.339529693434898,2.1509608734182017,2.9374995643063593,1406.0,158.16447135814036,75.2797898620066,8.736798627598093,2.3539473451046113,0.44531989244343734,2.201932399619291,425.0,49.16299421312742,15.427635272343952,1.8123523653928555,Aggressive
32.00200361928371,1.954975836206422,2.938921067911886,1632.0,170.9385854627328,68.42066350609366,7.940744257059699,2.0424430223336865,0.3683560381398759,2.3677747916794587,351.0,40.45985664828782,13.906879229979076,1.5456880571749028,Aggressive
29.689414049392177,1.8922513789659632,2.923766821946219,1562.0,163.25440269714014,66.22541950206565,7.685969305684408,0.9450077021793816,0.20065524520157493,2.013036350738118,220.0,26.19160170741759,7.987130143425682,0.8740460291658976,Aggressive
27.619026064915523,1.6957336055890058,2.9359502123513717,1623.0,169.0591612424479,59.34764833161325,6.88775106101222,2.004897935330606,0.3232825124683854,2.307821474881595,375.0,42.62628297189423,13.821566297550394,1.5219874594378202,Aggressive
23.064733625349223,1.6881507131923197,2.9263048363945083,1364.0,152.20381072758985,59.08226063757232,6.8569507778907,0.4067361385056543,0.16828983729308922,1.2436180388008264,86.0,13.856406460551018,2.144289482723581,0.4067428594453927,Aggressive
30.182773088355724,2.4164900651342913,2.900530125295563,1248.0,140.6911511076656,84.57283744908341,9.815328277505545,0.35391939382574233,0.1609235796977492,1.2398264682652755,31.0,5.5677643628300215,1.2354760567347194,0.27794957817408134,Aggressive
30.325999543538536,2.1288688441279437,2.9153525808151333,1418.0,153.23185047502363,74.506608283881,8.647064958534527,0.28011807044704434,0.11454097291151032,1.1275848793817616,54.0,7.483314773547883,1.8569420323227375,0.3046212804847577,Aggressive
29.86836796658919,2.0722986697070453,2.913214996617952,1438.0,153.72052563011877,72.52675318958784,8.417287546796647,0.38894460505005357,0.22326804095203384,0.6821442325571565,171.0,17.69180601295413,7.869950727982952,0.9111505183089037,Aggressive
31.386557045595385,2.0429302399024722,2.9374851633000607,1531.0,164.83628241379384,71.49891058603922,8.29799850700879,0.46117772848935823,0.21314841403717416,1.0534443670118991,112.0,11.661903789690601,6.442719358386416,0.7463852990148468,Aggressive
36.05671951679414,2.2305799791779495,2.9357941773040053,1610.0,168.4339633209407,78.06631639750316,9.060196464596824,0.6243696515739637,0.19342436328365192,1.6532028571364414,223.0,25.826343140289914,5.598827932820177,0.7038418613998447,Aggressive
38.85431234434455,2.497096250086164,2.9342474092531092,1549.0,165.19987893458034,87.39390999379786,10.14273544458446,0.9705630223054771,0.17983992824640865,2.0664605424078277,308.0,35.24202037341219,6.851490851604579,0.7863512800420644,Aggressive
33.38639297583244,2.3136748512406937,2.931685093388864,1439.0,157.73078329863196,80.97448854735401,9.397712210777986,0.8093563843731287,0.34276986652067043,1.4579152914610118,125.0,16.278820596099706,7.073646227518717,1.0315995554394082,Aggressive
23.70743142405403,1.5143671184895324,2.9341484649077656,1560.0,165.17869111964777,53.00014512707489,6.151074492337655,0.4103074938610734,0.1475050346562448,1.3611662897130852,72.0,10.295630140987,2.20693428588636,0.3639780532235984,Aggressive
22.94932889492433,1.460403136593154,2.93689095866439,1567.0,166.57430774282088,51.11150211758084,5.931882944597985,0.5270014120882173,0.1475050346562448,1.858575259107365,95.0,13.152946437965905,2.2583438097828563,0.35894551683742126,Aggressive
30.836409174360867,2.1321659077932535,2.9300972071295632,1442.0,157.48015748023622,74.6219996250037,8.660457011203718,0.8440233473850974,0.2887296831221842,1.7827681257656525,130.0,17.204650534085253,5.350378301408556,0.8307145189883475,Aggressive
29.419831805989038,2.080320057915639,2.8926731800813608,1411.0,149.5292613504126,72.8074874540772,8.449868917456772,0.4032649240622971,0.23858606016222722,0.6762575524282676,168.0,17.435595774162696,8.35008609174477,0.9690917155907302,Aggressive
31.505964040754872,2.0397727665994303,2.935150936184773,1540.0,164.529632589391,71.38840465834645,8.285173444144275,0.2534158502792704,0.2534158502792704,-0.0,100.0,10.0,8.869102266099716,1.0293275346348276,Aggressive
38.08539948574659,2.355229789411101,2.9405433881185994,1611.0,170.55497647386312,82.42883718375003,9.566500556146714,1.4874280330331273,0.4185485514441056,1.529116817902906,248.0,27.49545416973504,16.558437720693725,1.8382704634879936,Aggressive
39.21827389917759,2.514176176151507,2.9370236864792125,1555.0,165.99096360946882,87.99167690855086,10.21211089276266,2.0651723119734293,0.39461841379659013,2.1453560956369717,239.0,29.24038303442689,9.302276105591744,1.2706491537289546,Aggressive
37.00589798680846,2.317794284214149,2.939276339126214,1592.0,169.00887550658396,81.11866134585759,9.414444572948648,0.4907331217139257,0.17729510153332087,1.4981479910522757,84.0,12.24744871391589,2.9343111081556836,0.461836638653273,Aggressive
20.848153649134833,1.9119750925446972,2.861689635352463,1088.0,126.36455199145051,66.91571425909947,7.766083321636718,0.24262903875248323,0.13721673605364448,1.0867890931961106,172.0,18.601075237738275,4.7296009184134125,0.5519959471269763,Aggressive
23.279321269969348,2.111500296443998,2.8468778599438704,1100.0,125.65030839596058,73.89874012783321,8.57651718361042,0.1722099999667845,0.0888312267324709,0.9455868097442607,136.0,14.422205101855956,3.1313363819411304,0.35252968367950654,Aggressive
37.98587922817588,2.6187790907715427,2.929918083384186,1445.0,158.24348327814323,91.65259214362712,10.636988263703756,0.4015721380387055,0.1615473530557104,1.298818079899579,112.0,14.966629547095765,3.333618929891876,0.48249709157127824,Aggressive
38.510253374315326,2.4682701659282293,2.9349357338435187,1556.0,165.72869395490932,86.3850485194813,10.025649310837242,1.8572625826187654,0.3657461366926873,2.1039983730669913,244.0,25.573423705088842,12.092327816317777,1.365602926752068,Aggressive
35.48433016354454,2.05834974872388,2.9426590940066686,1716.0,177.56125703542426,72.03856586205839,8.360629652546564,2.8839707705247566,0.4654123066529448,2.464263581468809,527.0,59.253691868102194,17.094645659128823,1.9445721692245315,Aggressive
30.79284408439758,2.09190774385783,2.940840226817278,1468.0,163.30339861742007,73.21303577134105,8.496935918948013,0.6986060990166882,0.186186063520391,1.741611707998881,142.0,15.491933384829668,4.880469112685235,0.6064594732526245,Aggressive
32.01806224291594,1.9701542650543473,2.939406549722778,1618.0,170.31735084835015,68.95188141350795,8.0023961810749,0.29709212362892773,0.24561699743081455,0.5576913105754484,43.0,6.557438524302,3.054291192931359,0.588089836539994,Aggressive
37.63814252414559,2.401888373761389,2.9352373243949117,1561.0,165.5505964954521,84.0618043234854,9.756018952671267,0.5580315235421808,0.19829805625805766,1.4413828119883196,238.0,24.779023386727733,6.716760584802339,0.7846170136452355,Aggressive
26.61041143478156,1.8993084472806272,2.9296326344010817,1399.0,155.07740002979156,66.47240429213551,7.714633790254247,0.012263047042729727,0.012263047042729727,-0.0,100.0,10.0,0.4291847498729964,0.04981019129503292,Aggressive
24.159576998613804,1.6277979434112657,2.9320336218596657,1480.0,160.08747608729422,56.9700214597914,6.611809175032573,0.06425624230273883,0.030335447096807043,1.0103628839344954,15.0,3.872983346207417,0.12255849862339607,0.039286115480027056,Aggressive
30.578240929737202,2.050363426693248,2.9345914909493223,1487.0,161.34125324913032,71.75905885118425,8.3281907141079,0.3760518840905711,0.18612284324762465,1.3025239232206025,120.0,14.0,4.135735793547198,0.5855287667537938,Aggressive
29.295138373767678,1.9008134269472543,2.9365216325622736,1536.0,164.56609614376833,66.52507589320945,7.720746734682219,0.1364677865556059,0.09862918889949547,0.5903576408254335,78.0,8.831760866327848,2.2201224794291496,0.3083265714994185,Aggressive
28.0875735070418,1.8647969218459668,2.9309349747676166,1502.0,160.7917908352289,65.2645625249304,7.574454463061421,0.5395450728483325,0.3051819583195028,0.9694551048143178,176.0,18.65475810617763,10.680823615103058,1.239591732031999,Aggressive
29.433411815607187,1.8027366989380396,2.939665450515619,1626.0,170.85081211396098,63.09256553649902,7.322377506650419,1.1252380788303953,0.5300203908470525,1.2899674012807107,211.0,22.20360331117452,18.549767287090567,2.15284316910548,Aggressive
30.474770332349262,1.7872495865716205,2.941177943147503,1697.0,175.34822496963008,62.55054425711584,7.259471768224149,1.8188455616136914,0.3793472618819409,2.0335962020361764,475.0,51.0,13.276476811881015,1.5408372499711451,Aggressive
31.956124330162393,1.915192582960019,2.9402839127968092,1662.0,173.4301011935356,67.02832067855681,7.779152162726431,2.1709113370419244,0.31476648884566816,2.4406503583661965,660.0,74.4043009509531,11.381531291537815,1.3180249200955123,Aggressive
37.758031089196166,2.383929264436109,2.9392064948503487,1578.0,168.14279645586961,83.43326756448457,9.683072427402006,1.4525503357786043,0.38986256341062087,2.0745087530417594,290.0,34.26368339802363,13.023748029362068,1.5382877025440878,Aggressive
39.315022158521735,2.565376167722541,2.9338493655502,1529.0,163.8200231961893,89.78358519197715,10.420075631507526,0.9064935748353385,0.4230736056876292,1.2104927327934392,180.0,20.049937655763422,15.076002973498717,1.7099720028922392,Aggressive
35.55930974422021,1.995060860888163,2.942408422121721,1775.0,180.5242365999646,69.82356779503098,8.103562090221919,1.5562550167631755,0.45735332345547974,1.803822447795271,316.0,33.58571124749333,16.62368278310757,1.9116896408479305,Aggressive
35.292601452270176,2.4181054695440167,2.9373545903179026,1456.0,160.6237840420901,84.62937371899383,9.821889746477074,0.3780875768736473,0.20079382403947876,1.190248773067659,60.0,7.745966692414834,2.8492181879101373,0.4800228438562221,Aggressive
37.26856827349636,2.33556541859507,2.9404127268678977,1589.0,169.28378540191025,81.74061931744968,9.486627579338421,1.7323555080223036,0.591671283562242,1.9897207085411663,189.0,21.047565179849187,15.35110567555283,1.9783879799709227,Aggressive
37.818265679214,2.430196726032216,2.9402723173193266,1549.0,167.29315586717826,85.05254610620364,9.871002156840987,2.1453954663660353,0.519181738696597,2.012464499393544,306.0,35.77708763999664,18.735332450481373,2.098883632991932,Aggressive
36.54565018638465,2.1546150051840964,2.94157349345514,1689.0,175.3596304740632,75.40767794907696,8.751641023753164,0.6647309909945422,0.17773528321916865,1.9497073816326076,106.0,13.2664991614216,3.2604014704925857,0.46564496043247566,Aggressive
30.294934028731824,1.8733188460274754,2.935883766440925,1611.0,168.8697723099075,65.562814654726,7.609068916728902,0.4908592250846703,0.4773294123630971,0.1261679660946257,103.0,10.44030650891055,16.705677123984902,1.9388223218671683,Aggressive
34.4152956658467,2.7238356740689493,2.919561987240003,1260.0,144.9137674618944,95.32938497235077,11.063708351510055,0.5138531969330616,0.27090375783819864,0.931143936165689,110.0,12.0,8.030162900385227,0.9745599634031877,Aggressive
39.93415481128713,2.786299663785611,2.920666079888193,1427.0,154.17846801677592,97.51551307813084,11.31742533277879,0.5463182399914271,0.27272416451908116,1.0584668096459176,111.0,12.529964086141668,7.124529809662789,0.9052056333064824,Aggressive
32.201809605487796,2.353029892506226,2.935373164626898,1364.0,155.12575543732254,82.35184472016616,9.557564988560669,1.1206833532055198,0.8582221148862355,0.8623402888865137,129.0,14.035668847618199,30.010546857660465,3.4842319319180817,Aggressive
31.21882211370979,1.963951934827484,2.9394779235174635,1586.0,168.7601848778319,68.73481093030989,7.977203481903272,1.1581117777319223,0.42496313320006956,1.7246396337339125,265.0,30.083217912982647,14.740413037213411,1.7122540276602556,Aggressive
25.29499809321922,1.7634791011862643,2.9312756115361136,1430.0,157.23231220076872,61.718619712675455,7.162920526098536,0.26838405064682336,0.1546522972267222,1.09608622532165,119.0,12.767145334803704,4.340244664086235,0.5372176434110038,Aggressive
25.08479313078835,1.5156637241371216,2.9352499256166866,1648.0,170.4640724610321,53.045524009550455,6.156341060680384,0.24138646536468505,0.07373489994544484,1.688280029787755,69.0,9.0,1.1368775150992634,0.17415970022981525,Aggressive
21.698534174268225,1.3735979088686017,2.940198243983965,1574.0,168.4339633209407,48.07347414469478,5.5792964313682045,0.8453302368637232,0.1580795946539311,2.0674582632999674,252.0,29.359836511806396,4.732539064956432,0.584197691680573,Aggressive
21.88355336014074,1.6119581462165076,2.9346214545124996,1354.0,154.3437721451695,56.41565684116249,6.547470897148106,0.9791569333042425,0.17859263441157724,2.2621410140829257,170.0,30.919249667480614,2.3665673227021187,0.42534855409175987,Aggressive
29.419746964382984,1.9690188289554638,2.9277733667950265,1490.0,159.38004893963358,68.91214317745633,7.9977842531346734,0.53251371411126,0.23187695622886906,1.4671586824179133,74.0,11.135528725660043,2.938856098386978,0.5431038272040548,Aggressive
38.685854003951114,2.2658693668487273,2.9410703438526724,1702.0,175.8124000177462,79.30138195403899,9.203535321933112,0.8232822088833103,0.24428279679435372,1.6729117798679631,240.0,27.568097504180443,7.199272950490316,0.9000920447228131,Aggressive
37.88917454867309,2.444089507413165,2.934389744640288,1545.0,164.26502975374888,85.53876864789711,9.927432022582666,0.4859351244794455,0.2537172845398203,1.4342586946968794,112.0,17.029386365926403,5.3009277377465756,0.7935873977045537,Aggressive
39.38986821798132,2.404421736531682,2.9393910080537706,1632.0,171.01461925812075,84.15046749692976,9.766308995901818,0.6306260983543149,0.33610004345012445,1.201264407514272,157.0,16.583123951777,10.348659674326573,1.2580448900198398,Aggressive
39.06717407551815,2.5480544873341398,2.9388241608371604,1527.0,165.06665320409206,89.17735730758821,10.34971822272557,1.3585658981724034,0.3894046800483985,1.9870595428870825,232.0,26.38181191654584,11.092032637258974,1.3451918620148984,Aggressive
32.76483426617306,2.18211228350218,2.9378627081203126,1494.0,163.17475294910057,76.37003359168466,8.86332979803121,0.6048237976959456,0.19246965287118314,1.464520946025204,137.0,15.524174696260024,6.326898914394955,0.746513656566493,Aggressive
27.000971275653946,1.7063707958035792,2.9400061523231993,1578.0,168.65349092147486,59.71993099559437,6.930957327577402,1.391372836465889,0.26227022880183304,2.0477328688820746,440.0,48.948953002081666,8.47134681181474,1.0053464956889722,Aggressive
26.369511175461298,1.5407021553130795,2.9413597846549626,1704.0,176.0113632695344,53.92182439264626,6.258042460198489,1.6181478323888174,0.292257205755152,2.320161244635,386.0,42.80186911806539,11.535612450705635,1.2974319515605504,Aggressive
34.02515687199094,2.1411664515864524,2.9360426409786906,1581.0,167.1017654006085,74.93700258659592,8.69701552774014,1.6280321113015923,0.2470853936329341,2.3532809968067063,282.0,33.1058907144937,7.911977247758347,0.9113987071245173,Aggressive
34.14032718164441,2.1411664515864524,2.936387622104989,1589.0,167.35292050036057,74.93700258659592,8.69701552774014,1.1486432353328588,0.5737408340939494,1.224554605969324,200.0,23.15167380558045,20.079904734486288,2.330427388919972,Aggressive
35.78442010821435,2.096725634404807,2.94073847781289,1700.0,175.4023945104513,73.38165333776763,8.516505284452954,3.5113404347757258,0.48624347082315117,2.5142328630878445,556.0,65.80273550544841,15.84748223333648,1.861762140704938,Aggressive
34.4082565520895,2.0108116439388666,2.9386151677265775,1704.0,175.6872220737752,70.37481707755965,8.167538809390361,1.8337099121465135,0.47191185645550676,1.9424864165503006,316.0,38.2099463490856,15.606838996964271,1.851940462253361,Aggressive
35.70015844279743,2.1329690581384773,2.939674186238157,1666.0,172.89303051308923,74.65010845299923,8.663719256891504,0.8490893985761069,0.3548383637106739,1.4929175230678609,159.0,20.46948949045872,8.381164278646914,1.181562865836786,Aggressive
37.05864628500639,2.1883685616951367,2.9403194892801965,1684.0,174.35595774162695,76.58899215736776,8.888741623697397,1.2097517824014101,0.37420231179051905,2.018440660776942,261.0,28.75760768909681,11.692904978087455,1.3942913084720199,Aggressive
32.37415548689418,2.1741883388073435,2.930816867231393,1485.0,160.04061984383839,76.09270967618383,8.831144224601884,1.852107517283701,0.3424331974947654,1.9719754787929415,327.0,37.48332962798263,14.597939881411463,1.604752315591018,Aggressive
22.308585529878673,1.9380820306241033,2.8976686220511563,1150.0,134.54367320688104,67.82941047591393,7.872124795287735,0.7392648266003596,0.20312943379655846,1.7328290670114095,66.0,14.0,2.2328767343000924,0.4724338043131108,Aggressive
25.03249428658294,1.6013973260914358,2.9354434052562044,1555.0,165.41160781517118,56.04604699394919,6.504574831526787,1.1309410531961013,0.3047513861151155,2.183784781606712,282.0,33.13608305156178,9.004099908501212,1.1096256137995224,Aggressive
22.626802918386716,1.3985136084216958,2.9356328847275432,1611.0,169.34284750174717,48.94547914013718,5.680499318111182,0.7829079725270874,0.29242166275804155,1.192435511389836,267.0,27.51363298439521,10.23423605495029,1.187761810750374,Aggressive
22.76909447217586,1.5076156991202694,2.9325083940380483,1505.0,161.93517221406842,52.76385750433411,6.123651496313566,0.23122148844082765,0.13006163416934405,0.9855638673652938,169.0,19.157244060668017,4.519779907332525,0.5230240107284884,Aggressive
27.841217001007013,1.8400776266069334,2.928129043560488,1509.0,161.4527794743714,64.39943132978499,7.474049333712705,0.26714737781781667,0.1820179087900576,0.9555805058811673,43.0,7.280109889280518,1.8714967147268415,0.392425411804814,Aggressive
29.931037211458097,2.052964561595946,2.9397841197644112,1454.0,161.92590898309015,71.85009392825039,8.338756034997246,1.4536429506794006,0.3126812313687432,1.8667921611116625,261.0,30.967725134404045,12.351597737784338,1.3616844788237379,Aggressive
31.22081245648387,2.0963636772697956,2.9378096053758114,1484.0,162.5976629598347,73.36898548434479,8.515035082628506,1.2283107256746972,0.292442820475994,2.1015233275087892,338.0,38.39270764090493,9.064201882391266,1.0844964219624373,Aggressive
29.10149821861965,1.8577154083591665,2.9403653217739123,1561.0,167.88388844674762,65.01672219748448,7.545690686798733,1.0293450633362269,0.3583382380110185,1.6879698264326115,285.0,31.575306807693888,12.541198489641904,1.4555025452859047,Aggressive
27.025716786232753,1.7762620717522244,2.9367775477505758,1517.0,163.82612734237478,62.16600085749771,7.2148425489849055,0.9619810810116889,0.20550735898954312,2.1397428504305642,301.0,34.77067730142742,6.927744713696566,0.7909603369691631,Aggressive
30.35256546079823,1.8075264353902116,2.9357104148284248,1672.0,172.5977983637103,63.26019775987876,7.3418325155160105,1.0074346026693535,0.19426392850598892,2.2797989528534544,246.0,32.218007387174026,4.631340771010429,0.6253224068359575,Aggressive
29.1575150049196,1.872813758194921,2.9229013482170867,1553.0,161.9475223644993,65.54513748246009,7.607017344923569,1.7010088737360232,0.23968980183103053,2.4540481680302464,384.0,44.78839135311738,9.973990635438398,1.093795650264552,Aggressive
27.211822939328368,1.9570162494365315,2.935301225529365,1388.0,156.40971836813722,68.49207432583124,7.949032031946196,1.2826845435259957,0.33222000457621154,2.202849464906757,213.0,23.769728648009426,8.840654804249004,1.087609048753515,Aggressive
24.216826748820093,1.5662099337940547,2.93790337188963,1541.0,165.58079598794058,54.8145510933616,6.361650260219281,0.6424666653875715,0.197475265481428,1.6532269151126617,194.0,21.354156504062622,7.9035602807998675,0.8760564514147194,Aggressive
29.05541139841626,2.0498106286281788,2.9185029293480254,1414.0,153.13392831113555,71.73971190597071,8.32594535230894,0.133845156760167,0.0986018777416604,0.5764946049347892,48.0,6.928203230275509,1.3747517869930084,0.24341740591026292,Aggressive
36.82686255760643,2.2773144278555573,2.935791511561977,1611.0,168.35973390332975,79.70193865323309,9.250023007754356,1.885619656646471,0.2503505942807701,2.4864402925551308,411.0,51.526692111953004,8.177212890952527,0.9791604832484198,Aggressive
37.836109137586966,2.3297641577786368,2.9376371008265862,1620.0,169.85876486069242,81.53758554747608,9.4630639486998,1.4243702785146442,0.23414057916869216,2.370707468036393,377.0,46.16275555033516,7.364023947956585,0.8593882046256083,Aggressive
31.902689628389613,2.1859108946647696,2.925461574715769,1456.0,157.02229141112417,76.50297819966018,8.878759042329527,1.6763379630790802,0.48157950056693566,1.8221899481014812,291.0,31.76476034853718,17.464770798731333,1.9914379639417017,Aggressive
33.35749987818537,2.2311137268674917,2.9229633763386,1490.0,158.41085821369697,78.0849966135892,9.062364447352394,0.44648988895809977,0.23143121115901785,1.0429368305844737,129.0,14.866068747318506,5.618219570680099,0.7731260029661454,Aggressive
39.176417358159235,2.460608543218525,2.936143764254565,1584.0,167.34993277560645,86.11690540506382,9.994529239987722,1.3014474775460754,0.23901140615739916,2.0541653940738316,141.0,18.947295321496416,5.715593511408025,0.7872691702232847,Aggressive
28.017785069403523,1.7463334260372445,2.9359739046390585,1600.0,168.06546343612658,61.11855169739387,7.093278017505087,0.3285643555237706,0.13148906363471102,1.377654756959788,133.0,14.106735979665885,4.214265341710563,0.48277163905501685,Aggressive
25.15282530924918,1.6847096758924962,2.935787932362792,1486.0,161.6539513899985,58.96183047631774,6.842973931389148,0.5408494335160476,0.14424556597980628,1.806335419995496,104.0,14.491376746189438,2.2324363354480616,0.35599823179239815,Aggressive
29.521329214370244,2.050319256796008,2.9309812291597734,1433.0,157.47063218263906,71.75751298364966,8.328011304290479,0.22881734790806924,0.12950967904124538,0.8724021253567238,51.0,8.18535277187245,1.7673648138238929,0.31602435296059656,Aggressive
30.347288001015087,2.0995973520749454,2.9290917685958355,1439.0,156.9108026873867,73.48215832854761,8.528169661666587,0.0971429224336073,0.06522123654624425,0.6331865773829206,149.0,15.716233645501712,2.2826268215372103,0.26491639945172013,Aggressive
22.2799020706561,1.8484994098763803,2.928981608668342,1204.0,144.82403115505383,64.69417870646775,7.508257033824657,0.21726253650771657,0.12171057331169849,0.9574035523137625,122.0,14.0,3.0933638606408627,0.4124515184041325,Aggressive
24.374582571383762,1.7250622487685845,2.928559150056218,1408.0,155.37052487521564,60.37409847432917,7.006878495010335,1.2498231515042337,0.40711158263218933,1.7557003508556315,210.0,27.23967694375247,12.98855452104048,1.5184755422741134,Aggressive
28.165053323064832,1.8623001425401815,2.9284736505604467,1509.0,160.58953888718904,65.1771797074212,7.564313014984991,1.5021667859573868,0.4629618888805214,1.6812825438396988,251.0,29.9833287011299,17.304405012516064,1.9415808581013037,Aggressive
31.959835107292687,1.9050105787093632,2.9396105379456996,1673.0,173.63467395655744,66.67196871054293,7.737794775959112,1.6064497217035278,0.31078310589920655,2.3027356430678205,371.0,43.09292285283048,12.224685242681794,1.3620351651671583,Aggressive
36.83859118261004,2.267374009340566,2.938163773946407,1619.0,170.1381791368416,79.35404175459739,9.209646896820495,1.6340870961460614,0.28863999462855305,2.156810392934634,280.0,34.698703145794944,8.729383613124039,1.039853139645951,Aggressive
29.629341640447418,1.817528725478817,2.9401155386466913,1625.0,171.0,63.610260053114466,7.3824599371483215,1.1767187684125118,0.29011395421467606,1.9151980920341778,250.0,26.870057685088806,8.626241864580095,1.0271155591437415,Aggressive
28.569893443443377,1.8303248458615125,2.9417038700034888,1557.0,168.6030841948035,64.05810141804243,7.434435372117742,2.3553221753030367,0.29783609979884207,2.527906431045144,496.0,63.30876716537765,8.050527762885048,1.0200185996856355,Aggressive
35.573083502900964,2.3339088788611977,2.934373500630855,1519.0,162.9509128541476,81.68264338464448,9.479899026414788,0.8040932545184823,0.20349678572817942,1.8993858178794376,87.0,15.198684153570664,2.601056072447035,0.4837933352076851,Aggressive
34.720295971249115,2.0621857862879476,2.940115824680492,1678.0,173.85051049680584,72.17282032725787,8.376210915850484,1.2738864731930435,0.3990215793542203,1.643809568220963,250.0,27.129319932501073,14.823938995900782,1.6722741469515279,Aggressive
32.470719985978825,2.1717778762473086,2.9319117596989566,1492.0,161.27616066858735,76.00834779065065,8.821353378916752,0.6845271971527151,0.17652280268120724,1.7299458011841518,133.0,14.45683229480096,5.369117893353856,0.6404870647010346,Aggressive
29.576958249663893,2.1020671573976837,2.9207983642058246,1404.0,153.23837639442672,73.56859710481433,8.538201546495735,0.3133125911594364,0.16412606583500097,1.272834956335498,48.0,7.3484692283495345,1.8353871697127229,0.3537351038697111,Aggressive
29.664285423960404,1.8535541657119887,2.935526917452873,1595.0,167.68124522438399,64.87108613505507,7.528788501594784,0.6869516524664558,0.25095649737496273,1.7241520421013363,174.0,20.639767440550294,6.31772135965752,0.8380798806055784,Aggressive
30.45767169308318,1.8017944639927301,2.94106068000835,1683.0,174.58808664969095,63.05958899584682,7.318550325468841,1.3344243519327572,0.3766461546545747,1.8102088133868433,249.0,29.03446228191595,13.007312463991571,1.4629236267525407,Aggressive
31.323496677972297,2.0754291690270406,2.9367876415397904,1505.0,163.14104327237828,72.63631507603807,8.430003046413878,0.7565844839400324,0.27323936759527834,1.4742003656787936,214.0,23.53720459187964,9.38720998860369,1.0760290196108369,Aggressive
34.12572683897066,2.0182869775781525,2.93945208569697,1684.0,174.3158053648607,70.6364404071461,8.197902209063347,1.1698933391772637,0.1925487203589896,2.1236673197619007,257.0,27.694764848252458,7.206909988865708,0.8103091811374139,Aggressive
33.89372883699287,2.1904431981662373,2.9401226008097283,1540.0,166.60132052297786,76.66160072943177,8.897168406953885,1.4671178039105155,0.19688445095900228,2.438567950817353,236.0,39.11521443121589,3.7195727102684253,0.5875305569805445,Aggressive
38.11924306792606,2.2654524502232576,2.9391165204305967,1674.0,173.2224003990246,79.28679061658454,9.201841884992328,1.6444995593643748,0.43740673734181995,2.1786375314961224,211.0,28.930952282978865,10.077641942284323,1.4079282050924553,Aggressive
35.89800451625206,2.2583164830081808,2.934520215927761,1582.0,166.37908522407497,79.03704450588035,9.172856927924194,2.1994934752406783,0.438246471151551,2.1771567753226986,471.0,54.52522352086234,14.781382045360525,1.7342036148358275,Aggressive
31.065016209494864,1.904715887944575,2.9399166561056447,1626.0,170.90933268841698,66.66165505996858,7.7365977974825695,1.7496326813386773,0.4068730314696177,2.1225491468627355,331.0,35.76310948449533,13.945577510679612,1.6224591486507558,Aggressive
28.708060928105727,1.8270446409356067,2.9301731253845738,1568.0,164.4323569131088,63.943300102696284,7.421111796478102,1.516218545250919,0.3641000493772458,2.2399527065445697,179.0,22.60530911091463,7.529105747588956,1.0374729058250076,Aggressive
35.964547646555,2.2907314556105156,2.933063559247453,1564.0,165.2573750245356,80.17151066751191,9.30452045172212,1.3478061449223602,0.21362821376062216,2.2624940181476605,210.0,27.964262908219126,5.991185879466512,0.7307429883544722,Aggressive
31.748585998836806,2.1099885732816093,2.935566467636947,1498.0,162.27754003558226,73.84583251644867,8.570376848370627,0.07406769146128686,0.04205850871641519,0.6839145270322836,23.0,4.795831523312719,0.30271463923984143,0.07410969217103974,Aggressive
30.64563129598891,1.9485593999891235,2.93158057103565,1565.0,165.0,68.1960996955332,7.91468189961278,0.177206593151448,0.109564441626738,0.6648967471403715,79.0,8.888194417315589,2.584622513164174,0.34561077416573993,Aggressive
27.39487943075943,1.9373702546464513,2.927631426318249,1410.0,154.88059917239474,67.80449958762738,7.869233695100113,0.6094148539042372,0.38941656545967857,0.7403019715512158,155.0,16.46207763315433,13.628884457578561,1.58173686779592,Aggressive
22.83630900177558,1.4926407552569547,2.93687896567805,1524.0,164.12799883018133,52.239761208042964,6.06282609004504,1.7260454504506466,0.363578439980075,2.333186637038468,443.0,53.39475629684998,12.666357172860042,1.460921758606002,Aggressive
23.321100850842317,1.4822790368442484,2.939171452851362,1566.0,167.4275962916508,51.87711956525091,6.020738738142712,0.34365090424194217,0.14022863414193001,1.373353205304248,184.0,19.078784028338912,4.755605837311408,0.5417850745261182,Aggressive
24.1633669275256,1.6772557528522536,2.933842004356266,1436.0,158.33508770957877,58.70095647946753,6.812697497543691,0.9511338309041371,0.18742501227921723,2.076092740166872,349.0,38.61346915261564,7.372822405111908,0.820106824135283,Aggressive
27.571591388496756,1.9881978366640431,2.934365687025942,1383.0,155.56670594957006,69.58337420164936,8.075685776262208,1.4741316295586075,0.2270580541575275,2.3843855181283695,209.0,29.274562336608895,5.7396481133470605,0.7353253856339107,Aggressive
33.34202422976175,2.295155694592401,2.9363538607515203,1447.0,159.8217757378512,80.32635113205572,9.322490878587056,0.9404452215343803,0.19336400899658432,1.9012036274311999,173.0,20.322401432901575,6.064779845151035,0.7430301255786915,Aggressive
33.93228713423415,2.0966108263894636,2.937612821826099,1610.0,169.01479225203929,73.37763526222922,8.516038955881717,0.44024777210624233,0.2568213156389506,0.9086732027885455,171.0,18.520259177452136,8.988287472965741,1.0431598946040284,Aggressive
33.397509038539795,2.0583659331137083,2.941118268380249,1617.0,171.24543789543708,72.03913228680389,8.360695390494932,0.6824564381916779,0.17132474756066166,1.6560193601389872,127.0,13.820274961085254,5.414310017017403,0.6417055327563144,Aggressive
32.896278654148354,2.050832773998265,2.9398840622507376,1599.0,169.54940282997165,71.77548516880381,8.330097114610588,0.9872324380663238,0.23579239845553113,1.8286454912844547,169.0,23.259406699226016,6.033377421022666,0.8088757114379926,Aggressive
38.95056959290355,2.654164741844319,2.936348791696988,1463.0,160.71403174583108,92.89102674734711,10.780718124878774,0.31178502078200754,0.1916756062452379,1.0401429218697658,58.0,9.486832980505138,2.4514528476830697,0.4639213427405309,Aggressive
41.083445253625726,2.661747802828399,2.9341064013371287,1537.0,163.8566446623389,93.15642034164583,10.81151909277059,0.7820617481026857,0.26694650593781377,1.5563990201155156,124.0,15.620499351813308,6.700896104176837,0.876954773568814,Aggressive
28.756559306687215,1.8330082514125041,2.934137284456689,1563.0,165.2119850374058,64.15201582089819,7.445334860911294,0.7080859367711526,0.2990126712218722,1.2364519484501608,168.0,18.708286933869708,8.1521927949154,1.0379871559479532,Aggressive
26.896155603742628,1.578932212898159,2.940927663912403,1695.0,175.10853777014987,55.259808145388206,6.41332576579927,1.7449314532683782,0.3335821907200836,2.1945835230108033,304.0,33.28663395418648,10.934701746160334,1.2558076658108588,Aggressive
31.082526117708717,1.9650568566080457,2.9322193670977525,1576.0,165.48111674750083,68.7734812197059,7.981691466420012,2.3547715688740904,0.3701373325453403,2.609592924884051,347.0,46.57252408878007,11.553650581475459,1.3879753924459497,Aggressive
32.628603429199785,2.4144139113766445,2.923096276140171,1349.0,150.51577990363668,84.50017577469949,9.8068953313164,0.6026918415108705,0.15753564742704948,1.746201516091304,69.0,9.848857801796104,2.144049061669244,0.3560582458523208,Aggressive
42.66273015135222,2.643250393953938,2.935663373218458,1608.0,168.493323309857,92.50904405959929,10.736386095947783,1.9202233993856732,0.3156876503667223,2.3074724856323243,345.0,38.84584919911006,12.071558451411704,1.3449322180461292,Aggressive
40.51373517553596,2.462710322260066,2.9356228724431075,1638.0,170.51099671282202,86.1904639186281,10.003066271261783,1.1240780289719814,0.3066225376016051,1.8008151228950506,88.0,15.811388300841896,3.5063275327586156,0.6839290428739734,Aggressive
31.176682092988358,2.1244771425131086,2.933856912269035,1463.0,160.0781059358212,74.35290656908595,8.629226692336623,0.8667571888844796,0.17102179601356535,1.9331003679666665,123.0,16.15549442140351,4.119757628200028,0.5584582263160892,Aggressive
28.90015075357813,1.928868898127016,2.9358627707803273,1493.0,162.15116404145854,67.50696728927922,7.834702783408683,1.0924758161963308,0.3499420800254663,1.7198727790112196,216.0,23.366642891095847,11.499052394520152,1.3221224994463228,Aggressive
30.363352693793498,1.9584708214723394,2.9389549335278438,1544.0,166.0963575759565,68.54298174983323,7.954940230055812,0.5946173482731535,0.258447678229289,1.408205891374768,146.0,17.320508075688775,7.097082990588563,0.8899026918646057,Aggressive
36.52108110251371,2.3374052128262677,2.934839004547758,1557.0,165.13933510826547,81.80500883044621,9.494100477573268,0.4780405139911729,0.19025896637308973,1.6495971410117423,57.0,9.539392014169456,1.7838941776391222,0.37542994429725646,Aggressive
33.93387421596168,2.2226240028782454,2.9211672738028573,1522.0,159.93123522314207,77.78787143302688,9.027880784811355,2.1190189570435534,0.49427615438714545,2.0143379199663682,384.0,40.74309757492672,18.489261807817403,2.1267370010557087,Aggressive
37.31792223310262,2.258147221264561,2.92963737091512,1647.0,169.43140204814455,79.03112064708364,9.172169418547506,2.326915367994088,0.37224720378179565,2.385126038581385,461.0,51.54609587543949,14.607153162811745,1.6420868833789317,Aggressive
33.39204925148999,2.3623460319010743,2.9367937032550975,1409.0,158.26244026931974,82.67789296429567,9.595405395090275,1.5076089556245076,0.3947635675428617,2.0153161824916945,267.0,30.479501308256342,12.95147676660557,1.5095574913489112,Aggressive
31.148013806631248,1.9311296550811403,2.937336281159226,1607.0,168.75722206767924,67.5860897459165,7.843885553071405,1.8162810101755005,0.35614255579099496,2.1226780064228468,426.0,50.0999001995014,13.34321962462531,1.5101094621894124,Aggressive
28.664109182954203,1.7586711572955356,2.937244433109366,1624.0,169.66437457521835,61.55035026145704,7.143391562041029,0.8815815842049134,0.5404245932830578,1.241159291892227,162.0,17.204650534085253,18.913895794839572,2.1951030831222753,Aggressive
25.373615368389864,1.4726585972031516,2.9419841670402294,1714.0,176.93501631955164,51.54042135585438,5.98166232122972,1.2456315631261283,0.29051468645031764,2.217079927536713,272.0,32.68026927673638,8.343591993505301,1.0264589876403,Aggressive
26.354423868099854,1.6118421580894056,2.940826490923425,1628.0,171.65080832900264,56.41159746381972,6.5469997751847995,1.1032342207472217,0.2064838171758435,2.1743034976541042,307.0,36.59234892706397,7.694609620354393,0.841524158277554,Aggressive
24.738566379752815,1.5677936437737001,2.93818997412209,1571.0,167.50820875407868,54.869978114812056,6.368082992375255,0.5178788953154283,0.22277458564966832,1.3756046235896842,160.0,16.911534525287763,7.0661046408643635,0.818850613908481,Aggressive
21.821131938741075,1.4157256227102717,2.9364147848050464,1536.0,164.69972677572966,49.54786890684956,5.750411283815912,0.8879262021923493,0.15596045111080334,2.121145002441088,136.0,20.73644135332772,3.5197300501544073,0.49745364946834303,Aggressive
21.30421896489982,1.413614065599876,2.929208549551806,1503.0,160.62067114789429,49.47396817833485,5.7418345358647125,0.4273345677783835,0.2321606045193474,1.1306775428227003,86.0,11.661903789690601,4.0551834840967205,0.6535135571915001,Aggressive
22.05390628566844,1.5835848877989738,2.9191658599694668,1388.0,152.5909564816998,55.42264345920448,6.432224056414617,0.437213367600852,0.20850391562497064,1.3925106727048207,170.0,18.33030277982336,6.440818366378245,0.7748786377744897,Aggressive
34.91821234564706,2.4745694339066677,2.9162485846127044,1407.0,152.27934856703322,86.60551165089464,10.051235752928784,0.0017878693138321247,0.0017878693138321247,-0.0,100.0,10.0,0.06257223360466213,0.007261988983830512,Aggressive
46.15834458542417,3.112084181768997,2.936541653460124,1478.0,161.51780087655973,108.91738949400006,12.640700788313568,2.18971203463827,0.4203399610932126,2.4003065722612673,298.0,39.72404813208241,13.442321478718458,1.5453225605182905,Aggressive
34.503578393492646,2.349949295054868,2.936041895910468,1464.0,161.10245187457576,82.24402931001453,9.545052180950906,2.441736701741893,0.6745009676541556,2.029099840629857,325.0,35.81898937714463,22.477801973169505,2.6304867248206296,Aggressive
29.127666691097883,1.8001160078976322,2.940023271477532,1613.0,170.2733097111817,63.00084602953208,7.311732752406793,1.2253759563191866,0.3663867687900529,1.7666592764767097,252.0,26.795522013948524,11.977039568351975,1.3819173781975884,Aggressive
29.384711975089818,1.7378072871708847,2.9385593722856362,1683.0,173.55978796944873,60.82015206115414,7.0586464445802175,0.7208013037921012,0.19595115114557704,1.9051046666958213,225.0,25.942243542145693,6.999951882795854,0.802309603299619,Aggressive
34.13166457128257,2.278434016739401,2.934423878250911,1494.0,161.76526203112954,79.74112226505471,9.254570567286803,0.8837988456113745,0.21408205102538747,2.0623802172737276,138.0,17.08800749063506,3.8416953303597188,0.5572559327753434,Aggressive
41.65651089520653,2.3516845651017584,2.942677985980026,1763.0,180.39124147252826,82.3047606631963,9.55210052160254,2.661685594079997,0.368634881689624,2.4143793106119174,454.0,49.37610758251404,14.257851790900183,1.579110493220295,Aggressive
37.06376088936689,2.4929989020613292,2.938403569553495,1481.0,162.69910878674168,87.25051012906161,10.126092787322506,0.8388436682905025,0.2294904330787882,1.7290385464322626,173.0,22.47220505424423,5.784533312826447,0.7776290325323187,Aggressive
42.089006175997675,2.6294582592472326,2.931791369854116,1592.0,166.05420801653898,92.0263439717919,10.68036503807252,0.04866089682934377,0.042573711792612365,0.376952988810339,18.0,4.242640687119285,0.22271069372543284,0.06630789965575346,Aggressive
39.84562737903873,2.675148309018741,2.9235961720598294,1485.0,158.55283031217073,93.62541413066364,10.865949429249396,1.322283193575921,0.496990242843853,1.6471417802954933,207.0,23.302360395462088,14.96694602388324,1.8124660407902236,Aggressive
31.466839374163303,2.1889196738862653,2.9315170293481683,1431.0,157.41346829290052,76.60828010000364,8.890980137793404,1.193250785447213,0.3306172442210393,1.6592041132379585,148.0,19.390719429665317,7.70081983672248,1.1107583896324165,Aggressive
36.463628204497596,2.3119400869559854,2.9390529983627993,1573.0,167.75279431353744,80.91377489494553,9.390665924437236,1.4222098310599758,0.39160660000200165,1.6320107171076281,288.0,30.919249667480614,14.495332354246965,1.6473882459260516,Aggressive
36.98925082458363,2.260363639734052,2.9409906997733306,1629.0,171.88077263033233,79.10869133592857,9.181172093622509,1.7142829393808323,0.5038635508990096,1.7306128708951394,277.0,30.773365106858236,18.803487060045956,2.151608714768092,Aggressive
35.40548504251085,2.230530245896707,2.937974506188278,1581.0,167.621597653763,78.06457582146231,9.05999445735965,1.642124331569695,0.3868188865985581,1.882241047996934,328.0,37.54996671103717,13.475816329320276,1.5899610059770075,Aggressive
31.33712148969041,2.0195328384201345,2.937850986317972,1545.0,165.68946858506126,70.68004331203421,8.202962661547128,0.6508380410261992,0.24544908438634716,1.633723371092767,136.0,15.491933384829668,5.557464216694687,0.7472779378131671,Aggressive
36.620304393389816,2.2683012400078058,2.9405210018666548,1609.0,170.34964044576085,79.3864931723084,9.213413133445771,1.2084791161637751,0.2952568812573694,1.9197523026169585,298.0,33.85262175962151,10.69923756820987,1.1986778987154882,Aggressive
34.068189478670135,2.235598825898627,2.931534574419055,1518.0,162.0,78.24196707118642,9.080582076294009,1.2335930744922645,0.23675722411164252,2.307846478767655,158.0,20.248456731316587,5.208913685095428,0.7085779829752932,Aggressive
33.88952359303585,1.9947233489252878,2.9414112964200103,1693.0,175.43944824354642,69.81175547898418,8.10219118009032,2.1798522008976318,0.27265875261019223,2.5637453735706237,644.0,69.05070600652827,10.663432928046793,1.217913860730413,Aggressive
33.24546993021445,2.059247476597162,2.9337084402938833,1608.0,168.17847662528044,72.06998473466045,8.364276054370126,2.0571534525757467,0.42724631227760174,2.181225584646431,476.0,53.59104402789705,14.952858048256001,1.7353941863300235,Aggressive
29.519565621641153,1.879982599951836,2.9417040585080048,1565.0,168.98224758831918,65.79603414342861,7.636135832199328,0.8065266449641073,0.32504222768741226,1.6222522462454187,160.0,17.435595774162696,9.891195499535764,1.1572542348901405,Aggressive
32.60277744201255,2.0942625725778306,2.938688788060997,1553.0,166.5623006565411,73.29545057181156,8.506500790435627,1.4613182289680224,0.35458480827003236,1.7545899680381132,386.0,40.890096600521744,13.012386322021484,1.5040669931533375,Aggressive
37.54226855902696,2.2875242490262306,2.938051419654753,1633.0,170.94151046483705,80.0592641637783,9.291493381620432,2.5584945988850762,0.3779687227608466,2.3953498493303225,471.0,57.54128952326321,15.015106718949596,1.6724405100117599,Aggressive
27.463605599227844,1.7460761616739342,2.9386929238760104,1569.0,167.49626861515452,61.10954790404349,7.092233058034146,1.8032250966185839,0.5024737164225144,1.6395639233467225,338.0,36.30426972134269,18.43088318844034,2.133387027359643,Aggressive
30.895625159343883,1.8632406916115505,2.9367707598922914,1650.0,171.15490060176484,65.21009724549575,7.568133348463614,1.730063225225493,0.3526430186654384,2.145972926127325,288.0,40.32369030731191,7.353065100583162,1.1010701049334193,Aggressive
30.6311825976761,1.9504558395847198,2.9388283882795547,1563.0,167.01197561851666,68.26247169513894,7.922384880666915,0.7896967340041312,0.1876168647336388,1.9960736955912968,136.0,16.0,4.518938271686284,0.5998469277602428,Aggressive
32.64155439710391,1.9242629219343514,2.939940747421562,1690.0,174.54512310574592,67.34576634686402,7.815994174165191,1.3721505017970406,0.1940799996590874,2.583244708107884,321.0,34.85685011586675,7.0504663399975716,0.7705736470208354,Aggressive
34.90314569024139,2.206524918271448,2.9405777282214522,1578.0,168.75425920550865,77.2244322179544,8.962489330212401,3.115261211209748,0.3232167633847084,2.6071907678989885,382.0,49.4368283772331,12.706751310464108,1.3977113959860579,Aggressive
40.68678592083684,2.5326160967245994,2.934597671002544,1603.0,167.56192885020153,88.6370412026993,10.287010382914701,1.7901020852788379,0.34467338678681647,2.0758992290876184,168.0,25.768197453450252,5.7686374982198085,0.8870400683631442,Aggressive
40.71948985223257,2.4580654023793778,2.9416906472425683,1649.0,173.27723451163456,86.02790001666907,9.98419948008003,2.177482705074349,0.36496844304396425,2.524603685316947,429.0,54.63515351859094,11.797899072820488,1.4007858141519705,Aggressive
39.95636367164146,2.3707833252107733,2.940175547015966,1677.0,173.92239648762893,82.97318316469288,9.629676094069413,1.911037240871633,0.3770453696036699,2.1676176322283736,269.0,30.380915061926625,12.722847940945865,1.4658488802569187,Aggressive
39.78546005539112,2.3996311571425397,2.940661445036787,1651.0,172.76863141207087,83.98280577226117,9.746850563184749,1.31336593195538,0.48910321878831237,1.5600178263560653,149.0,18.681541692269406,12.494788287865992,1.6518660635382694,Aggressive
38.198545397972396,2.3471350656860985,2.938996131546944,1619.0,170.1616878148545,82.1455363071326,9.533621310408043,1.5556506309555294,0.4267911263136841,1.9545889021282261,176.0,20.396078054371138,9.970962220972233,1.2962085746542005,Aggressive
37.85665707493518,2.4651408467199922,2.9392869153883385,1531.0,165.65325230734229,86.27552793483542,10.01293860461208,0.4657257106184718,0.1345098125611838,1.6422434366393635,67.0,8.888194417315589,2.3606565913768724,0.35928833393332793,Aggressive
40.504428308447785,2.6335026708303384,2.940582733470795,1533.0,166.79628293220446,92.1678911555897,10.696792677461683,1.4594479204185031,0.34972055618969305,1.8705989312017661,222.0,24.657656011875904,11.810047323053535,1.321336637465064,Aggressive
38.59351177615029,2.248435238668499,2.941202923102106,1709.0,176.20158909612593,78.69121859772038,9.132721171364054,1.1452782309477492,0.25664379311302277,2.274777494363739,213.0,24.677925358506133,6.764421708656081,0.8212703345856018,Aggressive
33.59396207435744,2.0444213954027877,2.9396324689014857,1637.0,171.53133824464845,71.55109836597634,8.304055300272532,0.6609553077175423,0.2001552149908417,1.8041927812725134,145.0,16.401219466856727,5.324160390430025,0.6489177142353723,Aggressive
25.60284938004231,1.5911706461813584,2.9363152772463166,1604.0,168.2914139223983,55.68813145762741,6.463035980631159,1.0027419725561506,0.4171437126895404,1.7418755834331254,202.0,22.67156809750927,12.758986504390982,1.5590867938273323,Aggressive
22.659357565645013,1.4710061035667366,2.936257417184524,1533.0,164.53874923555242,51.48258702923553,5.97495020279318,0.7552906599844449,0.28648578490746424,1.793581766637067,199.0,23.558437978779494,7.6672291249939875,1.0132670535334851,Aggressive
23.27202986517696,1.5108959040461751,2.9368750043598295,1535.0,164.81201412518445,52.87865881968027,6.136975071953207,0.12483989251993535,0.08789742115686354,0.6410331655386908,59.0,7.681145747868608,1.4661823113759365,0.23579685915522805,Aggressive
29.14227866630182,2.157187311642413,2.904607462631996,1346.0,146.60832172833847,75.49770408206516,8.762089248921978,0.2105653179856385,0.07518146408003575,1.0967457835963754,134.0,14.696938456699069,2.365445170739684,0.28541889526834646,Aggressive
28.632083731525807,2.8401591214976825,2.881080786757995,1008.0,124.51505933018704,99.40049792781019,11.536192322935248,0.2105653179856385,0.07518146408003575,1.0967457835963754,134.0,14.696938456699069,2.365445170739684,0.28541889526834646,Aggressive
40.16491226292585,3.1186948306642335,2.908838897070683,1283.0,143.81585448065175,109.14875040150653,12.667552001140908,0.13921171498105916,0.1190210143208243,0.41400087963178656,11.0,3.3166247903554,0.3681225800755046,0.142128938920895,Aggressive
33.69991099073152,2.5515595878436996,2.9169011339462245,1318.0,147.648230602334,89.30002956679371,10.363955281939415,0.47595306487812533,0.23295625272553605,1.4373228048395215,118.0,15.362291495737216,4.945421370592984,0.7230648898628483,Aggressive
26.100441901351385,1.7021471758206055,2.9384165725849973,1527.0,165.0,59.57211183779168,6.913801777364116,0.738039702007845,0.2705477012619786,1.2500881361889902,136.0,14.491376746189438,10.04306789600488,1.117566201928485,Aggressive
31.365184041540722,2.4333086807388664,2.912198687169453,1285.0,144.90341610879986,85.16145896429967,9.883642331725712,0.540320912035721,0.28420412311647847,0.9352604661899596,158.0,16.61324772583615,8.557250632180107,1.0557231449030482,Aggressive
31.788169813196056,2.08093590766608,2.9349889461460985,1521.0,163.22683602888344,72.8290410956951,8.452370383346254,2.130808610683809,0.3606335553809218,2.2305002867298382,354.0,41.7612260356422,13.104728445862278,1.4563152279255882,Aggressive
29.953340649340486,1.8674759441247133,2.934565834164004,1597.0,167.7229859023503,65.35832352108426,7.58533614782729,0.4418105772490263,0.20771147057926884,1.1717204026901182,212.0,23.280893453645632,7.2695305853178995,0.8436849379828335,Aggressive
35.299909547214575,2.5338322861852296,2.926469872827547,1389.0,153.67172804390532,88.67960566222068,10.291950315826474,0.5956582068439785,0.15855644409798333,1.9416939924406202,128.0,15.0996688705415,3.546848988292193,0.45831577068046675,Aggressive
30.893696182381237,2.192557789849726,2.9041416156099413,1403.0,150.17656275198203,76.73560766258626,8.905757480770403,0.05945664348801523,0.032972238233345594,0.6871818616203763,7.0,2.6457513110645907,0.054784898806099935,0.027872252580267962,Aggressive
24.411945415413882,1.8846027374856003,2.923787665740398,1293.0,147.59742545180114,65.9577307074961,7.654901962147642,0.1666273970004255,0.06414092852521301,1.3369035070757456,22.0,4.69041575982343,0.34371447081517803,0.09101494705407925,Aggressive
27.339305102075148,1.5914547159403218,2.9425044718900293,1711.0,176.99435019231547,55.69807339196253,6.464189818579085,1.9060180569761676,0.38463854583139256,2.2294434979833793,419.0,47.16990566028302,12.360984626442493,1.4628922309494978,Aggressive
32.40440520730112,1.9632062727836295,2.9418369346880935,1645.0,173.25414857947845,68.70871409021242,7.974174742886253,1.1628969623244552,0.17708993067476983,2.381086911640261,239.0,29.88310559496787,4.844359614632346,0.624439875190476,Aggressive
35.812905983011106,2.2087742112827775,2.9398509447407566,1616.0,170.52272575818156,77.30315345706364,8.97162553549503,1.7678836154430468,0.3851694275352358,2.0221679613271037,226.0,24.535688292770594,13.829537391662601,1.5764773781316122,Aggressive
33.120400758838606,1.985546968480102,2.9417917440140267,1663.0,174.07182425654074,69.49059854854238,8.064918448135689,2.228448528755057,0.3507217967229178,2.4034883710399937,399.0,49.08156476723211,10.551697222873416,1.2565861540872805,Aggressive
30.504523900055528,2.0776228281983355,2.9300849121843937,1463.0,158.64110438344787,72.71308923008466,8.43891327749899,1.3540971521184901,0.33621957191250135,1.769043982029257,343.0,37.72267222772003,12.229981692150385,1.3906709406899065,Aggressive
31.238542708421736,1.9610834203178327,2.9370038463734525,1587.0,167.50820875407868,68.63441804442743,7.965552115325254,0.5725354342265377,0.22647743917244142,1.548638248622504,200.0,21.587033144922902,7.281552187120072,0.8502793890180818,Aggressive
37.796180224832106,2.5992718434067603,2.936397192449886,1450.0,159.93748778819804,90.96987331756438,10.557753492810873,0.8989641246425644,0.36074752045929526,1.4082335846642597,125.0,16.217274740226856,8.985212398297861,1.1889384967846632,Aggressive
38.22274561262517,2.4508667206537167,2.938463192608687,1555.0,166.83225107874077,85.77595901007604,9.954959788461966,1.7139675123665767,0.5416104370127603,1.7158984667817718,291.0,32.54228019054596,19.340666619214147,2.2182447020135663,Aggressive
27.759030814998162,1.8188991724049972,2.9309097058764793,1520.0,161.83324751113412,63.65822324849138,7.388026434880482,0.5117490576680038,0.2953075417692795,0.6812246624915959,132.0,14.0,10.721712403827244,1.2039486805190949,Aggressive
29.072019364071977,2.219466360987809,2.9177583514667136,1306.0,147.01020372749642,77.67735960507635,9.015055037176545,0.8951661035358537,0.2953075417692795,1.3615727280987173,228.0,23.40939982143925,10.894246176035715,1.2209367428498927,Aggressive
37.505829236741405,2.4579913925133923,2.9358713532131335,1520.0,163.82917933017916,86.02530980350994,9.983898865920303,0.6938859891582562,0.2236187027316445,1.668621482831394,95.0,12.041594578792296,4.427437093522814,0.6200913519998437,Aggressive
32.507508958519615,2.0550209906284893,2.93628540211479,1574.0,166.50525517232182,71.92206527247573,8.347108863061818,0.9221610757133842,0.1647614717231512,2.253812061509171,127.0,16.703293088490067,3.3335688186414307,0.472448596633444,Aggressive
28.136635894750057,1.742199157373114,2.9383024635554587,1608.0,169.34580006601877,60.97385967620695,7.076485395548418,2.581164208587328,0.42198672275823024,2.2782922169291804,381.0,42.01190307520001,13.687063527829718,1.5691273594936772,Aggressive
26.96977999465128,1.7073401733193296,2.9352600768576105,1574.0,166.31295800387895,59.75385747774683,6.934894756776556,0.33925515652964994,0.17975951205944987,1.1896416897211255,85.0,10.908712114635714,3.5327852518871583,0.519686807261793,Aggressive
29.737689892613524,2.2758168660342686,2.9201741397325454,1302.0,147.13938969562162,79.64952666350084,9.243940193219382,0.5422915300846963,0.2180693114819121,1.417740209660606,57.0,9.1104335791443,2.4820930187148282,0.4648026244767623,Aggressive
38.86052774009445,2.488990231005761,2.9286898025388064,1557.0,163.55121522018723,87.1102137999101,10.109810319235988,1.2942938086546243,0.2180693114819121,2.142308520259607,174.0,20.248456731316587,6.6795619834553115,0.7824848909071157,Aggressive
33.86944525587374,2.411633736661472,2.9305641726317835,1401.0,155.70163775631906,84.40287462388626,9.795602784373228,0.059885951286947195,0.04430324986810541,0.7465076208168888,13.0,3.605551275463989,0.1318612315438017,0.05218862284233843,Aggressive
30.421679464566633,2.147434193722204,2.9258786354352795,1411.0,154.5736070614903,75.15636236980708,8.722473917786424,1.1604136700101932,0.3505002728871446,1.7940901513615939,200.0,23.2379000772445,9.746457600834393,1.2172902490552702,Aggressive
32.83727837673601,2.2748179857245603,2.916344451439735,1439.0,154.24979740667408,79.6145676362394,9.239882929218515,0.8536297942724884,0.6064346502460319,1.0576956669739532,132.0,14.2828568570857,20.144843662628016,2.394721130328937,Aggressive
30.886630010347293,2.0607015428707878,2.931437531563527,1494.0,160.59265238484605,72.12087445788913,8.370182198168857,1.5751034245920355,0.2861408550992511,2.375481432028669,241.0,27.40437921208944,7.462263584136965,0.9187588323960187,Aggressive
30.466364312001158,1.8206292162426725,2.941429144131889,1667.0,174.0775689168481,63.71877169368243,7.395053547652955,1.8259725936968836,0.4404482225177601,2.17326079498425,322.0,36.11094017053558,15.595698161558673,1.7785580749799152,Aggressive
39.977105821667614,2.5628564605311657,2.9326867384678086,1555.0,164.42931612093994,89.69539993941184,10.409841054670908,0.7008036356980463,0.4719560263527462,0.9733356162803335,110.0,11.575836902790225,13.568092172796074,1.6827386193116765,Aggressive
46.413424899044834,2.9000315857931063,2.9398689867818653,1595.0,169.4668109099832,101.49592727121679,11.77938301522148,0.9776049177546773,0.23991351730292634,2.208360407626244,161.0,23.430749027719962,4.536836508548621,0.6712443506100482,Aggressive
38.11742805604178,2.3846809956261494,2.935620267187602,1591.0,167.25130791715802,83.45957681386157,9.686125818149664,1.3913089418435467,0.28758463754184027,2.2429816396677285,191.0,29.546573405388315,6.07173228263855,0.9005629994921387,Aggressive
37.812084253824,2.616493888645282,2.932080166885898,1440.0,157.8923684032892,91.57261414961383,10.627706202348186,0.6401688192067575,0.13256869730616608,2.064189486223454,70.0,10.392304845413264,1.6286549351432131,0.28427538261904534,Aggressive
31.665252828492584,2.035759375096829,2.9289423447438283,1550.0,162.99079728622718,71.24794312197753,8.268871802489484,0.712173000964951,0.22321695897163865,1.662718733398853,236.0,27.09243436828813,5.91588484879696,0.7825319059536102,Aggressive
26.27595739435318,1.642089771153916,2.938359346660443,1593.0,168.49035580709062,57.470209911616166,6.669859892063712,0.7176043810388528,0.20364547980972586,2.0626481140280037,318.0,33.61547262794322,6.9892143336209465,0.8066641251866683,Aggressive
26.293538867915803,1.642089771153916,2.940803234229836,1595.0,169.83227019621447,57.470209911616166,6.669859892063712,1.752134096797799,0.324886537229013,2.31346995505017,306.0,37.282703764614496,10.831935337095551,1.2112657392525759,Aggressive
27.2490213263556,1.7339442756237702,2.9310078107328486,1566.0,164.6572197020222,60.68495355471216,7.042955618029016,1.2984445988833713,0.3171508203596265,1.9210513639420275,310.0,33.2264954516723,9.556065588286431,1.150942646375049,Aggressive
26.054187336690923,1.7626484710958117,2.9381321115912336,1475.0,162.46538092775333,61.689549142664134,7.159546662852583,0.6984879192534637,0.19334394709669314,1.8071652382684331,352.0,39.6232255123179,6.805202939293602,0.7875037421684161,Aggressive
20.885912167778773,1.6350165184494236,2.9219732300075614,1275.0,146.0719001040241,57.222658696800764,6.6411296695455055,0.20996202799605354,0.08625942603633616,1.080267746504658,45.0,6.708203932499369,1.124974547010481,0.19945831448947876,Aggressive
29.158083650199707,1.8659168479045982,2.91984171964361,1557.0,163.12265323982442,65.30375793726759,7.57900339213446,0.0,0.0,0.0,0.0,0.0,0.0,0.0,Aggressive
34.450608740046334,2.112935480929491,2.9408982677776225,1626.0,171.5983682906105,73.94896902219213,8.582346633136055,1.258664043035273,0.39137529809737387,1.7243723688101715,234.0,25.019992006393608,14.964257572636452,1.6705070628272534,Aggressive
38.973225209852096,2.814031447168809,2.9364208178280085,1382.0,156.556698994326,98.48607597929059,11.430066622537884,1.4594389852866188,0.47142565041108514,1.5837426401202843,307.0,32.63433774416144,16.499055997289794,1.9148423508888792,Aggressive
50.93467715965799,2.91248951986335,2.9410852507414766,1742.0,178.03370467414308,101.9319327190669,11.829984800978119,3.0244656041618816,0.44647741349094056,2.525301008132555,608.0,69.0941386804988,15.89711936314901,1.8177653688765119,Aggressive
40.96843746222011,2.7388278138464566,2.931983386705195,1489.0,160.50856674956637,95.85408309493403,11.124603604348723,1.8762585044174134,0.3322092149829927,2.1196331848242367,173.0,22.693611435820433,8.224088271458946,1.0792728768052837,Aggressive
31.57660561490071,1.9646446604296093,2.9332441966484977,1600.0,167.594749321093,68.7590550894689,7.980017203047501,1.9178839121185307,0.30164229739416387,2.1722341251344126,444.0,52.592775169218825,12.392128351962926,1.3817832304447735,Aggressive
32.121446692145526,1.9289083475772222,2.940923890265514,1659.0,173.69801380557004,67.50834794959637,7.834863019657831,0.9551865032695506,0.3209236376509277,1.6061030276930848,274.0,29.086079144497972,11.066958333506728,1.28689741746772,Aggressive
33.47305819172624,2.27338667874913,2.9233796842307047,1469.0,157.79416972752827,79.5644744478091,9.23406922940968,0.9677199644923262,0.2140360266668136,1.9563807061251277,174.0,20.83266665599966,5.944346464041508,0.7258245367025365,Aggressive
32.94824580265598,2.2085553848453086,2.930140305088515,1488.0,159.91247606112537,77.29549492248381,8.970736703651461,1.301728344144552,0.44802335989432013,1.9751364899287172,216.0,25.337718918639855,14.236958619320028,1.6604846266928208,Aggressive
31.782894039286855,1.9893900867147194,2.93672943372026,1593.0,167.93153366774212,69.625100824568,8.08052847179202,1.775791881510237,0.5751242622494709,1.8477907798413655,296.0,32.49615361854384,19.800471399769638,2.3060501098126847,Aggressive
32.57177624329667,1.9988962241026544,2.935016920477128,1623.0,169.17742166140255,69.95779865919941,8.11914061444466,1.7553019382255748,0.3345814082045799,2.4203081678733236,410.0,46.216880033165374,9.807407986034047,1.2197783338052042,Aggressive
34.46989724526735,2.006586000907164,2.9372693463276733,1711.0,175.04570831642803,70.22692711666377,8.150375041933527,2.314587414804652,0.3443513848641932,2.4639489978609506,419.0,48.95916665957459,13.1026755101753,1.4699323110133635,Aggressive
30.50843731923346,1.8872148305689114,2.930601934403966,1611.0,167.47835681066374,66.04914930131702,7.665511793106196,0.4766149389871404,0.2011788776474743,1.101326518015393,237.0,25.278449319529077,7.040901497156932,0.8171507738023107,Aggressive
24.913322639425537,1.834241973962115,2.9034950564393274,1356.0,147.13259326199616,64.19519390722718,7.4503460099338,0.23903349110601887,0.1810928697589405,0.7329044444480869,76.0,9.38083151964686,3.7710785287799253,0.5575926319927512,Aggressive
31.566833699486065,1.9156196148291313,2.936880246556635,1641.0,170.68977708111285,67.04326603147717,7.780886685884945,1.4490226445582424,0.32955767244947537,2.0469384507642125,379.0,42.01190307520001,11.984731688643947,1.393593747915154,Aggressive
29.862115228731508,1.8666795372752514,2.939983538416833,1592.0,169.24538398432023,65.33045070339935,7.582101292951324,1.1538272976996988,0.686561878411427,1.0076254672049165,168.0,18.384776310850235,24.028439834864454,2.788685257456048,Aggressive
30.603416843933005,2.065635421544867,2.929845400066034,1475.0,159.20113064925135,72.29355140165848,8.390222685637108,1.102125758631385,0.5878831248180828,1.4152442228132738,129.0,14.035668847618199,15.264043114402082,2.0001517320083613,Aggressive
25.458279789091154,1.7699644896477267,2.92567172592716,1433.0,155.8685343486619,61.94559672866204,7.189262954596317,0.8208443508717431,0.6335044752265179,0.7165286244432929,127.0,13.674794331177344,22.17152546150516,2.5731760619804565,Aggressive
34.71077836991839,2.14364873237635,2.9391721114183094,1612.0,169.85287751463028,75.02387798193729,8.707098085571154,0.4373251410431029,0.18018266641849923,1.2072931355015029,61.0,7.937253933193772,3.0356432669090507,0.48206753983742373,Aggressive
35.675787954876675,2.1359417596576478,2.9417196365020337,1665.0,174.12351937633238,74.75414769818084,8.675793811512143,1.9348621799852652,0.5429183380157504,1.889329938158124,263.0,31.28897569432403,18.50112228682547,2.194376406791347,Aggressive
38.64821551953173,2.5109310374035623,2.9420197261258068,1533.0,168.02678357928536,87.87810284681994,10.198929749344485,2.365920084654798,0.5252621802375667,1.965618024555343,310.0,36.932370625238775,18.36128592250323,2.076114138662329,Aggressive
32.467759759926814,2.314557406248512,2.9244581336251336,1399.0,153.61966020011891,81.00537639675716,9.401296983274953,0.6200978155962936,0.21130625958246,1.5299590685531241,85.0,14.798648586948742,3.063790998073539,0.5229304711030714,Aggressive
24.113776776980288,1.5668315155158934,2.940466174938095,1533.0,166.4602054546371,54.83630534374352,6.3641750082988064,0.8064732027601955,0.25154512026126585,1.7036694556463121,199.0,21.840329667841555,7.885345066436614,0.9070362218550431,Aggressive
24.927549982489964,1.6588173495657077,2.9363082949039843,1496.0,162.42536747688152,58.05564528763897,6.73780417032431,1.6524115343542338,0.29645098576938,2.2922105615278863,254.0,28.0,11.477170915314646,1.2509619231792972,Aggressive
30.77649178152493,1.8945082584100246,2.9387280679983205,1618.0,170.20575783445165,66.30440625277431,7.695136325630333,0.9395237228385381,0.31096754050829023,1.6532533705312207,111.0,15.905973720586866,5.98214855338588,0.8807329721953643,Aggressive
39.78303138539253,2.45453872268338,2.940577755723389,1615.0,170.7893439298834,85.90447252446953,9.969874770268362,1.9515277182360489,0.37008759926409746,2.1883996443443934,427.0,45.79301256742124,14.355066126043143,1.6388446737541724,Aggressive
44.44580922296999,3.143351748567471,2.9267616731050436,1413.0,155.2063143045411,110.01169850127864,12.767703765480288,0.9072663794496343,0.28837851558039146,1.413495820882206,91.0,13.601470508735444,5.825418872062606,0.8737409589505715,Aggressive
39.62497075682043,2.672896318609107,2.931143019261073,1477.0,159.6026315572522,93.54659848743013,10.856802267642038,1.7089058444478125,0.4338456658174375,1.8361817333885806,215.0,23.769728648009426,14.037403099464647,1.6796355258784528,Aggressive
43.86402373560707,2.962249437914464,2.9179686807020295,1473.0,156.57266683556233,103.67344100065904,12.032100231858779,0.3364326663785724,0.12405908000442253,1.2693520733581185,81.0,12.12435565298214,1.922119713792891,0.3299178752217556,Aggressive
43.43612448435234,2.8524056469757957,2.932999506409065,1515.0,162.47153596861205,99.82910445242217,11.58593540674132,2.1326054151295253,0.45885914605907696,1.979667816478726,234.0,25.92296279363144,16.13522060953005,1.7857769818741525,Aggressive
35.048352120073545,2.2930620077457737,2.9330626857938067,1522.0,163.03987242389513,80.25307583086419,9.31398671628718,0.8235816200951317,0.21880890437958125,2.026635997093635,271.0,30.24896692450835,6.18378041007302,0.7714952107087503,Aggressive
28.54623835612924,1.9974932398094238,2.9347671283383767,1426.0,158.25928092848142,69.90869671407373,8.113441956045467,0.3304977157586624,0.17811443626837264,0.8073099890457359,71.0,11.445523142259598,2.35300370659491,0.4437082301142714,Aggressive
30.447336695772428,1.8956994969363363,2.9330502633924196,1599.0,166.73032117764302,66.34609747414638,7.699974912538371,0.005026433153409222,0.005026433153409222,-0.0,100.0,10.0,0.1759161852826976,0.020416426360481386,Aggressive
35.02006079512952,2.116007143248965,2.9384529214816215,1646.0,171.65080832900264,74.05647171868219,8.594823147920156,1.4943588293896528,0.36484722870764696,1.8552878559654324,392.0,42.5205832509386,13.212653723630035,1.5298066445778935,Aggressive
30.87794978260278,2.0442693295733605,2.9376775451595485,1505.0,163.4717100907677,71.54577633347174,8.303437637465986,0.5635015101293187,0.16830450439637099,1.7608124563745104,119.0,15.524174696260024,3.507702309675891,0.5039844355564683,Aggressive
28.05933115673574,2.0763838794395095,2.9289607480412507,1348.0,152.03946855997623,72.66972823576492,8.433880900597323,1.7249624450313106,0.4895068170096527,1.9155983252679856,324.0,34.64101615137755,16.793285666090068,1.9438292277639637,Aggressive
25.67247226485964,1.53534175053207,2.9375765594960863,1664.0,171.87204542915057,53.7342197967298,6.236269503882612,1.1648316712584992,0.8357634080139323,0.764691071579474,134.0,14.628738838327793,28.789794719580442,3.345485638006753,Aggressive
33.28204403812153,2.3007907282383075,2.9253546534791357,1444.0,156.3009916795156,80.5235672478724,9.345379325714312,0.9537867221368068,0.19766619070518235,1.7723854584925482,87.0,13.820274961085254,3.766733670475507,0.6122837586971972,Aggressive
37.7413964024385,2.5032480040948144,2.924526399503252,1503.0,160.14680764848234,87.60921039966622,10.167722712667436,1.655364005386119,0.4772852424658577,1.679453500044292,154.0,22.181073012818835,10.378099956897774,1.5089590667395576,Aggressive
34.72819386919157,2.3823861840184284,2.929834259625497,1452.0,157.95568998931313,83.3792625051556,9.67680472488725,0.48770343765556856,0.12822588603560356,1.670976064794421,93.0,16.881943016134134,1.9093450343970106,0.34405577607029436,Aggressive
32.39409777402929,2.0426717954274034,2.935074263510684,1580.0,166.667333332,71.48986549088451,8.296948754145781,0.8636079763637455,0.2620463447425432,1.7866519793979574,258.0,29.49576240750525,7.591565269412415,0.9509304651427359,Aggressive
33.56846331530205,2.012415078643615,2.9397526705939985,1660.0,172.89881433948585,70.4309344291687,8.174051659670909,0.2452987044308603,0.09373475967562236,1.34330716825142,116.0,12.884098726725126,2.4537030085168703,0.3006813563194142,Aggressive
39.18774761115072,2.4904281128895587,2.938005566086214,1569.0,167.04191090861,87.16053709839329,10.115650725086349,1.2966307671108563,0.5888951549445264,1.266712183793636,145.0,19.974984355438178,15.374754604667125,2.0407105218616994,Aggressive
42.944840587622075,2.4600510247064227,2.9423685166252604,1738.0,178.51050389262812,86.09739325263284,9.992264704620489,2.345808957244552,0.4891333959318462,1.9332994163815578,416.0,44.429719783046124,18.68400757963007,2.135351603019512,Aggressive
43.064945956061386,2.5790917637523503,2.941913377780662,1665.0,174.4849563716024,90.26360656275892,10.47578580366863,2.225202715657536,0.3194233784313339,2.4512541141935147,401.0,48.46648326421054,11.326632574351146,1.2805420342557665,Aggressive
43.51236543591024,2.9001802798746525,2.9359016077468634,1493.0,162.08331191088118,101.5011312985661,11.779986982622116,2.2752443432440965,0.49185321635995116,2.1643122173060143,272.0,36.66060555964672,13.60995573949332,1.7302917682025571,Aggressive
34.757561708940266,2.2296655611526575,2.9408284530301656,1553.0,167.72894800838642,78.03431339938231,9.056482270514007,1.8441348508319861,0.42467889485371213,1.9025104550507304,380.0,44.204072210600685,15.751268377207747,1.7971022379209665,Aggressive
32.20644618029248,2.0400183984325517,2.9393981673927576,1575.0,168.1041343929411,71.39700133391099,8.286171154464828,2.3743084876202243,0.463126430177108,2.204136172182448,487.0,53.73081052803875,16.02720880508423,1.8570905918369194,Aggressive
42.541863948003595,3.0367475329927442,2.9259004056127704,1396.0,153.69450217883528,106.2807413062664,12.334697486361252,1.5877838940224172,0.5444255093185,1.6005157136658672,140.0,16.55294535724685,12.780104095285587,1.738845766215775,Aggressive
39.291569123199366,2.7947866903765526,2.9261592817047877,1402.0,154.53155017665486,97.81254385456896,11.351898038995103,0.2598445933763341,0.10746873173138229,1.2763285095448627,171.0,18.681541692269406,3.8309504118832676,0.42964071253217184,Aggressive
37.20139782950019,2.465232221087564,2.9367159431950114,1505.0,163.20232841476252,86.27872587454438,10.013309750112242,0.6498887254103398,0.1658497033517025,1.8862314905810817,77.0,12.767145334803704,2.388852478277804,0.40694257235370435,Aggressive
39.92331801359801,2.5415583092794587,2.9362546541570342,1565.0,166.0933472478654,88.95000267510463,10.323331968928876,2.554582022644113,0.6273700014257573,2.060392727387498,403.0,44.82186966202994,21.956829832057757,2.5482589828527686,Aggressive
36.229372733019865,2.547521413994174,2.93098268685752,1417.0,156.49600633882002,89.15870069253326,10.347552979051184,1.7098882031929044,0.4100750118446873,1.931825153482786,198.0,24.08318915758459,10.52803334322843,1.3382664503877844,Aggressive
30.548662187158563,1.9283565610365176,2.9358400917711776,1578.0,166.66133324799728,67.4890364059294,7.832621766480643,2.3781979673882034,0.31546005738476346,2.472938244774615,356.0,44.85532298401161,10.845429550517688,1.221469932358112,Aggressive
32.98422901174695,1.9852081078180743,2.94199231291624,1656.0,173.95401691251627,69.47873903043342,8.063542059841721,1.2231745421277656,0.3465162155911068,1.9536020692052298,310.0,33.76388603226827,12.554830840139676,1.429389309492583,Aggressive
30.714295677177404,1.7979977072914746,2.9412907073039483,1700.0,175.64737401965337,62.92670929070675,7.303128613643773,0.9386040786040304,0.27651249185063437,1.8044439542626398,172.0,22.090722034374522,8.879150708516443,1.051583977595564,Aggressive
26.232099889554927,1.7829152046707601,2.9303479816373765,1467.0,158.95596874606503,62.39884862996111,7.241866323926714,1.1687813367261521,0.17041336410846208,2.2663349067022547,231.0,25.709920264364882,5.862612637606533,0.6583719972819744,Aggressive
27.74975446222831,1.8124002969520114,2.938997541891495,1526.0,165.34811761855653,63.430774211883545,7.36162922475906,0.5066093337857973,0.25158027073292394,1.3031219323720094,104.0,12.884098726725126,4.899590241788613,0.7434781940577042,Aggressive
32.331487787629385,1.8264552594060304,2.943191938383306,1762.0,180.42172818150257,63.92267280154758,7.418717839525017,1.7000863635158168,0.2759460382066479,2.422909428981406,473.0,55.054518434003214,9.541322939323656,1.0879936158240935,Aggressive
34.27818320109627,2.1013026135656965,2.9387526272599027,1623.0,170.26743669885911,73.54183943584712,8.53509611320562,0.505184601718735,0.09452273715538204,1.9313889133163162,137.0,20.024984394500787,2.1907018748196685,0.3087171180739356,Aggressive
31.08083156151749,2.137017347231646,2.926312952863613,1452.0,157.62613996415695,74.79179134272567,8.680162645997466,0.22450092056467452,0.18252872859400965,0.5743446745117256,48.0,6.928203230275509,2.5622084574265913,0.46281488341942467,Aggressive
22.029937120039204,1.8234958762909894,2.9230936581860565,1203.0,142.4324401251344,63.81909967672946,7.406697381757721,0.3152859909004135,0.13912607258488502,1.3583589511168357,78.0,10.198039027185569,2.302836609609201,0.36089364549710096,Aggressive
25.742012288972795,1.8994364051127064,2.9017673134960833,1351.0,146.63219291819925,66.47688258777964,7.715153530908535,0.14398374975685663,0.13912607258488502,0.15043380524901673,18.0,4.242640687119285,0.749315825375644,0.2214249009526929,Aggressive
29.697011946066933,1.9207937305397227,2.938736972341023,1539.0,165.743778163767,67.2243508425626,7.8019029710242895,0.3494696981473562,0.20775412318996184,0.9627980690117869,76.0,9.486832980505138,4.090748389561972,0.6001088504715876,Aggressive
29.71399316421306,2.0516217630023887,2.937119942407692,1442.0,159.94999218505765,71.80309837514702,8.333301839593549,0.6412981861594554,0.21193711361097106,1.4233353259672703,170.0,17.776388834631177,6.610838572184242,0.772980257483055,Aggressive
35.15149203328807,2.0507346561349316,2.938049503669421,1706.0,174.95713760804387,71.77205121878421,8.329698578298602,2.861433670514223,0.5066231579521089,2.1697487779546374,561.0,62.473994589749104,17.730905913343335,2.0578080084141157,Aggressive
33.6648124439908,2.0668003604377083,2.92730069391334,1621.0,168.03273490602953,72.33432218281908,8.394954448379046,2.332950290938666,0.5970278108331885,2.129327595929137,378.0,45.5411901469428,20.777283227804933,2.40786303787662,Aggressive
30.45565530355672,2.0748391131478883,2.9269226170198803,1463.0,158.36982035728903,72.61566417385833,8.42760635037961,2.039805978316057,0.3704141530463599,2.222137769942057,346.0,39.11521443121589,14.333743572235104,1.5729885758406876,Aggressive
36.32441530940478,2.4464340523021293,2.925266146557119,1481.0,158.24980252752292,85.62082353264395,9.936955123082255,0.4500008900264513,0.25453206741523293,1.1445760746548574,102.0,12.409673645990857,5.597964351827447,0.7940618840527953,Aggressive
37.138938897405346,2.3453981097652674,2.938790641242275,1576.0,167.70211686201222,82.08474595137315,9.526566122053454,0.7271071466789071,0.2640028014504189,1.6153734500804537,113.0,12.68857754044952,5.934511449601916,0.7797844499844331,Aggressive
36.30666196099393,2.456178403677848,2.931119373552452,1474.0,159.45532289641508,85.9618584314982,9.976534846162442,0.523120445983637,0.16078449509766324,1.4883887559120892,223.0,27.477263328068172,3.9705986904375483,0.5431982758001636,Aggressive
33.493348696123746,2.342772361103039,2.9268783831968297,1426.0,155.56349186104046,81.99284943667325,9.515900824700964,0.5275465394268571,0.19588287325098938,1.3443565155728843,70.0,11.40175425099138,2.3934609697322653,0.44260429686570923,Aggressive
28.051085631586766,1.9939793727553736,2.9390901879725195,1401.0,158.91821796131492,69.7857176414644,8.099169288776256,0.6744166739571338,0.5752382273278444,0.5194130331228174,75.0,8.660254037844387,12.897223768812237,1.8577431040548802,Aggressive
32.338706699842334,2.467986939106236,2.924825781707466,1307.0,148.81196188478935,86.37513608643505,10.024498896740795,0.692643500064155,0.3132353781329644,1.2663907988284486,184.0,19.79898987322333,10.268872860706212,1.2128663883185646,Aggressive
39.60324827109791,2.6082636206554684,2.938294889415311,1511.0,164.14323013758442,91.28456946575281,10.594276401291928,1.066872954425115,0.327935018781806,1.800678920553739,167.0,18.138357147217054,9.580478974062988,1.1482583102907429,Aggressive
37.20759071883298,2.22142888684187,2.940033385101485,1669.0,173.40991897812535,77.74604450572622,9.023026448186519,0.6639553203945477,0.18268231170998334,1.7024717946057981,158.0,17.378147196982766,6.246114608013267,0.705600807143548,Aggressive
36.01079150591594,2.329514479848058,2.934978843105505,1540.0,164.33502365594498,81.52884726572519,9.462049803892155,1.0608859103004455,0.3686508974920581,1.8087829733922396,159.0,18.734993995195193,10.681269546951912,1.2838497628662653,Aggressive
36.690397299861736,2.1014830020773227,2.941225958171236,1738.0,177.8370040233472,73.54815271165637,8.53582881742181,2.6084719946745065,0.4523740947724027,2.542037367976272,566.0,65.43699259593154,15.846524477005001,1.8371802381215092,Aggressive
36.21667936665384,2.322338220245805,2.932763317311821,1556.0,164.3411086733931,81.27769099341498,9.432901186723395,1.5529886360035812,0.3524548751336858,1.9646784680020526,400.0,42.871902220452036,12.437595690139617,1.4378176398217049,Aggressive
36.13740384200315,2.2589181714175224,2.934510841647933,1595.0,167.11373372646545,79.05810252584592,9.17530087310885,1.3624653245966312,0.3125052261293617,2.0732111798618473,331.0,41.46082488325576,8.798024914481424,1.114544523336069,Aggressive
36.14462199557283,2.361149735752941,2.9339117610805814,1526.0,163.2053920677868,82.63602473519065,9.590546265073373,1.2328069514738393,0.3988243321031893,1.8486296164692664,269.0,31.32091952673165,12.271401198223383,1.5133409218949,Aggressive
38.45245976117585,2.3964300197044404,2.939821746466464,1597.0,169.42549985170473,83.87077167780713,9.7338481448137,1.2184089136729417,0.3740787372306851,1.7333204691412814,204.0,27.055498516937366,10.05635543303056,1.3530081393786875,Aggressive
30.078101727253706,2.3893705911662595,2.8803254422927917,1257.0,138.50992744204294,83.62370428412851,9.705174073459725,1.0590644920951988,1.0575163540556967,0.011003473219064686,90.0,9.486832980505138,33.18000157674154,4.066977635567358,Aggressive
29.505670395742992,2.749310578008086,2.8627021243138127,1074.0,126.22994890278613,96.22096112280181,11.167182621323223,0.7891897917102422,0.7891897917102422,-0.0,100.0,10.0,27.620233550216213,3.205540544385302,Aggressive
38.6736101758713,2.596067165633386,2.9331175538004306,1483.0,160.72025385744013,90.85771531769726,10.54473669426362,0.6351831842027068,0.2001919670427432,1.7330042846596379,82.0,11.135528725660043,3.228904073888605,0.5050396664860306,Aggressive
40.34348820718542,2.596067165633386,2.9403411646453317,1549.0,167.4126637981727,90.85771531769726,10.54473669426362,2.016265951898358,0.4505353120655694,2.1944321037959256,250.0,32.95451410656816,10.076547210866753,1.4048700585105314,Aggressive
31.779856347327282,1.8684168303708704,2.9401959416926204,1694.0,174.69401821470592,65.39125285967432,7.589157850846504,1.3516608956871665,0.30448265780901,2.1173546623085544,318.0,34.02939905434711,10.121944295035465,1.1696432513734472,Aggressive
30.601100706019935,1.9725815863537868,2.9395672605965535,1545.0,166.5142636532979,69.03683332481769,8.01225550378958,0.876914410788211,0.23587905237606951,1.7363849724931888,209.0,23.93741840717165,8.703408176248724,0.9757166743762185,Aggressive
34.292108098375785,1.9597841172719388,2.9421296144918143,1744.0,178.51610571598295,68.58894475782759,7.9602745906577965,2.6400914033643494,0.34928458918869637,2.514265683404941,546.0,60.249481325568276,13.909365610642869,1.5566663165903827,Aggressive
33.71728071852722,2.3005858945545445,2.93463374819835,1460.0,159.8311609167624,80.51639843468715,9.344547329805273,1.9785763854985823,0.31035523109312396,2.4295878685848815,490.0,58.532042506647585,11.548192327672787,1.2941612508618303,Aggressive
38.07503574428516,2.52620336942997,2.9328486891210668,1502.0,161.56732342896566,88.4126071978097,10.260963090414283,0.7016017284214485,0.2541242545090415,1.6867326191939098,82.0,12.328828005937952,3.4173822667863627,0.5963126218342547,Aggressive
35.31961471617996,2.141935210103291,2.9403371892494667,1641.0,172.15400082484288,74.9639077620073,8.700138080287642,1.686975490468442,0.3295898726417377,2.260115907792267,467.0,54.616847217685496,10.79874654972192,1.287170367975631,Aggressive
32.05815687707914,1.9429501602145056,2.93880911637189,1646.0,171.7032323516363,67.9997863191547,7.891898222340737,1.5383839100575862,0.34083397747486804,2.1284743638984307,266.0,28.809720581775867,9.81435717235912,1.2006371307745816,Aggressive
32.09828910623121,2.088204890335057,2.9389703669622156,1533.0,165.93673493232293,73.08344250977642,8.481895624177543,0.6904051652334384,0.17467997387691692,1.8223910736872404,127.0,16.703293088490067,3.6481938578865742,0.5167436044463432,Aggressive
31.46385225842194,1.9476387442302516,2.9393710961061474,1610.0,169.9117417955569,68.16387838787503,7.910942369029026,1.479078405168331,0.3600338900203088,2.1295506559246244,322.0,39.698866482558415,11.731351960789073,1.3605212520470387,Aggressive
35.638217916939276,2.1435686533641793,2.9369830077636223,1655.0,172.01453426963664,75.02107535949861,8.70677281968079,1.9746049722570977,0.2816485068101719,2.4713823612947463,400.0,50.457903246171455,9.606011378644695,1.1052449451575916,Aggressive
31.50029663832931,1.9489021381612142,2.934915870466629,1611.0,168.1160313592966,68.20809491957075,7.916074037623541,0.8209943093587448,0.1966226347360526,1.8632670819568558,166.0,19.544820285692065,5.5496846112338005,0.7366336842921576,Aggressive
32.24189117412796,1.9517424985760603,2.9399824839231083,1646.0,172.16852209390657,68.30750246240635,7.927611047562209,0.9784876413498894,0.2866066620689935,1.6607119036695883,227.0,26.476404589747453,9.688140686112217,1.1177331971310223,Aggressive
34.80227437329481,2.366105867963034,2.931741223622,1467.0,159.21997362140215,82.80948051298509,9.610677142220627,0.5091872036281176,0.1423658165362204,1.7199328231307627,102.0,14.212670403551895,3.1853459965098962,0.4474331305574416,Aggressive
31.347576184050933,2.0383967562892464,2.9361773196358913,1534.0,164.37761404765553,71.34024675446327,8.279584348992366,0.5217419068625427,0.20258573945076794,1.3963788358544293,121.0,13.228756555322953,5.44030714275861,0.6694445594986222,Aggressive
22.64227485788767,1.4512538987184092,2.930459756372673,1554.0,163.97560794215707,50.791295128639305,5.894720460660929,0.43597180573741806,0.2543537019523348,1.207421782805884,162.0,17.88854381999832,8.666586995124817,1.0119700872203066,Aggressive
26.563110869634755,2.1941222808664502,2.8766463521217425,1211.0,135.49538737536417,76.79036205465141,8.912112149112689,0.5384071079385383,0.28210124825687594,1.256406341436656,49.0,8.774964387392123,2.984191417694092,0.6001024983425098,Aggressive
36.43543617752866,2.309899336551088,2.935513243121554,1573.0,166.64033125267125,80.84235227469242,9.38237678001015,1.2553931104160394,0.47443898149221997,1.7157710811638114,189.0,22.11334438749598,12.729882343850955,1.6626858634249508,Aggressive
37.19112445088196,2.309899336551088,2.936183270949458,1606.0,168.1963138716185,80.84235227469242,9.38237678001015,1.6419766490125127,0.42657162552663935,1.9317514997665381,186.0,21.77154105707724,15.238501717345882,1.6952639151838755,Aggressive
36.92151847880311,2.411292684363322,2.937785421740654,1527.0,164.95150802584376,84.39093840242637,9.794217494065421,1.7344021589859926,0.37206057753658944,2.0061968033778177,352.0,40.24922359499622,13.63393113348219,1.5404094183062782,Aggressive
37.708904385397084,2.1984335662943266,2.941555902397892,1709.0,176.5191207773254,76.94124934649226,8.929623779879638,2.0988044855607586,0.29941846107933506,2.4790576099285118,529.0,64.16385275215322,11.941863332131895,1.3402908140555567,Aggressive
37.625237327718956,2.182451818513784,2.9413016975410082,1718.0,176.6069081321566,76.3819167108247,8.864708925406356,2.5214159932013143,0.29941846107933506,2.627657640334172,425.0,55.27205442174191,10.654701004124654,1.191049708699356,Aggressive
38.15151558418042,2.1998451485446533,2.9418580165747934,1729.0,177.8229456510042,76.99065220476402,8.935357361563902,1.5319728686368972,0.5239062318272741,1.850263761724689,291.0,33.98529093593286,18.335782638703932,2.1280086047984006,Aggressive
38.376121366104194,2.5666028096016023,2.930676066846423,1490.0,160.54282917651602,89.82651546747998,10.425058020177621,1.3373606385748142,0.45342894609693335,1.9138247673306883,217.0,25.11971337416094,12.487778338519009,1.5955799022898518,Aggressive
33.191739947620995,2.367869797866912,2.928397557136298,1398.0,155.04192981255102,82.871214909987,9.617841893822495,2.7485925642968545,0.5081197082490337,2.1963978349315454,235.0,29.376861643136763,11.847391453656286,1.6118893946498778,Aggressive
29.291704585725796,1.7863373601824508,2.9403203755370066,1632.0,171.5925406304132,62.51861796234594,7.255766476155171,1.948309384883757,0.33550071526429953,2.1408616718464595,416.0,45.95650117230423,11.454941446130924,1.3037983996370381,Aggressive
30.965484825156146,1.98834029301201,2.9370702209607438,1553.0,165.85837331892532,69.58835991946133,8.07626440716191,1.113356039298204,0.6140037184764064,1.2989449133356727,168.0,18.76166303929372,20.262160368640018,2.4083926242446188,Aggressive
27.655145155446085,1.815017447657144,2.9334143268737187,1517.0,162.69296235547498,63.52236981343741,7.372259598826479,0.3728888474035255,0.13535612127928257,1.384473141889886,162.0,17.146428199482248,4.40658221100316,0.5171805515729198,Aggressive
27.065282983209325,1.6665025745105781,2.9376394254789906,1620.0,169.76454282328805,58.324614438143655,6.7690201090152,0.7768839234694254,0.21330469455145254,2.0174031520511013,264.0,33.61547262794322,5.468978556719693,0.7396683249644214,Aggressive
28.854906280289082,1.7622323974073122,2.9390924728024936,1629.0,171.15782190715095,61.67498730649852,7.157856649763277,1.9065582109866832,0.34057839898549797,2.413471227836082,554.0,60.41522986797286,11.919635835320056,1.383365418505931,Aggressive
32.07093327273674,2.261125317580341,2.930482423537574,1415.0,156.40652160316077,79.13534870051376,9.1842658858176,3.0548863564800746,0.7612157482418035,2.163136590365374,383.0,41.19465984809196,26.19199697658269,3.0462107570462984,Aggressive
39.104724557317844,2.5403239123802717,2.936228405426147,1535.0,164.72704695950813,88.90680098774456,10.31831808082519,1.5567705570141608,0.3347747779455479,1.972216414737882,278.0,30.528675044947494,12.687169385678839,1.4133514898114514,Aggressive
36.00938919597228,2.225962707629884,2.938772909996668,1611.0,169.66732154425023,77.90472013781769,9.041441975743535,1.1466717743469133,0.47913009431887654,1.9119799679284077,160.0,19.493588689617926,12.168694236061786,1.6051826543128163,Aggressive
32.30498627075422,2.2282163839134586,2.9373800615342147,1445.0,160.17178278336044,77.98359478362883,9.050595985053844,1.3567137970614405,0.23407853900768413,2.2793032244239857,449.0,55.83009940883144,8.973474196713381,1.0080222488796713,Aggressive
27.375552234731487,1.673968298668404,2.93954966392826,1631.0,171.15782190715095,58.58590145303745,6.799344476781343,1.8002105854256907,0.5264173410615532,1.7502026650174654,310.0,34.61213659975356,19.569459857362695,2.2482797176475287,Aggressive
28.746844795280243,2.1060115966561215,2.9225681280232907,1361.0,151.0132444522665,73.70664543575711,8.554223117099665,0.630707526065638,0.23549231289413355,1.3166204024823815,136.0,15.033296378372908,7.6495349310865315,0.901119823106344,Aggressive
29.26962815076949,2.1086663423501255,2.9196078072469116,1384.0,151.51237573214937,73.79955679479272,8.565006194942983,0.34222212607742286,0.153521750162266,1.2804389458308703,52.0,8.717797887081348,1.7925395748831998,0.34133428890723694,Aggressive
31.806632998829528,2.0901183572574515,2.934795908975659,1515.0,162.79742012697866,73.15041043541648,8.489667767031523,0.9465836571389009,0.454290259093102,1.364355117409392,207.0,22.06807649071391,15.899347897731893,1.845241613283456,Aggressive
37.039681214700856,2.166397578153802,2.9419550978916242,1702.0,176.15334229017625,75.82004696431787,8.799499619706006,3.9814993195079675,0.4656898015035405,2.5008236710405694,456.0,49.73932046178355,20.371333866408378,2.2298533679864008,Aggressive
27.882895766618347,1.8157792940908268,2.9397504921720996,1532.0,166.19265928433782,63.549033078280374,7.375354075791867,0.8639488600745017,0.2125570094588693,1.7240006734457425,220.0,25.534290669607408,8.305393127479938,0.9168750202976503,Aggressive
26.574885687584334,1.585203158194398,2.9361311181945218,1668.0,171.8545896972205,55.47928003349689,6.4387971664811685,1.276758696625364,0.2520356252842356,2.1609649110425986,477.0,53.786615435440815,8.73517832852373,1.0099720588333327,Aggressive
24.392044347896615,1.5255530606717178,2.931759859803061,1593.0,166.22575011110644,53.39163313008318,6.196509686214706,2.00814762593819,0.3065620147271435,2.508976281940918,402.0,45.8257569495584,10.68641716783697,1.1913932317278926,Aggressive
30.896615188815403,2.0426874740550494,2.9344887758895655,1508.0,162.4438364481706,71.49041421485671,8.297012437783263,0.8951218493449172,0.2155839961189217,1.610962381853205,189.0,19.621416870348583,8.813103846829346,0.9647017419586289,Aggressive
37.61676825568548,2.2873072770500964,2.9367303034145604,1638.0,170.44060549059313,80.05167053203391,9.290612082250117,1.6260822295020843,0.3817111943212199,2.141839679510108,222.0,27.23967694375247,10.743271502581507,1.3404995671744937,Aggressive
34.77549316993292,2.37731642390475,2.9398031048380213,1458.0,162.1480804696744,83.20182995362714,9.656212312560822,2.1734531291819197,0.3569892016838818,2.519093688007726,313.0,42.532340636273474,10.191201470114965,1.234881749054729,Aggressive
28.979630184681913,1.8116234462402587,2.940241511670463,1594.0,169.50516216328043,63.403585824099466,7.358473803237373,0.8875249641945255,0.20835277702621058,2.190560377337662,236.0,26.49528259898354,6.3252645839344375,0.7305047053612002,Aggressive
33.89171101447356,2.218962790441801,2.9354765273458208,1520.0,163.5665002376709,77.65973553513035,9.013009628303871,0.36770023317704637,0.22062357908906632,1.0228231900300266,56.0,9.695359714832659,2.6398178110219015,0.5226189720003961,Aggressive
39.17915732478093,2.5662829993151015,2.9244488329336904,1520.0,160.46183346827368,89.81532267849855,10.423759010927048,0.3590243887047759,0.22911852928752807,0.9353461230355147,90.0,10.677078252031311,5.299457292364101,0.7250712232162755,Aggressive
34.11447700216613,2.502782871474648,2.9188530562776283,1359.0,150.05665596700467,87.59293158849081,10.165833431422138,0.6426387931168899,0.2691541578628144,1.220830056860461,78.0,12.409673645990857,3.621868465885971,0.6626354095281659,Aggressive
30.76005982110859,2.0082545103460134,2.935632446859891,1528.0,163.89020715100705,70.28532196777034,8.157152213548141,0.552263811617162,0.3618215907467469,0.7660111101206419,152.0,16.24807680927192,12.663109615595655,1.4696512691316286,Aggressive
38.82846899265573,2.4546958461346287,2.939523176864987,1575.0,168.08628736455572,85.90997156470712,9.970512976183773,2.9302689150265797,0.5035068199732133,2.2788280392163176,511.0,60.27437266367855,18.678065904463182,2.130193907065869,Aggressive
38.53832030943788,2.3457217975618314,2.9398566233784247,1636.0,171.63333009645882,82.09607444628323,9.527880881020824,0.3681506986939308,0.26969212023720746,0.8107333822230305,83.0,9.219544457292887,6.03089900450273,0.8548319193290327,Aggressive
37.09281540944375,2.3867556320972496,2.941244400027851,1550.0,168.08331267558955,83.5321853859256,9.694552601406146,0.7157575061371055,0.30754454205962944,1.2606123346458056,230.0,24.899799195977465,10.763509827430802,1.249188102953206,Aggressive
34.16620366075616,2.085213812789936,2.9404012200229053,1632.0,171.80803240826663,72.97876013649835,8.469746429594693,1.6186809057287832,0.30589171124842623,2.2541519060880257,320.0,37.12142238654117,10.145619416477704,1.1562735943750195,Aggressive
35.338592936302234,2.155476992529841,2.9360356900121416,1632.0,169.88231220465536,75.43784596703269,8.75514225427408,1.4818004172325587,0.3658491435904479,1.9950348415832138,360.0,41.44876355212541,12.741260420192372,1.4878888627616074,Aggressive
32.82423772033825,1.9768041948123962,2.939863531864619,1653.0,172.4209964012504,69.1846170810738,8.029406945381094,1.6740987853113936,0.36425346390582547,2.278195299488926,221.0,31.921779399024736,6.861180587248369,1.047482455986194,Aggressive
34.726009903795436,2.01808298683136,2.942083321252852,1713.0,177.1863425888124,70.6293010952497,8.197073637005786,1.7824601872942365,0.418318261063842,2.057750043677794,328.0,38.961519477556315,15.15940807082436,1.7044724940399942,Aggressive
40.48636669798693,2.4431656484938062,2.939455956488121,1648.0,171.88949938841523,85.5064352353414,9.9236794813633,1.7914861877839356,0.4049185978104705,2.1787981323709826,386.0,49.53786430600334,13.033958432650325,1.5594084877160896,Aggressive
43.933168337987496,2.7926673782460307,2.9396437723111375,1567.0,167.77663722938306,97.73837171419704,11.34328979161031,0.6737006832946307,0.26780714458440624,1.5480769663383651,165.0,22.64950330581225,6.131899084707703,0.8795149460303422,Aggressive
39.00254812106027,2.407091317916362,2.939443736680665,1614.0,170.09997060552362,84.24389807864873,9.77715233353114,0.7105734437702655,0.23618402697189436,1.6541647691167252,128.0,15.033296378372908,6.181266962879832,0.7952921739461499,Aggressive
26.941980354841977,2.221612984276166,2.895012007714769,1211.0,137.77155003846042,77.75248758720628,9.023774217349208,0.5079039163846579,0.18182858514654668,1.2297201431696112,165.0,17.52141546793523,7.293470917326031,0.8029897885538745,Aggressive
21.46558491791954,1.3513851710042082,2.9322080814425453,1582.0,165.91564121564912,47.29606798200896,5.489072466773057,0.9628574825796243,0.3121710016206703,1.3312977892437097,295.0,30.967725134404045,11.14071830113729,1.2872892117785124,Aggressive
27.883686104321622,1.727529356693018,2.937471768722048,1608.0,168.80758276807353,60.46044284647161,7.016899423514756,1.36248403779737,0.25659119384608114,2.12150008034595,294.0,39.06404996924922,7.066163604909722,0.900610228828591,Aggressive
31.061363932190304,2.121926246653835,2.9273266065921417,1458.0,157.68956845650888,74.26362976883398,8.618865432995337,0.7420665805019698,0.41677079737391604,1.1430237138474755,136.0,14.696938456699069,12.680149075960871,1.5192585516361283,Aggressive
33.47244756818501,2.3637906572806338,2.9215854729855737,1412.0,153.90256658028807,82.72845227308946,9.601273191752458,0.3413186662327433,0.1861587523625559,0.6890172821018548,64.0,8.0,3.8480630282199746,0.5608998479433972,Aggressive
34.05020381683029,2.175083032107533,2.932336806984484,1561.0,164.49620056402517,76.12402234414611,8.834778300560128,1.5061668590558588,0.44255522776851675,1.7994714531614278,285.0,33.391615714128,16.34033803747158,1.8491901901608552,Aggressive
27.54214414408547,1.6069679593528177,2.941837991913407,1707.0,176.34908562280668,56.241009211299385,6.527201696401159,2.0160622983263536,0.9442522620666723,1.2028830674781852,181.0,19.1049731745428,28.769163579651803,3.546837068544211,Aggressive
32.483586070130045,2.1256580972083836,2.9341275281454733,1523.0,163.14104327237828,74.39423787473429,8.634023508256634,0.4361281705453935,0.24480137161843174,1.224100738338701,46.0,8.717797887081348,2.3202073068329794,0.5006775220906113,Aggressive
39.21713205675773,2.4584716979990224,2.9372980838033484,1588.0,167.6722994414999,86.04211963788426,9.985849776492197,1.5228811190635212,0.3060746285709635,2.07021610472748,286.0,32.89376840679705,10.240410807156803,1.156293365385642,Aggressive
36.954372958741715,2.47783615184105,2.923489661952251,1485.0,158.54021571828392,86.71984094561955,10.064504546944786,0.0883185524671844,0.04265328504260093,1.0305205799487385,201.0,21.748563170931547,1.4812171892686328,0.17173614555388056,Aggressive
28.383536263718028,2.2812529665552033,2.905028859991516,1241.0,140.9432509913121,79.83978047515407,9.266020611397943,0.19996690287169502,0.08900942360797497,1.323098909030647,15.0,4.358898943540674,0.30371079541216117,0.10739012354068299,Aggressive
25.796115524056653,1.5147663334386277,2.941796017702647,1696.0,175.77258034175864,53.01411693746394,6.152696028397411,0.8700266042171666,0.23912284242486198,1.5368456057093907,316.0,33.015148038438355,8.239107196981255,0.94636877947348,Aggressive
32.29161282284063,1.9592884703334508,2.938505906565388,1641.0,171.02339021315183,68.57159799999661,7.958261365989013,0.6411793320466547,0.12249880367254923,2.3486851360657015,148.0,18.2208671582886,2.654758845916903,0.3611183966242743,Aggressive
30.212842673132126,1.8719392953820169,2.933975076472951,1609.0,167.97321215003302,65.5145328454297,7.603465441400785,0.7025252501660193,0.28195314423120865,1.5559071595681364,243.0,26.324893162176366,9.935235803777521,1.1492016653982975,Aggressive
32.59641116054498,2.042148331568898,2.9365933279817344,1590.0,167.6663353210775,71.47154519052216,8.294822542378238,1.6779543790131701,0.31318446473996325,2.1141230609336534,357.0,41.291645644125154,12.88503430106423,1.4292679885231756,Aggressive
40.063204921092215,2.4453368855416935,2.936149207459048,1633.0,169.86759549719895,85.58242465510511,9.932498637999108,3.197727420880104,0.43011347808810085,2.540248996818934,699.0,76.93503753167343,14.918124572195188,1.72680846825989,Aggressive
35.80521376168938,2.45176866321185,2.927423780320067,1454.0,157.34039532173549,85.80752538912225,9.958623309542919,1.8250349106112131,0.4395336359050737,2.0001403392355535,212.0,24.08318915758459,12.407701448960736,1.4914766625053595,Aggressive
34.186525016646776,2.2797638341036164,2.9353759566891626,1495.0,162.00308639035245,79.78766349831014,9.259972035377746,2.3028862695462693,0.39023244415315245,2.1595529021583793,530.0,58.44655678480983,13.715136369069418,1.5797578094062787,Aggressive
32.73415195051301,1.9374845568996129,2.9365585792070563,1683.0,173.55978796944873,67.80849996239249,7.869697969360464,1.9149245290034898,0.45259983329302705,2.0931696196873353,256.0,29.966648127543394,13.011402402261293,1.5589136660444123,Aggressive
36.47542257858488,2.442429595931412,2.9349611250107897,1489.0,161.56422871415566,85.48067470993658,9.920689774253125,0.5289562672158495,0.1602315284452003,1.608787950459355,59.0,7.810249675906654,2.283892797701287,0.3630674132382859,Aggressive
39.25710193624934,2.5193314100739657,2.928152724150314,1553.0,163.09199857749,88.1721008907665,10.233050483628908,1.0667460081174003,0.5394145862053428,1.4603029111316395,83.0,11.532562594670797,9.691004839810455,1.4799765498511224,Aggressive
35.10309809459719,2.1020580536784057,2.9383272543303445,1664.0,172.37749273034458,73.56827849089497,8.538164568899777,0.45345524573040413,0.21842047902370487,1.2147218210703974,85.0,9.746794344808963,4.720716274145878,0.6550765986274499,Aggressive
36.68164205072687,2.5338653293144624,2.9291592097598844,1444.0,157.30861387730806,88.6807621127427,10.292084530804393,0.3529756415938864,0.20239051524846546,1.1149273458691276,44.0,6.6332495807108,2.1418869278647694,0.42369058188767156,Aggressive
31.663948804999656,2.239366922742895,2.912440937186091,1411.0,151.91115824718077,78.37384373250636,9.095887377168841,0.27190044651178424,0.22861242993060926,0.4383498823690749,116.0,12.165525060596439,7.855414470036824,0.916729050469499,Aggressive
30.09942036187379,2.2524305913199374,2.919473055562962,1333.0,148.72457765951128,78.83104880650839,9.148949542597228,0.27190044651178424,0.22861242993060926,0.4383498823690749,116.0,12.165525060596439,7.855414470036824,0.916729050469499,Aggressive
36.003032271105084,2.3052252510512297,2.9323303356735524,1555.0,164.26502975374888,80.67876762813992,9.363391523567275,0.6960066499879304,0.20114549734345366,1.712257615675299,102.0,12.409673645990857,4.518841642321962,0.5975978220636659,Aggressive
33.94434399889396,2.321955021099144,2.9268152023373544,1458.0,157.48650735856708,81.2642797075137,9.431344703841713,0.36807871187667424,0.20533809724592336,0.9543075367361384,144.0,15.231546211727817,6.768657836047087,0.7875270170993534,Aggressive
39.66094326061187,2.6496870606585214,2.9395198264076456,1493.0,163.98475538903,92.7343159010916,10.762530625830163,0.25519225565030756,0.18344129215796753,0.7715744579303133,49.0,7.0,2.408191081249353,0.442677472332331,Aggressive
37.80752388052142,2.605816574630926,2.9347837709722406,1447.0,159.64648445863128,91.19892722428445,10.584336960452672,0.34410659596804194,0.08442704965047652,1.87706228575031,79.0,11.61895003862225,1.2214796952526985,0.20022506120130912,Aggressive
32.45438572195734,2.1310185019893932,2.936620782275082,1519.0,163.90546055577283,74.58184247065073,8.655796464572513,0.8786736202450557,0.20543587793446863,2.0723622895271343,313.0,36.373066958946424,5.933744295678958,0.7494784068575089,Aggressive
33.42076499519853,2.2091771351545413,2.9248270212029706,1507.0,161.31645917264612,77.3172550731235,8.973262136501285,1.067344324778861,0.20089278483978235,2.358159817888674,250.0,27.018512172212592,6.207418044408163,0.7126102070483528,Aggressive
32.31596383891737,1.8669941213525367,2.9414305316292872,1722.0,177.0649598311309,65.34146058439005,7.583379074322736,2.971902077747823,0.3889491569096928,2.546882111518077,528.0,61.62791575252241,13.214452830227938,1.5595905588706716,Aggressive
27.28263849566486,1.7122190925029508,2.933379604974102,1588.0,166.51126088045817,59.92461093748459,6.95471200912847,0.24565341230792798,0.16112166988575038,0.8612036138067483,59.0,8.426149773176359,2.4946868853135538,0.4194176466106259,Aggressive
23.300663843999384,1.550193794185127,2.9370111895305606,1500.0,163.1502375113196,54.25401480510982,6.296595712605716,0.20385730987034162,0.16112166988575038,0.6496188096131181,99.0,11.269427669584644,4.422107354559081,0.577279707679012,Aggressive
32.18591105558621,1.9787208648952777,2.9374922229404956,1620.0,170.32322213955442,69.25169711161142,8.037192098870692,0.879274128542639,0.18246415962209095,2.0829865048145026,152.0,19.8997487421324,4.538495620091756,0.6042236216928596,Aggressive
33.82846520071702,2.282841396981882,2.9206745318948966,1479.0,157.4833324514058,79.89537270382198,9.272472517122191,0.12291285431232025,0.10056575229487402,0.4741308734308455,95.0,9.746794344808963,2.869109601685495,0.3620044218230995,Aggressive
28.331328962467584,1.7988077697198541,2.9337704565477187,1570.0,165.607970822663,62.95506002927068,7.306418934913674,0.20687510851741864,0.10056575229487402,0.9570164180982117,34.0,5.830951894845301,1.0064742709651142,0.2088511901794778,Aggressive
34.69778820544515,2.1323501738149435,2.9312697027036414,1622.0,167.99404751359495,74.62844860674154,8.661205465136707,1.0351856050154726,0.32003990253135123,1.6674940289152913,277.0,33.71943060017473,11.290773367640949,1.2860166269000775,Aggressive
34.887464870959214,2.1102669110691754,2.933121164345695,1645.0,169.99117624159203,73.85557384201977,8.571507404128507,0.7121045544829693,0.12617282875094088,2.045351181824879,261.0,29.376861643136763,4.877428791739725,0.536055659378911,Aggressive
36.08046075226663,2.313411517731198,2.938164986112773,1554.0,166.22875804144118,80.9652723447241,9.396642599576404,1.819916091565868,0.40667123235894753,2.042512283376329,324.0,37.68288736283355,14.416430413120922,1.6768609481556507,Aggressive
16.926503781743005,1.0926643811965686,2.9343082423017437,1543.0,164.1188593672281,38.2413023047977,4.438197265249575,0.42337411271751185,0.10180798850788411,1.9433942983852694,171.0,19.261360284258224,3.1548819626220546,0.3638090308100135,Distracted
14.534440639159625,0.8285949034318054,2.9432314373017103,1747.0,179.59120245713598,28.99934209958472,3.3655966989457524,0.7813773675765657,0.16750624308557466,2.2337971345763323,454.0,52.952809179494906,5.802891055742899,0.67499430358078,Distracted
17.083914927379553,1.0716283833425992,2.9390543336861334,1590.0,168.63570203251743,37.50507994131609,4.352752997317052,0.34152147686777773,0.08969953610549235,1.9502663811068275,118.0,17.549928774784245,1.5080237713727087,0.23816473841054678,Distracted
15.960604055344165,1.0540914168520044,2.936596849554674,1509.0,163.42888361608544,36.89131742776042,4.281521136867736,0.26196036517158094,0.11473577564532766,1.2348559666364316,134.0,14.89966442575134,3.5899258418516675,0.4190050763800591,Distracted
12.311505718979916,0.8116222832427714,2.9346554618889558,1513.0,162.66222671536252,28.405330698899547,3.2966571070606396,0.9384194332607042,0.1637273145012394,2.254317887790173,461.0,55.4346462061408,6.460373496166383,0.7313981767690326,Distracted
15.56669931413341,1.1033847692901027,2.9236862826763317,1406.0,153.73353570382747,38.61649674598617,4.481741465955589,0.34422882182872355,0.1176854649852111,1.5187838744723805,81.0,11.357816691600547,2.038073591511658,0.3241973205118076,Distracted
19.01148915861401,1.1325396831601195,2.9381991507730323,1671.0,172.8554309242264,39.63686667307459,4.600163244164188,0.855458208854588,0.2541259403829819,2.0158515411442903,250.0,27.568097504180443,8.276991322787122,0.9537916265374389,Distracted
17.249326724975226,1.150423686801353,2.9341164205526784,1495.0,161.458973117012,40.26277486724082,4.6728047042668,0.6308789794453803,0.2354313685511868,1.682215573349018,131.0,19.157244060668017,4.182650790070042,0.6784811751093502,Distracted
14.126108694528803,1.112717767424355,2.9230169925749228,1266.0,146.0684770920817,38.94313501589226,4.5196503495147455,0.2710180179445117,0.1185780509429748,1.331493492029008,56.0,8.366600265340756,1.5696034323085446,0.2763639093904893,Distracted
11.515992930615523,0.8566630186661205,2.9287403534791876,1341.0,151.65421194282735,29.981676014986903,3.4796041054443783,0.19155346467825335,0.0535283520701699,1.54643290469106,88.0,13.416407864998739,0.9424570780811886,0.15103922341835702,Distracted
13.652271738620712,0.9459558376834827,2.9191825337301074,1440.0,154.82893786369524,33.10676524133394,3.8422947467694826,0.16120672222604537,0.056824404211115856,1.3829106435115954,272.0,29.0516780926679,2.057504092804109,0.23824140000834584,Distracted
17.130141127210965,1.056586173109061,2.940046673525759,1614.0,171.0087717048456,36.978629442176434,4.29165436770062,0.33432422813496643,0.1670096689164193,1.3378724853040023,191.0,20.223748416156685,5.674007707171972,0.665341473206126,Distracted
16.453496570841548,1.0636490576888198,2.9358327178088075,1540.0,164.73615268058194,37.22581779113924,4.320342476845654,0.11703935379753909,0.11703935379753909,-0.0,100.0,10.0,4.09616840006125,0.4753918484850548,Distracted
14.913278767111555,0.9487024635072406,2.9383997771416572,1568.0,167.25429740368406,33.20289224085182,3.8534510244238502,0.1771013946175648,0.06078941113162672,1.5586552041784696,77.0,11.532562594670797,0.9221171212918842,0.15438066670611886,Distracted
14.215393716379191,0.9174620392792077,2.9334498734836227,1543.0,164.1188593672281,32.10953317507348,3.7265582952747063,0.22384326114051054,0.09084829060850527,1.4096248356602377,52.0,7.615773105863909,1.1106956390419391,0.19766376167592783,Distracted
12.90066184721042,0.8549878500252065,2.933795774799096,1504.0,162.0678870103513,29.923048103698576,3.472799885403093,0.07933739622430096,0.02760719729899985,1.3354769861125528,42.0,8.12403840463596,0.2177766128019858,0.04954829429002576,Distracted
14.131693699865528,0.9003688791034324,2.938515155970682,1564.0,166.93112352104984,31.51130309008589,3.6571290926283084,0.4592233791239081,0.16371968592165892,1.5994313824084274,221.0,24.1039415863879,5.722294829108497,0.6583400036835957,Distracted
15.562321478831736,1.0154196602945305,2.933124072579238,1525.0,162.88953311984167,35.537874999672475,4.1244437330927335,0.7124567335491263,0.22482755864063395,1.762507859365107,238.0,26.758176320519304,6.2465931574503575,0.7994683963996809,Distracted
18.560778431364938,1.1881419130581163,2.9398926238602336,1558.0,167.49328344742662,41.582845437406284,4.826009047250428,0.46667173878014734,0.11472136142313694,1.7620509673280391,134.0,15.556349186104045,3.1522741317749023,0.4001070568756522,Distracted
19.413951438093264,1.1666808220900662,2.94208258084756,1656.0,173.92527130926086,40.8317455739686,4.73883813101779,1.3232553527836732,0.26871060442908573,2.1759095460207845,464.0,50.91168824543142,9.167015790939331,1.0699997940622705,Distracted
18.73395393133741,1.1666808220900662,2.936435549875496,1599.0,168.20523178545903,40.8317455739686,4.73883813101779,0.6469590136766507,0.18389875405170478,1.679413128627706,154.0,17.4928556845359,6.04940943284468,0.6869315361812788,Distracted
16.395879510850488,1.2238205690217405,2.901838288028401,1336.0,145.9931505242626,42.831534689122975,4.970929039199035,0.05029552020199028,0.03837554850613923,0.5475955996227375,129.0,13.674794331177344,1.3343797380273992,0.15494827304419956,Distracted
13.074872810957109,0.8556066500550434,2.927104018626686,1523.0,161.0248428038357,29.944704999827373,3.475313334772744,0.19110426356682422,0.07064772758571887,1.2311966387107398,70.0,9.16515138991168,1.4379111877595523,0.21250775210513495,Distracted
16.577381710802165,1.0250647979888545,2.9384670041703282,1611.0,169.52580924449234,35.87543759683166,4.163620468854018,0.5640347520566785,0.19773000103382785,1.4758086140433733,283.0,31.192947920964443,6.920196973916256,0.8031420854820175,Distracted
16.867718832579705,1.1141489058123908,2.9302456226345623,1509.0,161.31026005806325,38.99322230406481,4.525463364553287,0.35563713078365233,0.11459559522718044,1.553523300168635,136.0,16.73320053068151,2.482043461366133,0.34314047864833996,Distracted
15.477174603155541,1.083032056144192,2.9326320564478947,1426.0,157.66420012165096,37.90418812722872,4.399072572030749,0.5241124142101895,0.10924985754945267,2.009953806149346,173.0,23.558437978779494,2.536229204649877,0.3372096963186048,Distracted
16.158981052649484,0.998619167834815,2.9389044437249074,1610.0,169.80577139779436,34.94988776216603,4.056203291679331,0.9052450165950519,0.2055916526865649,2.2162942635411076,436.0,47.83304297240559,7.195340744172684,0.8350746362871541,Distracted
16.80840654204784,1.1121896674125133,2.933771641245095,1507.0,162.32991098377403,38.92465245844137,4.517505306564076,0.33771216040566615,0.1257565864750473,1.4720617159554614,250.0,27.820855486487112,4.579951357359835,0.5263333302169627,Distracted
16.927425786201027,1.0336714373358702,2.9419177351612285,1632.0,172.74837191707482,36.17665460615446,4.19857901959499,0.7761912821609973,0.1443311240822834,2.2714917847981253,396.0,45.05552130427524,5.381456689401108,0.607982026744822,Distracted
18.108031632011155,1.1258388400090695,2.936757067133977,1603.0,168.6801707374047,39.40234912766351,4.57294567922875,0.5203170062080864,0.11561967935229814,2.148421968637238,217.0,24.55605831561735,3.7699492736296216,0.4319021600266411,Distracted
16.55257643599217,0.9826051355683127,2.9409829113568033,1680.0,174.51647486698783,34.389425227136314,3.9911573036944605,1.0826523130391088,0.26371266254526987,2.097924607137643,407.0,48.938737212968626,9.229472309652,1.071151249973386,Distracted
16.11107905197443,0.995218591509562,2.9402099007935685,1611.0,170.3907274472411,34.83087366277522,4.0423907900487,0.5708046317455894,0.15084180065285227,1.865623980206724,168.0,18.81488772222678,4.725121148908983,0.5482111097452764,Distracted
17.543658145732994,1.1298893207383605,2.934121130879956,1546.0,164.27416108445053,39.54410872074089,4.5893979703485535,0.17301812364013236,0.08421016196803946,1.3884544758072837,74.0,10.0,1.2634502986464835,0.21048500340464366,Distracted
16.797625546786147,0.9667313680136547,2.9416660662267846,1728.0,177.43167699145494,33.83387170656762,3.926681044595449,0.9217430632698532,0.15107200673941878,2.2240467248172955,417.0,48.093658625644196,5.885298057035967,0.6512129905620391,Distracted
16.099264658134096,1.0152186198271336,2.9384129518617965,1582.0,167.98809481626964,35.53083894228694,4.123627144515344,0.7368087611502357,0.18476251156508702,2.1444297694826093,272.0,31.78049716414141,5.544439673423766,0.654440106083733,Distracted
18.26616260367342,1.1212939767467458,2.9370398971869136,1623.0,170.02646852769718,39.24328702868837,4.554485299217379,0.7101740602337763,0.1594043543963255,1.9369266249688535,313.0,38.06573262134856,6.3888508322263,0.712442903113615,Distracted
17.300480397159745,1.0769566722250434,2.936154924005561,1602.0,168.17847662528044,37.69156053812817,4.374395504891635,0.6996891044360242,0.10962563885077581,2.265916266066369,216.0,26.758176320519304,3.9298525338221073,0.4416800885885102,Distracted
16.989000350973562,1.0511638967544377,2.9388122897472084,1610.0,169.9235122047564,36.78885945166,4.2696301006862925,0.8147207509578983,0.1959459249363617,2.074562510446375,309.0,36.373066958946424,7.0549253237367875,0.8060873110740023,Distracted
18.04607858853899,1.1876550326641186,2.9348985620271226,1513.0,163.3187068280912,41.56580549297911,4.824031430637009,0.7467140291935691,0.13743842847681179,2.0111601436207693,333.0,41.60528812542944,4.160594466960791,0.5368714753825912,Distracted
19.456456534816503,1.1531371009084845,2.9385005924179186,1681.0,173.60011520733505,40.35773951597887,4.683826082172953,0.721860538388877,0.14344115122912737,2.1562881998732557,376.0,43.79497688091638,5.422614989858683,0.6053983468017535,Distracted
18.121141367093617,1.1307038507326819,2.9378785350921617,1596.0,168.4102134669985,39.5726158161356,4.592706438031286,0.9150650637106961,0.17277063734567638,2.1689692265106624,338.0,41.689327171351664,6.458240506624934,0.7221282138221845,Distracted
16.566988719427865,0.9579419799314959,2.9414626773532158,1722.0,177.2004514666935,33.526258817826864,3.890980202854149,1.2466049867393358,0.216521426323501,2.333928386972088,480.0,53.14132102234569,7.864094325990387,0.8911813393832995,Distracted
14.150046418609051,0.8535700300412999,2.9366019754968757,1654.0,171.26587517658035,29.87342693588951,3.467040967217896,1.2285764194077098,0.1929120261931535,2.306463207908381,452.0,50.39841267341661,7.22295618900145,0.8157251679437044,Distracted
14.137099370361836,0.8699653226994318,2.9399941196057524,1621.0,170.9005558797279,30.447232903856218,3.5336355632260514,1.3730593564383295,0.18958925295025164,2.3458031737917993,453.0,56.18718715152058,5.812052965164184,0.7338661557465588,Distracted
18.244351272394244,1.2232674337818836,2.9307495790308558,1486.0,159.99374987792493,42.8121759433939,4.968682307859484,0.7922969416761623,0.1916005005611915,2.0642444247826703,184.0,21.2602916254693,4.310650384787357,0.5768023572865919,Distracted
16.070146327728587,1.2866412053705014,2.8976779176260306,1247.0,140.28898745090436,45.03014479020629,5.2260946520279115,0.41570625227422786,0.13148223584525226,1.5825818817845207,163.0,19.1049731745428,3.655240158842068,0.4748653845290171,Distracted
12.432657087905572,0.9778712015435691,2.9322321070617927,1268.0,149.19115255268994,34.223745989077024,3.9719289537966804,0.17021603256373408,0.12644442304274509,0.7948853278551677,105.0,11.269427669584644,3.6186125796250614,0.45707502313253995,Distracted
15.56840744160986,1.0088937265648008,2.9351198683434587,1534.0,163.9634105524766,35.30947897169325,4.097936617338883,0.2963413196695547,0.14363612255033875,1.3096609713630925,99.0,15.459624833740307,2.7247371203971635,0.42061837761508136,Distracted
19.936981774114788,1.3877758558265754,2.9314223964530854,1432.0,157.59441614473528,48.56967697239885,5.63688458606473,0.575519262513715,0.22403014026680784,1.8093970166106568,149.0,17.175564037317667,5.392269751038214,0.7121511622721961,Distracted
18.822046450256032,1.3774110185470794,2.9169712304277953,1360.0,149.71973817770322,48.206926174838124,5.594784565911936,0.19883391129002517,0.13117810418639764,1.0032279906191588,29.0,5.916079783099616,0.9032093491217099,0.23093188026977177,Distracted
15.769286950192361,1.2348315174889086,2.9050753518709778,1274.0,142.8355697996826,43.21689822457053,5.015653441509352,0.005808088605892263,0.005808088605892263,-0.0,100.0,10.0,0.20327273041310678,0.02359136383559001,Distracted
20.54486096544668,1.3676942312102867,2.927755094247475,1497.0,159.89058759038946,47.866855968128554,5.555316802775062,0.0,0.0,0.0,0.0,0.0,0.0,0.0,Distracted
18.626025588223015,1.397067550049287,2.924060408310406,1331.0,150.01666574084362,48.89486967915237,5.674625700901489,0.2994236872885504,0.1607038260296134,1.1614718475126748,129.0,14.798648586948742,4.77710707621141,0.586033358404925,Distracted
18.140054175307004,1.0740097645771618,2.9421487888299938,1683.0,175.5648028506853,37.588424032384694,4.362425720126208,0.9924631991413138,0.20688126195730122,1.9653107078939969,290.0,35.07135583350036,6.728245171633635,0.7845978753102371,Distracted
19.494661894348354,1.1709972494334608,2.941758677623213,1657.0,173.738308959193,40.98281282367128,4.756370647278752,0.7997216990972353,0.15255355275827373,2.1552515426591565,343.0,36.42801120017397,5.316554403064229,0.6016706530828646,Distracted
19.14534358768085,1.1709972494334608,2.9397261215669293,1629.0,171.11107503607124,40.98281282367128,4.756370647278752,0.571434052781251,0.20924553157136835,1.9318759703592614,161.0,18.681541692269406,4.9009749492009504,0.6651389568804427,Distracted
16.384287020167566,1.010654706189283,2.926691454265942,1614.0,167.03293088490065,35.371110114184305,4.10508938546058,0.7801044484578398,0.26154395430829336,1.7303377776254865,297.0,32.78719262151,9.153571393754746,1.0623423648920098,Distracted
15.568864187007172,0.9878122101144396,2.928099287823332,1569.0,164.21023110634732,34.571663538614914,4.012307461426575,1.0041549877993268,0.27949530861344735,2.0818796112670603,358.0,43.58898943540674,9.781836740898363,1.1352573907276766,Distracted
15.199295078273456,0.8953551742982735,2.9417056557016066,1690.0,175.60182231400674,31.33583237426449,3.6367643664251372,0.624877605392217,0.14781439252431475,1.7496328323672028,212.0,23.62202362203543,5.731936251274263,0.6282379739879874,Distracted
17.443116838610255,1.0185444276431281,2.939953384838362,1707.0,175.43944824354642,35.6472362773587,4.137135950519919,0.562117660505312,0.15138734945997728,2.062674055243114,190.0,25.25866188063018,3.494301655075766,0.4756290795116426,Distracted
21.46926239903951,1.3293622625455077,2.939879293618636,1610.0,170.20575783445165,46.52530550956726,5.399619553530649,0.7965263779242304,0.1482319834993607,2.3561306216518556,234.0,27.85677655436824,3.8336612347400543,0.4779065730381863,Distracted
20.145061102387857,1.2651860992549397,2.939470729626041,1586.0,168.79573454326385,44.27925438591927,5.138948045140765,0.5884653413834123,0.1302645290980755,2.0381174139867952,197.0,22.38302928559939,4.2301239895098135,0.4894249316307629,Distracted
15.20848368130471,1.008925420994881,2.934786412889621,1502.0,162.1234097840284,35.31058822015319,4.098065354154438,0.4211118384768411,0.11819990941813506,1.8243854558848853,210.0,23.108440016582687,4.128703279928729,0.45575185681868047,Distracted
12.8107041616578,0.8742066443587801,2.9387512587786784,1461.0,161.7745344607735,30.595671588724308,3.550863014320366,0.7302132429736145,0.18282282930291865,2.0371334704573973,159.0,21.563858652847824,3.706645401439282,0.5271001654112655,Distracted
17.09241535666832,1.0765190193501064,2.9278955406696,1583.0,165.38742394752995,37.67624346896855,4.372617841204505,0.9873244024897745,0.196778915250331,2.3030599423613687,160.0,29.32575659723036,2.973744208162481,0.5156970310107959,Distracted
17.95377926622995,1.270452853738558,2.9329621451246806,1410.0,156.61417560361514,44.4635813886469,5.160340611557489,0.3601213868778174,0.12036490873244267,1.5024420251411708,152.0,16.852299546352718,3.9412999911741777,0.4494520112808757,Distracted
15.295277866554953,1.160997066687281,2.925898414654156,1314.0,149.30505684671232,40.632824283657655,4.715751785275135,0.7785274819739562,0.23139252035208485,1.9220994171751808,243.0,29.715315916207253,6.720169156488745,0.8303945166257536,Distracted
14.013668952749804,0.8589810953342196,2.9383384198390856,1628.0,170.29386365926402,30.06280455926452,3.4890196970075715,0.5668327127419227,0.16130298562804427,2.0332312995054846,278.0,31.11269837220809,5.167936455119739,0.6049491286964099,Distracted
13.975730003447389,0.8115561969843064,2.9417859615276734,1715.0,176.722947010285,28.40301779785542,3.2963886771048014,1.4142071560521212,0.20551789570167084,2.2450005538000437,643.0,69.83552104767315,7.511160873403455,0.8668425805892115,Distracted
14.87356433966877,0.8631295253394499,2.9432839773885107,1716.0,178.05617091243988,30.207992202103743,3.505869839669063,1.038579522138661,0.2690383383231065,2.0867788166250927,384.0,48.78524367060187,9.415861452468718,1.0927831436083886,Distracted
17.16272961838862,1.024401069418505,2.9394359904712193,1670.0,173.33782045474092,35.852208282008306,4.160924528200614,0.8673124314667621,0.17561276792816002,2.2488592986307467,226.0,34.14674215792775,3.0567947096294823,0.4950196783056019,Distracted
17.870777538702416,1.1314302095199187,2.9398484814910013,1573.0,168.15171720800237,39.59803707671888,4.5956567708494696,0.47701449111102373,0.10961215185925231,2.0036568093284597,229.0,26.057628441590765,3.989390995767381,0.44513558635819805,Distracted
18.63797013153155,1.0912136866708235,2.9415777980030606,1701.0,176.13347211702833,38.19053058672432,4.432304816856753,0.7165250002484889,0.20337472845489188,1.5930379470047402,316.0,34.20526275297414,7.518205702906906,0.8600478422859221,Distracted
14.550892282154216,0.9883720045563613,2.9351147629293375,1469.0,160.90059042775448,34.591255344525734,4.0145812411928,0.5159858274677129,0.16967697437127974,1.676703510121576,274.0,30.133038346638727,5.67361311117808,0.6632098857076963,Distracted
16.857763325492947,1.2470754298624145,2.924438253392526,1348.0,150.71164520368026,43.64541329518713,5.065385911375846,0.16735679036075504,0.09686812498131626,0.972211835589858,173.0,19.570385790780925,3.390211408788508,0.3934601097833261,Distracted
17.07641228258243,1.1770508012850807,2.931943697973196,1447.0,158.47712768724702,41.19467632939117,4.780959036664598,0.21587025751400768,0.14037041614032064,0.6472894976679741,145.0,15.329709716755891,4.917812190874659,0.5667863508725627,Distracted
16.560166619793648,1.1092071878244885,2.9265016019500787,1487.0,158.97484077677197,38.820270998309354,4.505391035266297,0.32398122292299897,0.14037041614032064,1.3632298943524277,96.0,10.198039027185569,3.305797392671759,0.42516631404220395,Distracted
15.30990825993169,0.9434829134939545,2.9406914308447196,1618.0,171.04970037974343,33.02021731029857,3.832250193689868,0.15567351536614116,0.07714744597567491,1.2774830021221286,100.0,12.884098726725126,1.4960746668805966,0.22536737723112552,Distracted
11.287332579718157,0.7863563433785518,2.935528649531462,1429.0,158.68522300453813,27.52106791794902,3.1940316100287496,0.38360763391681607,0.15856588499204977,1.3196689195521756,229.0,24.43358344574123,5.2863489919238615,0.6285512164211524,Distracted
12.52518282308481,0.8810924278810959,2.9240912734339317,1417.0,154.722331936925,30.836661716904302,3.5788317722699716,0.25813600228455097,0.11615755743299416,1.3458972546504686,89.0,11.61895003862225,2.0401181644863557,0.31211648066855174,Distracted
14.960239375778272,1.0033677689628404,2.9322245246225176,1486.0,160.43690348545124,35.116080322650944,4.0754912165928205,0.2459421182202276,0.0942974201032428,1.3123399991974476,143.0,16.522711641858304,2.908807873725891,0.3438340547970736,Distracted
14.252429711599108,0.8573091298537925,2.9423687586750713,1656.0,174.14936118171664,30.00428875287374,3.482228487601901,0.4218750336096764,0.14259374669296734,1.7401135488748007,235.0,26.13426869074396,4.764743065593219,0.5527490173035591,Distracted
14.473503629764513,0.8730025931905209,2.9370394716022385,1653.0,171.33884556632216,30.55353194776207,3.545972384869869,0.23378991738908153,0.10572840406267045,1.5140697318068066,213.0,22.15851980616034,3.6355617154728286,0.42290614401180854,Distracted
14.64112670391416,0.9521633098258642,2.936355985566559,1534.0,164.59040069214242,33.32401568239385,3.8675083314351246,0.3734729184301895,0.22159236654893774,1.2037508421535528,101.0,11.789826122551595,4.956627275004531,0.6995991958777205,Distracted
15.583926964902783,0.9781915175922519,2.9333862275899296,1587.0,166.43016553497748,34.23495647883174,3.9732300173581394,1.1355681871067183,0.214002814950187,2.144492257594668,492.0,53.777318638995006,7.189646442731223,0.8440599479782634,Distracted
15.44571788130095,0.9208698648624045,2.938183925504665,1671.0,172.64703878143987,32.22880098554823,3.7404002420280444,0.9922277668455319,0.14762135995813486,2.330367972395737,589.0,63.99218702310463,5.337211168173589,0.6075635716071968,Distracted
14.811707559598604,0.9402741896231231,2.938511196376362,1570.0,167.21243972862786,32.907917704245065,3.819216960655521,0.5782015722466454,0.09419626766681666,2.4177594412769916,301.0,35.510561809129406,3.4477814833323164,0.3867465787888864,Distracted
16.174286891420458,0.9151889754453181,2.9425082141073355,1758.0,179.62182495454164,32.0299799996193,3.717325537380413,0.5932088005959194,0.1616923382145879,2.2080583176260418,277.0,34.539832078341085,4.713252378232552,0.5828062414172758,Distracted
14.930232758393547,0.904235936748004,2.934243106424191,1645.0,169.8617084572035,31.646643202714245,3.6728363536666015,0.7005557279351051,0.15188830690137778,2.1256153880665956,274.0,29.765752132274432,4.282105803489685,0.523368957962823,Distracted
16.375588880012433,1.0375833392272573,2.931294895019018,1572.0,165.5294535724685,36.31356418734849,4.214468429531888,0.46745170835868993,0.13739729315266516,1.6111237392507385,264.0,28.284271247461902,4.834881625994287,0.5461567210838176,Distracted
15.18369269427636,1.0996553632527677,2.930695482201929,1377.0,154.20440979427275,38.48597419382345,4.466593319863575,0.14277202786216842,0.07905947990522012,1.034429948746856,28.0,5.291502622129181,0.5827662812338936,0.13696379505316872,Distracted
12.11245445639212,0.7722427125114056,2.937030596509967,1562.0,166.2828914831589,27.027116038582538,3.136704695199958,0.35909751348694224,0.12443979248702143,1.7748424651135255,205.0,22.11334438749598,3.8074007630348206,0.4497325766835654,Distracted
11.46282919093182,0.6875703682025958,2.9378275532818083,1660.0,171.92440199110771,24.06373517681854,2.792781553363759,0.41840166967704506,0.14932716935791626,1.6262495408404942,274.0,29.120439557122072,5.1998048207976595,0.6037284339340915,Distracted
14.625251334779259,1.0625511322851109,2.9312541520588185,1373.0,153.89931773727915,37.18739236244047,4.315882910296177,0.2992498736852915,0.1296702585340719,1.2863651711999529,205.0,22.781571499789035,4.305467424970684,0.5036189082100428,Distracted
18.698022562870115,1.2137272417403517,2.937050222637863,1536.0,164.78470802838473,42.478286256693835,4.929931841607151,0.9036388844919987,0.190859643258067,2.2239676728148825,257.0,33.301651610693426,6.196819076634418,0.7156772568702563,Distracted
18.997547655476183,1.1206679274589648,2.9398580610024805,1690.0,174.39036670642102,39.221376421475654,4.551942404725023,1.3321229654166684,0.20416902796192818,2.351611080251078,427.0,51.19570294468082,7.62242458083413,0.864118816909149,Distracted
14.34014290888113,0.9481460408131998,2.9315719811407606,1506.0,161.44348856488452,33.18341844009631,3.851190940063536,0.3307533785417294,0.09241109575128922,1.8611320075858844,159.0,18.24828759089466,2.5107932030552567,0.30344553766575455,Distracted
16.529765423613163,1.0845560018926488,2.9332263535192045,1520.0,163.24215141929488,37.957523507301254,4.405262553116967,0.03893694452830434,0.03893694452830434,-0.0,100.0,10.0,1.3627235335533074,0.15815454744983273,Distracted
19.507359896867715,1.1686744523183286,2.942143494524721,1663.0,174.31293698403454,40.901519072176235,4.746935882147284,0.6420714122422363,0.14002489627622833,2.1371792087723414,306.0,33.793490497431605,4.766955378079654,0.5371983771362477,Distracted
17.680406714593378,1.1529037759551282,2.9355318315009526,1528.0,163.88410539158457,40.34957355923123,4.682878360083974,0.40859026266534554,0.1614804238602751,1.315825965306357,166.0,18.275666882497067,4.810536154592877,0.5709026318643236,Distracted
15.603682667939538,0.9920503286133011,2.937767086676419,1565.0,166.74831333479807,34.71999011858544,4.029521901885275,0.5678770273543257,0.1547683696475212,1.7925072261156179,295.0,32.07802986469088,5.122561451160546,0.5943981769373561,Distracted
15.062415053392565,0.8907470907631835,2.941787086070316,1685.0,175.30829986055994,31.174557678627245,3.6180471975529516,0.4824265679283076,0.11332672220591146,1.9006625237604788,201.0,26.551836094703507,3.070873465200867,0.4193791194940243,Distracted
17.374928211047752,1.0135632602050197,2.9422085041318957,1708.0,176.75972391922318,35.47290431128607,4.11690338498378,0.8368427045105994,0.17017826898746832,2.0837045950492694,425.0,44.53088815642464,5.952473694627937,0.6802829033748424,Distracted
14.899968581617571,0.9141190355490205,2.9387319827301477,1623.0,170.2086954300514,31.992534013709637,3.712979642699991,0.8683924023130053,0.12952881371046934,2.3947708084690476,474.0,55.31726674375732,5.000459703532132,0.5654371017317561,Distracted
16.911152803697274,1.120857925452052,2.9355856169702963,1504.0,162.5607578722491,39.22802601197753,4.552714140848056,0.6907290216173961,0.14671596135842382,2.0703945251940685,204.0,25.45584412271571,3.788188251582058,0.4774287414061613,Distracted
19.002742001674058,1.133260647150747,2.9422727559508752,1670.0,174.91712323268982,39.66209912540937,4.603091664332915,1.9676756088934217,0.2062447602510897,2.766301354286243,708.0,83.66600265340756,7.569275374364372,0.8525534481884347,Distracted
16.393914371891817,1.0545514075566522,2.9340772383727924,1549.0,164.5326715275723,36.907416281073985,4.283389532619022,1.0211595552995323,0.1799557477861166,2.3082401690290313,262.0,30.430248109405877,6.008842862013614,0.6988204706066942,Distracted
18.109670006453317,1.2119853967850935,2.932882854082465,1489.0,160.91301998284663,42.417324793459194,4.922856794913994,0.948618844159795,0.25841758537945225,2.084445310180927,171.0,22.15851980616034,5.615847296184963,0.7663918314293794,Distracted
23.92312744649629,1.457235210871681,2.940758192810643,1636.0,172.11042966653707,51.00063037390661,5.91901542597515,0.8600649436905258,0.2714975226400201,1.5802729553257202,210.0,22.67156809750927,9.436183875257317,1.0827219464074738,Distracted
21.931140776738513,1.333572226949564,2.940713163203676,1639.0,172.27594144279112,46.67264674649094,5.41671963735,0.9452958180358021,0.18778250184828663,2.3445143915819635,266.0,31.20897306865447,6.457572009828355,0.7329233442345449,Distracted
14.580300962199116,1.0143643032078178,2.932046192102398,1431.0,157.64834283937145,35.50093938605954,4.120157071042872,0.644275608125659,0.18207033946960516,1.7665172074199882,294.0,33.793490497431605,6.213131341067227,0.711789795982189,Distracted
13.977639213538083,0.8298615005232549,2.939590979672775,1677.0,173.72104075212076,29.043670736178,3.3707413781758815,0.4360551722037726,0.10499403737421664,2.2044325134355107,414.0,47.853944456021594,3.674603833092583,0.4264660380266665,Distracted
13.37032744522769,0.8291007499076333,2.936685408080845,1608.0,168.706846334107,29.017045823010534,3.3676513522174147,0.4078738505343574,0.14350454008928776,1.6561231199915372,166.0,19.595917942265423,3.6426196315071806,0.4715233495545594,Distracted
14.429222633432422,0.9379267787484603,2.934654758912358,1532.0,164.0243884305014,32.82576251511622,3.8096822190609094,0.7255597672826781,0.1398587533993984,2.066260441963898,326.0,37.12142238654117,5.729663700768443,0.6331590601696901,Distracted
17.442805120518667,1.0794526928875556,2.9392967233493725,1611.0,169.8087159129354,37.77891680447742,4.384533871501735,0.8877132763136723,0.1836570840223433,2.0897112565070732,259.0,29.58039891549808,5.922432072234876,0.6752944805774065,Distracted
17.423950601396776,1.1028499257824993,2.93335138419407,1573.0,165.84028461142967,38.59777817822466,4.479569032193099,0.9121249838522731,0.18786224368566923,2.0436522776159523,281.0,37.080992435478315,4.1646587270678905,0.5892158206725934,Distracted
16.20530347373605,1.1028499257824993,2.9326484189865303,1464.0,159.53056133543816,38.59777817822466,4.479569032193099,0.6576826892243685,0.19705725303789695,1.9431252449857481,190.0,22.67156809750927,4.704704525494817,0.6304116992992107,Distracted
16.26882606584676,1.0325469594175996,2.9409598091973987,1571.0,168.89345754054537,36.137299886857626,4.194011601723972,0.5426838329506358,0.19735835012365877,1.6278483638449717,198.0,21.2602916254693,5.948379354043441,0.7099212306162676,Distracted
17.43823804586718,1.114071608492222,2.9340276395204756,1559.0,165.36928372584796,38.990517035879265,4.5251493973727985,0.7642552946627121,0.14626794035875304,2.116168303282823,335.0,37.322915213043046,5.664699442458874,0.6309855486567987,Distracted
17.741113265020832,1.2188249873614414,2.9288158775153894,1453.0,157.8005069700348,42.6566982510114,4.950637925802631,0.7793298736759066,0.17907993627406021,1.765452104052435,160.0,19.235384061671343,5.3136868079503365,0.65389953722446,Distracted
16.747076724024605,1.0995705637935638,2.939353073438122,1519.0,165.21803775617238,38.48300636416733,4.466248880404936,0.6882695001256944,0.14528153551620407,1.9058160582896164,240.0,27.313000567495326,4.616080639338253,0.5392389526519065,Distracted
14.545196009137424,0.9510373146210471,2.931784914208618,1524.0,162.59151269362124,33.284607860777115,3.8629347506314464,0.936010698721458,0.19979629242892294,2.083127697770046,394.0,42.82522621072771,7.381560633880923,0.8390860280199662,Distracted
13.264549434324323,0.9000531992080859,2.9313036408279616,1468.0,159.3361227091961,31.500254857419712,3.6558468602499747,0.9652290014516354,0.22544526285240962,1.8208813814469063,323.0,37.61648574760805,6.395949225233059,0.806152636868472,Distracted
18.315938031764784,1.1017583224060672,2.939363979100709,1658.0,172.52825855493933,38.559574009192104,4.4751351445297045,0.36008404477003675,0.13960924405621392,1.5709098849092777,147.0,18.894443627691185,2.8913341869007447,0.4332255944762308,Distracted
16.97484781856524,1.1552313778109908,2.9300655300692275,1465.0,158.52760012060992,40.4310354680726,4.692332641168864,0.8121244207959302,0.17661426134247588,2.097209133938676,141.0,20.663978319771825,3.501644010495659,0.5015058440498484,Distracted
12.195585532597734,0.8195582819362817,2.936646994161508,1482.0,161.79616806340007,28.68307648283062,3.3288916415660936,0.3334319372051423,0.07567483508870428,2.029792171053912,126.0,17.26267650163207,1.8309591930321973,0.25224838655873233,Distracted
15.749851773938532,1.2594094521980366,2.8905370886211443,1247.0,139.17973990491575,44.07708205357947,5.115484390965286,0.06036554027615266,0.02011323475267183,1.659330921412649,58.0,11.135528725660043,0.2049959398279284,0.04146507114392947,Distracted
18.74253894935114,1.3704645435629077,2.9198230013813746,1364.0,150.75808436034202,47.9638119538625,5.566569290655948,0.1292516560346617,0.11120319539053856,0.4043060572980247,40.0,6.324555320336759,1.335754058577798,0.26176500973177214,Distracted
13.205273980138056,1.1076489345413438,2.917833866880962,1192.0,140.38518440348327,38.7657349157815,4.499061703424944,0.09156482918003898,0.05153952658263783,0.8630175204913106,73.0,8.54400374531753,1.0804656960747463,0.15292975299882494,Distracted
13.387551724249183,0.8118055377400968,2.9352473414485467,1644.0,170.4640724610321,28.411744279090804,3.2974014523718536,0.42715687666506164,0.10377742644510117,1.9664407456686233,275.0,35.566838487557476,2.5000532973896377,0.34571659907910496,Distracted
15.696859108312935,0.9515476286628171,2.940327616769085,1644.0,172.4934781375806,33.30246794103371,3.86500755031594,0.7320388337168638,0.1872983188525935,2.039656827186714,265.0,30.577769702841312,6.435084700584412,0.723096029249802,Distracted
15.58914735785304,1.0919743529927481,2.917324433841529,1424.0,153.5187284991639,38.21715254976292,4.435394500430073,0.9392673857058949,0.16838744939424044,2.200076869914403,253.0,27.83882181415011,5.360893379558218,0.6363927479109102,Distracted
12.007294023259982,0.763605053083886,2.9365543800767338,1564.0,166.2828914831589,26.72481338183085,3.1016201467246125,0.49119977162063827,0.12115642654747726,2.1587644369249683,358.0,44.49719092257398,4.235989113046665,0.48519536549424847,Distracted
13.933183560665762,1.0776724943001526,2.9255862558836965,1290.0,148.00675660252813,37.71661303260109,4.37730303956635,0.2556881554698867,0.0939318383392593,1.3443690779440602,81.0,10.63014581273465,1.6836738453971012,0.2510273265352727,Distracted
19.539553767102763,1.280651295260133,2.9368209187385563,1520.0,163.7925517232087,44.82050863179295,5.20176476342862,0.4301137309691919,0.13573839319527636,1.4366105715973079,250.0,26.981475126464083,5.01830097159954,0.5641483628855767,Distracted
21.478801621703525,1.430292585080001,2.933685119944889,1496.0,162.28986413205232,50.057686579347866,5.809579545969316,1.0304162676379798,0.20540991547578594,2.31293032509733,223.0,31.796226191169293,4.02813595954818,0.6044591169710649,Distracted
22.616538643487765,1.3730282520641284,2.940103066903254,1641.0,172.2120785543221,48.053537173704676,5.576982592539693,1.4236465328320151,0.17314616576590847,2.57906173799284,442.0,52.91502622129181,6.305492706973144,0.7065105908875319,Distracted
19.726104569450168,1.1967036238646194,2.936387564218687,1643.0,170.43767189210254,41.88249002803456,4.860785106707649,0.9360364082990498,0.2192779988035075,2.137076597823099,414.0,45.34313619501854,7.5368179359821355,0.8823073940680854,Distracted
21.18884449591216,1.379007541168672,2.937799822091309,1529.0,164.76346682441468,48.26280161587878,5.601269340610369,1.4740265153184213,0.25661285732621575,2.2261423412429506,383.0,43.71498598878879,9.663125331955722,1.081786014325542,Distracted
18.367484765458517,1.1834185157455006,2.9329899210224637,1544.0,163.90851106638726,41.417534965457335,4.806823495496117,0.5748245981565585,0.2885587355046241,1.2382351292114693,191.0,20.322401432901575,9.84217518989486,1.1515786198250522,Distracted
15.257297360459905,0.9986216123520286,2.9374182859086093,1523.0,164.45364088398895,34.94997331590364,4.056213220848616,0.2668174522876734,0.21407901645229468,0.6630949134672193,124.0,13.114877048604,7.492383321126304,0.8695487120440571,Distracted
16.189590412114764,1.0679897616169567,2.9348099428715715,1511.0,162.75441622272496,37.37773467796018,4.337973600029168,0.3822965297533392,0.15119903734083062,1.5457511617793964,141.0,15.459624833740307,3.8524326158292364,0.4924894033035144,Distracted
17.796214368890034,1.0895803277036324,2.939941002416373,1627.0,171.02339021315183,38.13336593936188,4.425670419848753,0.9108947173442401,0.17788305007004784,2.1167278164312266,507.0,56.45352070508977,6.225589128455731,0.7225275024436926,Distracted
15.685408062453618,0.9859955123562261,2.9365650370321825,1585.0,167.39474304768356,34.50808236093233,4.004928376722213,0.766165895599408,0.14253254946892951,2.2410066598215086,252.0,32.83291031876401,3.7601482254086123,0.49937397793966337,Distracted
17.463382392073445,1.0780358844280133,2.9381443954461224,1613.0,169.7203582367183,37.72933103821495,4.378779061938311,0.4706014266416061,0.15791041720400836,1.6193616753767204,245.0,26.210684844162312,4.790021142574272,0.5862922766046426,Distracted
18.569935002791325,1.1117107949197327,2.9390430235039178,1662.0,172.51666586159146,38.907892776258066,4.515560216539694,0.2673587864099473,0.09759380941897684,1.5989545322859533,200.0,24.331050121192877,2.6487499692223295,0.3412700998373437,Distracted
15.795997684023535,0.9329198174390632,2.9415851247406213,1684.0,175.12852423291872,32.650527809605464,3.789344883669559,0.37292947696549,0.07772932536621631,1.9348584026043447,274.0,28.53068523537421,2.959896988338895,0.324979769338219,Distracted
12.61851461674182,0.8608947308440082,2.9285620868442406,1461.0,158.37613456578615,30.129778385162354,3.4967925246318488,0.07779912054735036,0.04678097879836385,0.6724790987167834,67.0,8.18535277187245,0.9415521392918593,0.1365042351546568,Distracted
13.512737347367453,0.9443302337364174,2.935128585345093,1426.0,158.42348310777666,33.0498720058287,3.8356918491950758,0.15182445442588377,0.053992936781305484,1.3922810314013803,76.0,11.135528725660043,0.98483964830938,0.15727196356938983,Distracted
13.703802582952557,0.8592537854440851,2.939263500036326,1589.0,168.63866697765374,30.072348226200454,3.490127312960551,0.3723813150537573,0.07937254669595904,2.1642260770321267,138.0,18.05547008526779,1.5694984558856848,0.22428799060231985,Distracted
11.923147671620587,0.8332214472865433,2.9395980521417595,1425.0,160.30283840281805,29.1612628734473,3.3843888501652954,0.7006020051747701,0.12851379115778147,2.118628071044011,224.0,25.019992006393608,4.3874796695179406,0.48017067331182833,Distracted
14.099096568583928,0.9733995895039573,2.932560960396881,1445.0,158.26875876179733,34.06724755210105,3.9537661064787057,0.2311559079445447,0.1346408892600527,1.0737161767195662,171.0,19.87460691435179,4.712190712341155,0.5468859759575488,Distracted
17.982724035913293,1.1085458194776556,2.9405184176884216,1616.0,170.75128110793196,38.79712428709473,4.502704681397031,0.5580187109002335,0.17857948459484185,1.6254063853986476,238.0,28.21347195933177,6.595738589161575,0.7404049274250539,Distracted
18.252397105774975,1.0643277062435421,2.940496278705834,1709.0,175.87779848519824,37.249569278774835,4.323099019670209,0.9287690272103163,0.11220839772752339,2.4844254978954043,559.0,62.120849961989414,4.409323374430338,0.4897763598621272,Distracted
15.26412236822667,1.019804702707301,2.933597315127612,1490.0,161.0527863776346,35.69134365428578,4.142254950863967,0.646252548201911,0.1355330537493313,2.1724222607970516,216.0,29.0516780926679,3.5796338644894687,0.45558511557657316,Distracted
14.844517195290395,0.9670698072071972,2.9375471016456993,1532.0,164.8757107641996,33.84571647403216,3.9280557209636755,0.5461180424610005,0.09901154510918629,2.1691848691583977,209.0,30.24896692450835,2.1410445902082653,0.3113497408351691,Distracted
18.109877031773202,1.0355684669873455,2.943233298075128,1743.0,179.4017837146554,36.24304725666239,4.2062843973451605,0.522628845142606,0.130347726977036,1.7849545476816342,350.0,36.22154055254967,4.89145528908932,0.5584122687373073,Distracted
18.222639576264946,1.1487316594210348,2.939428104222104,1581.0,168.29438493306898,40.203556930175935,4.6659320071959645,0.6369185385432944,0.15688203410034254,2.0532197834588506,169.0,26.210684844162312,2.963176268519778,0.4432375248842323,Distracted
16.918179357693617,1.131500510463235,2.936630222510791,1489.0,162.15733100911595,39.60049748420715,4.5959423200626945,0.30447962323591726,0.08576723513942594,1.5868811223467105,187.0,20.71231517720798,2.731007135275638,0.3093662008895206,Distracted
13.604209032012283,0.8853337495404442,2.9312960766764617,1531.0,163.58789686281807,30.98510040177239,3.5960592233642865,0.4206242837332671,0.17272275852576802,1.4417035227300323,170.0,20.396078054371138,4.476892385819947,0.5916890351483424,Distracted
14.831605171074294,0.9220493865648304,2.9420734606996635,1601.0,171.02923726661473,32.27008213900557,3.745191237400545,1.0817422782860615,0.18315781245488325,2.4069517642818083,369.0,48.40454524112379,4.810637381341723,0.6237242586187938,Distracted
14.140295534471813,1.1305283512554827,2.914946409751256,1248.0,143.19916200872126,39.56647364780156,4.591993592153666,0.17875093797458416,0.11509714272446006,0.8785939586748276,40.0,6.324555320336759,1.2349731669281463,0.24624780054405496,Distracted
14.662860232110985,1.070663641980185,2.923814094004769,1367.0,151.5552704461313,37.47131571625219,4.348834399301025,0.2661113239877219,0.10949346633384564,1.316852328086956,94.0,12.569805089976535,1.7087273272601047,0.2826281815256488,Distracted
16.019182864271396,1.1883358728549636,2.930714954581312,1345.0,152.44999180059014,41.589633683965666,4.826796875475405,0.5862560878781683,0.19607919327135315,1.6681451751948928,273.0,29.748949561287034,6.77275650067763,0.781242757703461,Distracted
19.99363135319828,1.334303811946016,2.936620477950449,1492.0,162.35147058157497,46.698250915064946,5.419691198047343,0.6741004882996051,0.14958860625922935,1.9492786429591122,186.0,23.83275057562597,4.208591236008537,0.5247025453604489,Distracted
21.074732493624794,1.4062408116276832,2.935204524171637,1493.0,161.86105152259452,49.2159174548255,5.711885764605655,0.8716805308464312,0.31277623036528673,1.604460362138141,151.0,19.924858845171276,7.7320983734997855,1.0182522932130524,Distracted
20.83921801148834,1.5999117339751239,2.9308417140412004,1302.0,149.9399879951976,55.99405392251833,6.498540635682798,0.18150624604913534,0.10733672780184617,1.1269467400873499,29.0,5.5677643628300215,0.7483898798624677,0.1842357101554734,Distracted
19.263478169483793,1.2918430537074128,2.9327752875179547,1486.0,160.67358214715946,45.21220019369414,5.247223581880866,0.2761233921451818,0.06978287425427533,1.7404896632670743,66.0,10.0,0.9864005910025704,0.16413409290971068,Distracted
18.316876557787428,1.1052662889013258,2.941237014744399,1652.0,173.1069033863179,38.68234657277965,4.489383844838573,0.9380016315514157,0.20285699656778405,2.123867787151063,348.0,38.93584466786357,6.718724674648709,0.7706498009306791,Distracted
17.571176076006847,1.0378536691136062,2.941712531630261,1684.0,175.17990752366552,36.323025250675705,4.215566458700731,0.36460361992325396,0.2591071921147875,0.7860987990445003,140.0,15.684387141358123,9.068289068010117,1.0524446950407806,Distracted
19.335384444112893,1.1805357556010525,2.9336538604443994,1631.0,169.32513103494117,41.31664350779371,4.795114265828129,0.9561236805930389,0.18925317398022576,2.148773070766048,377.0,42.2729227756965,5.941985186904368,0.7210769199184585,Distracted
17.697902630053523,1.2076190675730618,2.927017648880898,1460.0,157.7276133085136,42.264511067457875,4.905121586645563,1.0596517662823495,0.17610032267173403,2.21938646036872,308.0,40.024992192379,4.282942083146837,0.585069132804592,Distracted
19.45658221671876,1.2082033914808168,2.9392795903449684,1603.0,169.65553336098412,42.284961360873595,4.907495000489782,1.187946941736905,0.2797969114613913,2.0881364824293627,420.0,49.57822102496216,9.792392302041101,1.1364824447863349,Distracted
20.51442655754957,1.2622729090858666,2.9366488558345276,1619.0,169.17742166140255,44.177297931728944,5.127115214434439,1.271292503254592,0.19324776798839127,2.32127696988555,508.0,62.40192304729078,7.605432943864303,0.8556909701537503,Distracted
19.589497698294476,1.36417092326217,2.9194561354510533,1431.0,154.53478572800364,47.743546481084344,5.541005788369303,1.1461338119725202,0.17017869045595344,2.44681107388732,194.0,29.732137494637012,3.033778727656663,0.4662568096812489,Distracted
14.620200077132077,1.043497216422912,2.9288992894542614,1396.0,156.31378697990783,36.52053932950954,4.238489486727908,0.48351623254970827,0.09945998757734222,2.1569161462867252,291.0,31.606961258558215,3.847743870031955,0.42712383004380877,Distracted
17.14938845496098,1.1867675886218731,2.906338242213568,1439.0,152.62699630144073,41.53474653610075,4.820426799801471,0.9561191287333997,0.276866946846611,1.791033679024683,190.0,23.15167380558045,6.341486175855,0.8653761413182457,Distracted
19.401349698975903,1.1867675886218731,2.939101541168161,1629.0,170.73078222745892,41.53474653610075,4.820426799801471,0.9481789996487353,0.1839952703347947,2.423283634672018,254.0,31.20897306865447,5.130896846453347,0.6115218859215641,Distracted
17.05792785493731,0.9851520696238261,2.942034745542244,1725.0,177.7667010438119,34.4785633713308,4.001502470933802,0.9201864958606488,0.13727295994955802,2.4574763734510703,374.0,41.036569057366385,4.682449382965012,0.531279877142598,Distracted
12.915118469130748,0.8285841138385867,2.93232951752205,1554.0,164.83324907311632,28.99896448308771,3.3655528736468394,0.4213701143645159,0.20902771665826406,1.4173831323935777,201.0,21.88606862823929,7.315596847823173,0.8490312820649889,Distracted
13.594819388513633,0.9049656672831217,2.9215006335682423,1497.0,158.741928928686,31.67218246845284,3.6758003818906944,0.8207511220428371,0.20038550537110522,1.9690509275561683,409.0,48.30113870293329,7.013134884111809,0.8139282447916643,Distracted
14.993047325596121,0.8940243454096936,2.9419108419603535,1671.0,174.53652912785907,31.289255739462497,3.6313587897124213,0.8510637255477511,0.2743112462466074,2.0380149097141467,240.0,31.74901573277509,7.676989652893761,0.9841783408953473,Distracted
16.064869963763506,1.0077320751261434,2.9373736880001413,1588.0,167.833250579258,35.268823245559076,4.093218207617706,0.8592050636872065,0.1808445405275143,2.3561835471662858,408.0,47.45524207081869,6.484563047235662,0.7393039701466249,Distracted
11.635163018339531,0.720142970018361,2.9372014092858367,1609.0,168.74537030686204,25.203718079460987,2.9250853373879826,0.3398235910755164,0.08911053389755261,1.721923709422868,301.0,32.41913015489465,3.489442602552549,0.3932086995699325,Distracted
12.198160410013811,0.6994576339440023,2.940458709384504,1734.0,177.29072169744248,24.47976825213191,2.8410653916701114,0.5012300050698064,0.09520096424161935,2.082494916530308,390.0,42.261093218230876,3.7153149114714727,0.42447644485027863,Distracted
13.48766599950281,0.8089026314020604,2.935195893135517,1662.0,172.57462154094384,28.310147740624164,3.2856103926535525,0.8839553790067439,0.1611092787122882,2.3758258197650095,408.0,47.34976240700686,5.786860476840625,0.6513169081908795,Distracted
10.873859225331188,0.6301155735783025,2.9391793203666494,1718.0,175.98863599675974,22.052919954964608,2.559410980692789,0.2517637781113404,0.06059848590787237,1.9109085504631038,183.0,24.020824298928627,1.69221624521294,0.21015025334837353,Distracted
13.401873012638942,0.9251222289960627,2.9264412883387334,1442.0,156.40971836813722,32.37762613729998,3.7576725455767153,0.24971856014050073,0.061078538512411455,1.8616186529852286,51.0,9.746794344808963,0.512096101587469,0.11189579111130678,Distracted
16.829087832024744,0.9822650947945268,2.9433615329677707,1706.0,177.75826281779422,34.37752440722302,3.9897761220084265,1.372791133894406,0.22319335673647256,2.301790700507851,481.0,59.724366886556446,8.920587420463562,1.0069262324226982,Distracted
13.31595341664215,1.017762013547372,2.909044425545352,1304.0,145.05171491574995,35.619853181068336,4.133957931578481,0.5308020884463841,0.2301280727499095,1.0519154206622159,125.0,13.228756555322953,7.67918281422721,0.8805240543436512,Distracted
12.066143330660955,0.9066093943750465,2.905807312520671,1329.0,146.2566237816257,31.729709981667874,3.6824768922718683,0.2672886962008737,0.2296915999867307,0.5676927600803083,62.0,8.12403840463596,4.292213400204977,0.6788549233881791,Distracted
14.62711363542756,1.0179767938873836,2.9329250551171584,1433.0,157.70542159355207,35.62737010946178,4.134830328934953,0.5232550630177809,0.14086269133092788,1.7567206322034472,164.0,18.439088914585774,4.703232566515604,0.5532333924563699,Distracted
15.703700005441588,1.0022643644688252,2.93440195634397,1561.0,165.5203914930121,35.0774631355748,4.07100939500874,0.5092905477006664,0.15264872034221133,1.8038341328171419,207.0,23.979157616563597,4.604568058794195,0.5587749206340346,Distracted
14.764190359650453,0.8981415867470257,2.9368916517531214,1642.0,170.67512999848572,31.433351834615074,3.648082249869244,0.6200968883656264,0.1732225358554102,1.80472694161107,193.0,25.11971337416094,5.194104183803906,0.6349812721431226,Distracted
15.494266878247497,0.8516368383938023,2.943819982234477,1812.0,183.73894524569363,29.805768680090857,3.45918870623934,0.9783665956009662,0.17842893605196095,2.3281340753459823,435.0,49.08156476723211,5.614630847266225,0.6917289801992035,Distracted
13.75178959382106,0.8516368383938023,2.9182905473884295,1608.0,165.44485486106845,29.805768680090857,3.45918870623934,0.9752774001925116,0.16662023203617865,2.358906775634509,309.0,46.65833258915282,3.8370457887649536,0.5230426047440255,Distracted
12.58163490203618,0.9415150771369808,2.9168235422836357,1331.0,148.1924424523734,32.951346551529085,3.824257212415586,0.3394132072115658,0.10933221249144295,1.364001010526006,129.0,16.46207763315433,2.8639421968749077,0.3714070221761715,Distracted
16.25698039904483,1.0103556321522495,2.938707570734348,1603.0,169.1892431568863,35.36064305690804,4.103874602956354,0.9564632998983397,0.13887344437491073,2.4204922727009346,368.0,43.31281565541543,5.111338470921372,0.5836442637523799,Distracted
14.62961707393541,0.9085833841719028,2.93994418933216,1603.0,169.71446608937023,31.79879609984581,3.6904948676619367,0.9049123936666038,0.16547198329534785,2.3713751512030776,389.0,44.955533585978046,5.898830168174975,0.6617107776716696,Distracted
14.769903364966105,0.9841760329060107,2.9381461843053196,1495.0,163.41052597675585,34.4444038289966,3.9975379933079758,0.4620120675024799,0.2722413302225404,1.1777753369226738,163.0,17.46424919657298,9.245393596514306,1.0837108390426542,Distracted
17.073675856296013,1.045578343508683,2.9350985390888074,1625.0,169.59658015420004,36.593375061497554,4.24694263364077,0.8536840794133704,0.15098493135039526,2.2718258131407087,490.0,54.7905101272109,5.808239515381631,0.6653380119039078,Distracted
15.125005525801608,0.8792038275993228,2.9428370652098392,1713.0,177.46830702973418,30.770564079284668,3.571160633034577,1.3810922085897177,0.18754470932898817,2.439337812514103,605.0,65.85590330410783,7.376488545928339,0.8383477508901963,Distracted
11.457772749222272,0.826066851164425,2.9146718920848516,1384.0,151.4199458459816,28.91086478425999,3.355328225979507,0.6891099925786986,0.21128067644541387,1.5639580116444702,315.0,34.42382895611701,7.4467087604782805,0.8603683550120744,Distracted
13.77264865920498,0.8574537778378819,2.9357028776765186,1600.0,168.28547174370104,30.00935117403666,3.482816020515444,0.6640499822163033,0.1486421566290687,2.1063666463446173,201.0,21.93171219946131,4.512841072949497,0.519503055088698,Distracted
17.540354254278224,1.0793667976102905,2.9384322742134352,1618.0,170.59308309541746,37.775910623145826,4.384184981036175,1.0629385461166232,0.1673652197304572,2.288291038725456,418.0,45.89117562233506,6.040398815665582,0.6739637767339994,Distracted
16.29871614719535,1.2421563868790109,2.9293925759267996,1311.0,150.26975743641833,43.473255574101145,5.045405683693601,0.40087932814288346,0.1112234258778238,1.5295673307486517,83.0,13.379088160259652,1.8207698446331602,0.3045250752844957,Distracted
13.706208872974589,0.8405582863816228,2.9407202440662243,1624.0,171.31257980662133,29.41803914127928,3.414189711040525,0.8174656487608674,0.11608637140585926,2.3514030162005524,195.0,29.103264421710495,2.868813455104828,0.3901947810138864,Distracted
17.13998671531681,1.0801575567820518,2.935957554577259,1581.0,166.94010902116963,37.80358578219558,4.387396896107241,0.09734859905434046,0.042655898147208604,1.0641132027848834,105.0,10.723805294763608,1.259084263233223,0.14747433267362675,Distracted
14.6570929838013,1.0700809196526733,2.9219524995527557,1366.0,151.45956556124145,37.450921475285234,4.346467490774613,0.0669407436717917,0.03820957421670333,0.7471761690685808,146.0,15.748015748023622,1.2716580412604597,0.15142477029552526,Distracted
11.737789835820283,0.7269410880957742,2.9261085081483045,1609.0,165.96686416269966,25.44164007360285,2.952698014783926,0.19545086805375272,0.10351105836251231,1.311097155594991,94.0,10.862780491200215,2.1148624022801714,0.3040763260126099,Distracted
16.043105879101514,0.9813182236958811,2.937447315531021,1628.0,170.34083479894068,34.34438560948227,3.985930109643723,1.266038477119224,0.20754195595455802,2.295992015582009,550.0,59.94997914928745,7.492221492709535,0.8566140520689491,Distracted
18.516384818653624,1.2285533229347259,2.9363313666874795,1503.0,162.8097048704407,42.997172625377935,4.990152595704746,0.1548360574862297,0.09972981170150895,0.6510230165909288,66.0,8.12403840463596,1.9236685471101247,0.2846398111142987,Distracted
18.313642377220095,1.2254412839343785,2.9326744122897392,1488.0,160.80422880011582,42.88825681715299,4.977512078434872,0.31468211085494935,0.2947299613572862,0.23623317822484188,76.0,8.717797887081348,7.380727067138209,1.0105435861982808,Distracted
16.049988122288553,1.05980374781808,2.9333717927289964,1509.0,162.16966424088076,37.09123881176265,4.3047235511754804,0.5400493177439168,0.23295372391462538,1.3066668980614828,137.0,16.15549442140351,5.154157230348299,0.7376350009087821,Distracted
17.86507165620416,1.1094070481801273,2.936183587549531,1604.0,168.16063748689822,38.82726575389053,4.506202830451619,0.4361120704492623,0.14145316867856553,1.5728927355123101,176.0,19.8997487421324,5.0722734795676345,0.5651600347304089,Distracted
18.05064170138672,1.139951122177063,2.9373766309267375,1577.0,167.42460989950072,39.896253804967856,4.630267115895178,0.7070300739222577,0.14566178438346936,2.057308849616502,393.0,43.278170016764804,5.194237015464089,0.6020374916467095,Distracted
19.05566457709058,1.2343695880292294,2.9324333436711,1539.0,163.4717100907677,43.20073151829267,5.013777170899669,0.17017439147740532,0.0800962080848911,0.9300588154863764,136.0,14.966629547095765,3.126337952084012,0.34725547841310866,Distracted
21.03666503858127,1.2903108471766478,2.9388784187543697,1626.0,170.82739827088628,45.15857570099108,5.241000047050169,0.6533463685684766,0.1786211256811706,1.8672954118284075,199.0,23.68543856465402,5.224054247441919,0.6389891447661451,Distracted
18.466247222693006,1.208466556402919,2.9342093100505986,1524.0,163.7864463256957,42.29417166324577,4.908563926921065,0.5733192813151433,0.1910150808353752,1.525650712235614,182.0,22.67156809750927,7.488175608895042,0.8319109873425976,Distracted
14.01120521657325,0.9505990716902308,2.93039039780736,1468.0,159.5430976256886,33.26927014071532,3.8611546902482816,0.0,0.0,0.0,0.0,0.0,0.0,0.0,Distracted
15.481259560006913,1.0906436083978652,2.9183424419425474,1415.0,153.48289807011074,38.1705788650898,4.4299892661025035,0.028801217517313477,0.016983746957040923,0.6769717188705751,169.0,17.52141546793523,0.5944008176976978,0.06898478672461593,Distracted
15.292545570659689,0.976598198131146,2.938258176221579,1560.0,166.8112706024386,34.17919314268863,3.966758253295322,0.20448260051484923,0.1112326981844962,1.04614488076338,75.0,10.04987562112089,2.023413590710573,0.3087553631200294,Distracted
11.685627168082412,0.795712185104697,2.928214286483285,1464.0,158.10123339177338,27.848505672782366,3.232033279962947,0.23616885410643043,0.08959231452288063,1.498657626931302,185.0,22.38302928559939,2.3039344970626066,0.30870963611908875,Distracted
14.694720931508552,1.2672671420470136,2.902585274022158,1159.0,136.4587849865299,44.3520871677784,5.147400849668478,0.32148486508569873,0.10128444035568179,1.5972766673872993,57.0,8.888194417315589,1.143849958073009,0.2119021592814303,Distracted
17.600312613850914,1.266130778717463,2.932041753968462,1387.0,155.22564221158822,44.31231648030907,5.1427851554916275,0.6168541098411982,0.1506964783191867,2.0619841781881307,195.0,23.727621035409346,4.17624789175361,0.5243250464160679,Distracted
16.43887827361033,1.0113679994534812,2.9401260975814885,1618.0,170.85081211396098,35.39607410479073,4.107986648580862,0.26122178379827604,0.11844714283149997,1.33484033922008,184.0,19.949937343260004,3.577254696325822,0.44120702232530185,Distracted
17.80288870167337,1.0798653948281742,2.9360432202836537,1641.0,170.1910690958841,37.793360635487716,4.386210189185131,0.4159210326142394,0.15731724245806603,1.4342438860705835,142.0,20.54263858417414,2.983693112026562,0.4704255388102139,Distracted
19.97080824467375,1.2786490670747745,2.938632031282581,1555.0,166.87420411795227,44.75043422043926,5.193632089014055,1.0035613915848995,0.31815357817939766,1.9344405806510314,237.0,27.440845468024488,9.915325580221236,1.167077023372144,Distracted
17.605318605782795,1.372585120098885,2.8903455239013836,1280.0,141.06735979665885,48.038028346167664,5.575182673817957,0.6150166758335173,0.12051697456186998,1.93103286507869,152.0,20.83266665599966,3.2082443562420924,0.438884803371215,Distracted
13.195101796103105,0.9590281885113185,2.923603129064465,1372.0,151.94077793666847,33.5642741786109,3.8953921778680876,0.05852941282077556,0.035524061323286185,0.9017653469717274,36.0,6.0,0.34226739767825975,0.07145722482740462,Distracted
13.88731476610972,0.8799097030181832,2.9372984196655474,1572.0,166.83524807426036,30.795268458549423,3.5740277662618567,0.25836254159529704,0.11146846765506614,1.3896100650695664,95.0,13.45362404707371,2.102081499918543,0.3144097783865391,Distracted
13.005218063122307,0.8412032174575365,2.932940843879866,1539.0,163.75286257039906,29.440610577361753,3.4168092998059794,0.6314974423004291,0.19828954259465847,1.748731389815213,316.0,34.95711658589707,6.939779929440432,0.8054148380927986,Distracted
14.43657338098751,0.8847549047229956,2.9410393763086518,1625.0,171.57797061394567,30.964841866734055,3.5937080645546704,0.42130537680520314,0.08629904407393639,1.9609124047169302,161.0,19.72308292331602,2.4563502121453338,0.3110898106527884,Distracted
16.602717530141216,1.021499933248106,2.9412812885460475,1618.0,171.4351189225825,35.750673696248214,4.149140658570417,0.3026501971294534,0.07677554218441478,1.8391664045568883,352.0,38.54867053479276,2.6208342566634677,0.3041948685016695,Distracted
19.196201684016764,1.3175622407805188,2.936924824041391,1454.0,160.89126763127948,46.112325817647594,5.351690083852221,0.9446250087949027,0.32154446072949316,1.6505301875554887,285.0,31.984371183438952,11.252208655530755,1.3020597527643465,Distracted
20.09385723330676,1.298474691733208,2.9381600126512954,1543.0,165.77997466521703,45.444295683292424,5.274160048609998,1.0476455621344452,0.2406031240382616,2.2007787328434185,331.0,38.97435053981015,8.1866315735711,0.9491922613701937,Distracted
19.190251054769206,1.2103386351200758,2.936212181201032,1580.0,166.9191421017973,42.35969107560438,4.916167958667502,1.4102939054615817,0.2367223265210755,2.377700469429829,426.0,50.91168824543142,7.906909151510758,0.902244081641566,Distracted
17.59810812293955,1.1531596073255892,2.9387701215076993,1520.0,164.98484778912274,40.3585272003906,4.683917499007403,0.34644844345870124,0.1434038091213467,1.5801993443379496,98.0,14.491376746189438,2.2522094791585747,0.37965666149659394,Distracted
16.116048966203984,0.9505696531899702,2.9395655093606163,1688.0,174.2469511928401,33.268240545735225,3.8610351978317157,0.8161190990977928,0.1928021915059341,2.3741318571954664,358.0,44.384682042344295,5.887664988787491,0.7237810452833557,Distracted
14.409978719577136,0.938033578862587,2.9320769248461813,1532.0,163.1686244349691,32.82950032841075,3.8101160210431124,0.6151914166674434,0.1662590335444403,1.987100827213893,366.0,40.64480286580315,5.818769305643411,0.6753129329537712,Distracted
19.0303819892212,1.3235263570195983,2.925374657652316,1432.0,156.1793840428371,46.321059236622816,5.375915202596301,0.45353760067239446,0.15764000302396244,1.5028226482737361,138.0,15.491933384829668,3.7234295100876786,0.4864005624400842,Distracted
18.986478544358068,1.1884478991783056,2.93259259513621,1593.0,166.3640586184408,41.593554405250934,4.827251905336769,0.4732162171232219,0.29112345553020896,0.7135652360140661,162.0,17.029386365926403,10.188801120025943,1.1824887370898378,Distracted
16.43168747334534,1.0835581331073048,2.932994717657393,1513.0,162.8649747490233,37.9225998815864,4.401209397737872,0.2501160892156555,0.11093320267897779,1.2938960408934974,116.0,14.7648230602334,2.454129167277404,0.34024077716449125,Distracted
17.220202999773107,1.111479408721408,2.93744680858256,1544.0,165.5475762432057,38.89979467247473,4.514620369309114,0.2762598636406601,0.11093320267897779,1.5549870979532057,97.0,15.264337522473747,1.778145124213865,0.2910387415241811,Distracted
18.422642261811028,1.2437253454616775,2.9224416351315248,1477.0,157.64199947983406,43.52816632299711,5.051778498448718,0.6211401914536651,0.12294370580543024,2.030452138480642,92.0,14.142135623730951,1.9590103096432154,0.32326229078270297,Distracted
16.27079137339282,1.0827290203033986,2.9249697702056263,1498.0,159.27334993651638,37.89358241389496,4.397841697424578,0.7762185933188324,0.12338380319758098,2.2009336079595005,146.0,20.639767440550294,2.7163194773173096,0.4043663343811715,Distracted
17.311228939348087,1.0112677742477223,2.9377735727230627,1703.0,174.4333683674084,35.39256640154906,4.107579552640185,0.9856190567053268,0.16254631765911562,2.103841889270532,525.0,57.12267500739089,6.071119933417348,0.69117821203169,Distracted
18.263240646959858,1.0807281408171923,2.941369845730196,1681.0,175.13137925568907,37.82355520460341,4.389714501172377,1.163581174263181,0.21746644296081227,2.3923828886042853,451.0,49.040799340956916,7.331040328199214,0.8445567301241319,Distracted
17.239365401623374,1.0182248702377186,2.9402511996676473,1686.0,174.37316307276186,35.63605233876392,4.135837968424789,0.5544664059203414,0.14289905846358025,1.779463448491972,177.0,19.364916731037084,4.838197062713932,0.5447827130582605,Distracted
17.082160522663436,1.0686740578493796,2.938964987979602,1594.0,168.8431224539513,37.40168382423093,4.340753082658623,0.6879083016339561,0.1571677054395494,2.0333215424832787,233.0,25.436194683953808,5.387587641224715,0.6189195939125255,Distracted
17.588510484743498,1.1787847226328187,2.935774836988562,1490.0,162.24056212920368,41.25536048051083,4.7880018991538655,0.5931978424153065,0.12481848192089182,1.9135413835215596,205.0,23.515952032609693,3.642482395123954,0.45702114167831037,Distracted
17.65281452157245,1.0365712248071168,2.943447593944568,1695.0,177.2935419015594,36.27814198985244,4.210357411062825,0.9705430446992829,0.14407554559291336,2.369344109948084,478.0,56.7097875150313,6.203740795453389,0.6956799247775565,Distracted
16.276871182731064,1.079074972831201,2.933816088965324,1504.0,162.3021872927164,37.7656972769535,4.382999643654656,0.9036607165595273,0.2896889453942922,1.723328596917817,210.0,24.899799195977465,8.028679273345254,1.0234059325086076,Distracted
18.254160993532004,1.4124118688929512,2.907526813613422,1290.0,144.1457595630201,49.43189344020805,5.736951438887465,0.2882834322901509,0.10598448831422265,1.518460798607574,103.0,11.789826122551595,2.5952694668914327,0.32998892309541467,Distracted
20.975693468770377,1.3415102486918027,2.937439685338557,1558.0,166.27687752661222,46.9504633335152,5.448962389099,0.40858874537879913,0.199881766237703,1.2436494173305819,120.0,14.832396974191326,4.964126028195776,0.6520445774250683,Distracted
13.269312576115086,1.1452247887438374,2.8945082448046957,1159.0,134.88884312647951,40.08082271826388,4.651687757894018,0.10460190309567129,0.06414025417563683,0.6673023368600117,162.0,16.911534525287763,2.2447943687438965,0.2605256523169422,Distracted
12.888468848229916,0.8860346516311803,2.9124777133253335,1450.0,154.24655587727074,31.009630723433055,3.5989061558678483,0.004271077334396979,0.004271077334396979,-0.0,100.0,10.0,0.1494800803637264,0.017348313051471224,Distracted
14.573658745314345,0.8703852738979944,2.9426082765491857,1668.0,175.09426032854418,30.46193044595044,3.535341326032154,0.6584323130719832,0.2649816198602359,1.6308244072179883,240.0,26.49528259898354,9.199673385331126,1.066816066060746,Distracted
15.127155562984694,0.9301121629786614,2.9394751334088682,1618.0,170.34083479894068,32.552264916776394,3.7779407191682193,0.9320559756319838,0.15381593516487202,2.3731511257734628,588.0,65.23802572120036,5.4025122758113975,0.6251573623550936,Distracted
17.64944694622958,1.1714204037925102,2.9333202621388317,1500.0,161.51780087655973,40.997622470663046,4.758089420720469,0.5400327118856035,0.11078307560458198,1.928925473521167,130.0,21.863211109075447,1.6470367511113488,0.2784121842812885,Distracted
18.47975259024244,1.1442243068538858,2.9362743812488215,1608.0,168.81943016134133,40.045807638553654,4.647623988575343,0.9324169212426312,0.1913559645461313,2.0664863570791554,324.0,37.49666651850535,6.613220084797252,0.7433752835604606,Distracted
16.99775248124164,1.0713842687960242,2.9307525731174837,1581.0,165.55663683464942,37.49653636807143,4.351761449929161,0.7704833344671669,0.19948777749782318,1.9419772592684108,246.0,31.20897306865447,5.727879386959653,0.7025108153651107,Distracted
17.469410487228565,1.1219500345906663,2.9326506105334302,1551.0,164.3380661928331,39.266247881783386,4.557150082822337,0.9132802289699568,0.20705001793873887,1.8786423003142063,395.0,43.32435804486894,7.756336454189185,0.8894944803144077,Distracted
19.27958994029199,1.2018714175479341,2.9317787828164734,1600.0,168.02380783686579,42.06335357945375,4.881775712960911,0.6795921383668776,0.1140143901862152,2.3262344378472544,287.0,33.66006535941367,3.093930382921238,0.390798936493747,Distracted
20.410951492595686,1.3247235803983988,2.934844586042152,1536.0,164.17064292984907,46.362959917145545,5.380778098849829,1.027518924683947,0.17890334097879956,2.162699601988577,306.0,35.41186241925155,6.297107198021628,0.7146574004536799,Distracted
15.844476759348401,1.2874347462342643,2.9246416807693065,1227.0,144.19084575658746,45.057917303509186,5.229317865808854,0.1592194140250597,0.06491980228569433,1.5552806035313875,112.0,14.212670403551895,1.2313184015678638,0.1836710677960111,Distracted
14.772661707613748,0.8949568022861486,2.9383137238484847,1644.0,171.1724276862369,31.321890065164276,3.635146254216859,0.305271899694225,0.1036862206649236,1.7590566415194602,146.0,17.776388834631177,2.935698110647876,0.36264325074694265,Distracted
13.674647121173509,0.901168151938593,2.9356790553579137,1514.0,163.18700928689145,31.539276212152807,3.660375588599297,0.3704952435828948,0.1257407392600072,1.6127302617075778,123.0,18.734993995195193,2.0360272014983978,0.3439391660986567,Distracted
17.67527837036027,1.180483830683687,2.93487057595164,1495.0,161.87340732807226,41.314826228401884,4.794903356577113,0.5496856046000536,0.14769477976824083,1.5879113948183852,355.0,38.43175770115127,5.3045834435357,0.6127598263929794,Distracted
22.692390832515006,1.3826569524875332,2.941607977924215,1635.0,172.4905794529081,48.390524495731704,5.6160925631971645,0.8362040111682653,0.20063282307816716,2.1159970327666855,304.0,33.734255586866,7.304482416673141,0.8172441218564768,Distracted
19.050856000997126,1.31712661095431,2.925994508061687,1443.0,156.182585456894,46.09707955158119,5.349920637408635,0.3187302313607237,0.08053579971485972,1.9357597310747217,65.0,10.816653826391969,0.8943991962105333,0.1666255346994316,Distracted
15.985801042964221,1.3261232772374456,2.931186087028385,1204.0,144.88616221019868,46.41194680724481,5.386463404228259,0.8653338898102667,0.1766236179428453,2.08278833629253,183.0,25.787593916455254,3.3886071804798004,0.5151301331750513,Distracted
13.143830492064389,0.8384077012895058,2.932239329576904,1562.0,164.83324907311632,29.34277250309183,3.4054544387659154,0.49506025435684214,0.14747629050556035,2.0669351046953803,223.0,24.06241883103193,4.1395072298820565,0.50824223047589,Distracted
13.48427950022496,0.8160866460244394,2.9398716368168634,1647.0,172.31076576929254,28.56157542479159,3.314790509255907,0.41841418729105284,0.10047286064075601,2.1750368460755527,216.0,25.65151067676132,2.69161175959038,0.34720327722960753,Distracted
12.919986430133758,0.7885108902744287,2.9402308371559323,1633.0,171.63624325881756,27.596473212193963,3.2027829744053036,0.6058252068165644,0.09828055016861335,2.2270937617865902,263.0,28.231188426986208,3.9565714669950114,0.4338918061802998,Distracted
18.105145415825127,1.22871651553216,2.9245478904444506,1470.0,157.4611063088279,43.002884074895064,4.990815453350796,0.05317136826328262,0.023933930863881393,1.067734951478944,51.0,7.14142842854285,0.3342608923863879,0.05615867402246899,Distracted
20.73341264728029,1.3125192860624932,2.92815926192047,1574.0,164.12799883018133,45.935831407103876,5.33120655000278,0.33728091385170267,0.1192028358253003,1.3952600143413416,83.0,10.723805294763608,2.256234793952017,0.3370445996560131,Distracted
15.401779412406707,0.9315441443036676,2.941205482608981,1644.0,172.70784579746226,32.60238170623779,3.7837571580582385,0.28468999198611206,0.11819046852406863,1.4141285057473243,185.0,20.074859899884732,3.4955431800900074,0.4269322479372535,Distracted
14.420961640390043,0.8625823749520815,2.938872932266838,1664.0,172.5108692227826,30.188842915525342,3.5036474176750017,0.6974786708190218,0.13570813175804555,2.3812407838105014,350.0,46.151923036857305,4.773139129985461,0.5322739692622185,Distracted
14.608411224281943,0.949531829192238,2.9338111226055803,1534.0,163.48700254148645,33.231918558929905,3.8568197518925866,0.486989470041794,0.10239349252739746,2.12992587371525,198.0,24.819347291981714,2.5182424013060754,0.3322375920424756,Distracted
17.52661471883846,1.201286419290603,2.9225346100662675,1453.0,156.278597383007,42.04287968500696,4.879399560035508,0.38032751328460723,0.1315838097501635,1.2057761022723676,98.0,12.328828005937952,3.059573982701157,0.42990027315325247,Distracted
18.23353124915083,1.2450252385634506,2.9255439187489873,1460.0,157.61345120261785,43.57366026049912,5.0570584198122095,0.5336335558761944,0.20190439349774084,1.4246102690848528,262.0,29.154759474226502,7.066293256451386,0.8200976827690165,Distracted
17.530729684245973,1.0877744195386376,2.9375328497935413,1607.0,168.8579284487406,38.07016237817629,4.418335160443305,0.7475242602093425,0.28802844385666,1.923635994034244,143.0,19.1049731745428,5.955603198571637,0.8769473165415586,Distracted
22.598881052716735,1.4321677826639476,2.9353187052038847,1573.0,166.388100536066,50.12331514647513,5.817196245966218,0.9441679683696506,0.4515321693265491,1.5770005117542676,136.0,15.811388300841896,12.078247350875777,1.5364527699651718,Distracted
22.217884753239954,1.428272739511965,2.9389284981058346,1548.0,166.57130605239308,49.98699559105768,5.801375313058871,1.5202549489328072,0.3798375983175166,2.0689570498224183,293.0,33.926390907374746,11.878111505749251,1.462094204023828,Distracted
21.22263396153813,1.3218750434949416,2.9397760561660444,1599.0,169.60247639701493,46.26326621180832,5.369207877551829,0.3627518559870793,0.11171797699825063,1.8392358939416342,67.0,10.63014581273465,1.3320584802916555,0.23708752873387626,Distracted
20.68608729978656,1.2010125490689791,2.940114479560867,1715.0,175.9857948812915,42.03329471626667,4.87828715069046,0.38587505007300515,0.14354736128737483,1.4657627184748965,267.0,29.88310559496787,5.024420995904942,0.5828644336845382,Distracted
19.81646361944116,1.2825149446075879,2.928988000020196,1538.0,162.5976629598347,44.88573303126326,5.20933455666028,0.3920986223115178,0.20287360242609734,1.3346743662613518,104.0,13.038404810405298,4.330603097424362,0.6204153918593347,Distracted
20.679099099422363,1.229184008375843,2.9384922593314133,1674.0,172.89303051308923,43.0192454896792,4.99271432138023,1.327718704040977,0.24066027516484237,2.4218043498300204,317.0,38.97435053981015,6.720215826323537,0.8331087406375147,Distracted
21.47070668724428,1.315300135127242,2.9415326773583277,1625.0,171.82258291621622,46.03315615894819,5.342501836027135,1.1614986984782578,0.18579864968887885,2.3807797969624063,297.0,37.749172176353746,5.713990885801992,0.6796803038437066,Distracted
22.535243020387952,1.5715290346635236,2.9373128883000477,1431.0,159.54623154433952,55.000710126125455,6.383255447812759,0.7243247803276119,0.1448003870936037,2.031252471192636,164.0,22.715633383201094,3.6698171381998557,0.4817159846042125,Distracted
18.315465059830796,1.138178931490877,2.9358405615141674,1603.0,168.0684384410113,39.83423029533541,4.62306881054883,0.4772868440461011,0.15218299766616594,1.3641583054770403,228.0,25.768197453450252,6.118229670958087,0.6826083110323894,Distracted
18.27544696434449,1.1427056716083412,2.9380925517655667,1594.0,168.35082417380676,39.99265811660074,4.641455577753435,0.22444334796960866,0.090951718974751,1.409448670540819,144.0,16.97056274847714,2.092031105600223,0.28846519373230145,Distracted
19.0848237477923,1.1691998549318654,2.9401186214800914,1626.0,171.0730837975396,40.91990722550287,4.749069968773226,0.9118853368716402,0.20885348158652,2.027287664078459,385.0,43.0,7.933118723859691,0.9094864695721914,Distracted
15.785394590609407,0.9400773638405773,2.9386379333650714,1675.0,173.16754892300116,32.90102915330366,3.818417491335519,1.0473086402274492,0.14461814412064258,2.4124790820477173,439.0,50.049975024968795,4.999746778998711,0.5588938576330945,Distracted
15.505840234261195,0.9517708383725307,2.9384965469800717,1624.0,170.48753620133056,33.31027988231544,3.8659141861871884,0.8489536014302047,0.1318367751349259,2.6248873328711015,258.0,33.85262175962151,3.051056853448502,0.4012357262045339,Distracted
14.158612639128345,0.8771435210567162,2.935328219460245,1606.0,168.04166150095043,30.698457029130722,3.562792055253211,0.4010018911783531,0.11155722891803008,2.040822312770425,163.0,18.681541692269406,2.498765996008207,0.3333204301481001,Distracted
14.222803258787952,0.9403234171421838,2.9225675015225625,1507.0,159.35808733791956,32.90964057951262,3.819416913581809,0.3524537793156245,0.11583875867085776,1.7249447276313326,144.0,20.784609690826528,2.8215409035634513,0.3724803716169061,Distracted
18.44792961227429,1.1840051998767722,2.933343034803119,1551.0,164.95150802584376,41.43806786248177,4.809206496124474,0.5785645409060212,0.10879054119438095,2.2565715875370747,241.0,27.586228448267445,3.5851166645685817,0.4170504824934168,Distracted
19.623514251140225,1.2813606267205715,2.938997512303191,1527.0,165.76791004292718,44.8453339663419,5.2046459344469564,0.6967062033795142,0.3504002162687797,1.3760562844426265,196.0,20.445048300260872,12.195474299517544,1.4167470097744959,Distracted
19.343260805015763,1.2412159221013388,2.9394098538021827,1553.0,166.91614661260306,43.440340986155505,5.041585692600127,1.4740443855821899,0.24257551225487442,2.368310364341842,423.0,48.75448697299562,7.551808847321405,0.8926920374672712,Distracted
22.22251930499591,1.4223892080472382,2.935870165225447,1556.0,165.72869395490932,49.781082495294434,5.7774775145160415,0.6300005548287162,0.15885585530980473,1.7706643117065572,150.0,18.920887928424502,4.814435987761528,0.5759841630626834,Distracted
26.380065336384305,1.6303941892795368,2.940812143851725,1613.0,171.09354166653983,57.060885429382324,6.62235463758335,0.34924935442334126,0.17253520504989453,1.4712143674820721,83.0,9.9498743710662,3.041385312273046,0.46370885535001233,Distracted
23.796336829239877,1.5257538482580237,2.930115074565252,1555.0,164.95757030218408,53.39866033708206,6.197325247636652,1.1256059365241982,0.19850238417963847,2.0532838926541572,482.0,52.80151512977634,6.38991661023612,0.7612615671182724,Distracted
17.177617023247578,1.1142420503476,2.9330075396732394,1536.0,163.53592877407704,38.996482196480336,4.525841700141553,0.34005619953244803,0.34005619953244803,-0.0,100.0,10.0,11.901359786890975,1.3812443425156047,Distracted
17.570194349464483,1.1786640983523806,2.9310419026512236,1485.0,160.15305179733542,41.25113884607951,4.787511946007433,0.7277434797977246,0.16874165150912598,2.3047349244404347,268.0,33.645207682521445,5.077902237574261,0.5986882901276211,Distracted
18.041699868153497,1.0661982676741526,2.9400053189618984,1686.0,174.46489618258454,37.31503558881355,4.330696888483985,0.8933784871031126,0.14843867164445812,2.311916924656385,323.0,42.555845661906424,5.47512082138447,0.6035333028181411,Distracted
16.637774562236153,1.105231222723365,2.9353117428564586,1500.0,162.9539812339668,38.681119319164395,4.489241412617107,0.5893611305016628,0.17850994229479888,2.040240025495007,158.0,21.908902300206645,4.310834128447252,0.5954362287764645,Distracted
14.871036582429328,0.9727285273819668,2.9333332272865955,1523.0,162.77899127344412,34.04376157606491,3.9510403783174484,0.9086546123458862,0.15293211575159857,2.188063151815251,241.0,27.54995462791182,5.708936239733841,0.6371819783709116,Distracted
14.8652861507122,1.0288600374035637,2.936265351499407,1440.0,159.4051442080838,36.00826419965186,4.179036017746426,0.12654574406656527,0.10790984064789731,0.41793747572770046,117.0,12.288205727444508,3.7766517412782927,0.438309482672573,Distracted
16.51814355657683,1.0288600374035637,2.9414386733137845,1598.0,170.61652909375456,36.00826419965186,4.179036017746426,0.14242313625019523,0.06423668616502977,1.2438713812977855,109.0,15.588457268119896,1.1399084462059872,0.18315902881719118,Distracted
17.043565936985587,1.092805320257989,2.9348211860159683,1554.0,164.92422502470643,38.24623492028978,4.438769733216616,0.22657395545553136,0.07903402320871955,1.3264273505957378,73.0,11.532562594670797,1.017162754078104,0.1843589562582618,Distracted
15.39540170914319,1.0460342038221768,2.9376869452786463,1470.0,161.7838063589802,36.609329358495856,4.248794252519814,0.4497722855201282,0.15606219360310863,1.7420323155090176,107.0,16.583123951777,2.6223486734159067,0.41301404048235096,Distracted
18.03839277353824,1.162536606769687,2.9308680888451244,1547.0,163.39828640472336,40.68670543757351,4.722005107613686,0.4577038166476963,0.13162882258437314,1.9800690985567266,115.0,21.79449471770337,1.5797027674588293,0.3068289266311493,Distracted
20.365885047594745,1.2156493066198424,2.941530439983201,1669.0,174.14649005937503,42.54555509547994,4.937738907746203,0.4585889847601221,0.15225734470693916,1.9746940103850816,189.0,24.474476501040833,4.020591834578852,0.511824830416454,Distracted
18.130083073886297,1.0693946003715218,2.941282999254723,1687.0,174.94284781036347,37.426901525921295,4.343679790901612,0.35642241086510734,0.10998565723075586,2.0023781628252393,321.0,38.87158345115362,3.8493016151466755,0.44674105932112607,Distracted
17.09978730408821,1.0415961406739795,2.940766834214576,1638.0,172.2440129583609,36.45400507281525,4.230767674490646,1.1914269227247525,0.16015119655193855,2.6093431632778454,367.0,47.4236228055175,5.893521133095328,0.6554742810326817,Distracted
17.85598032809927,1.0545063947224427,2.937908468332071,1687.0,173.79585725787598,36.905840912250554,4.2832066989501225,0.9658147583522397,0.11805079386810352,2.4812294313827707,265.0,31.73326330524486,3.8905226786931357,0.438240015609984,Distracted
16.759531707815455,1.0250846070076547,2.9342305160916684,1631.0,169.43140204814455,35.876130877119124,4.163700929363739,0.6903764210827541,0.19271149148793867,1.9198479746081454,356.0,38.65229618017538,6.744558100748543,0.782757843325425,Distracted
15.919580673227177,0.9915795483154344,2.9327865198320167,1598.0,166.87120782208055,34.70351364877489,4.027609680835077,0.705139703472847,0.16301288327213123,1.864039678577,356.0,38.98717737923585,6.42998811813316,0.7318896321630746,Distracted
15.979189171810377,1.0467442096321913,2.926693757142588,1522.0,160.92234151913152,36.634178294075866,4.251678162619334,0.11847909014267123,0.0720897398606706,0.6694321416751294,140.0,14.832396974191326,2.566321345290752,0.2917136686221368,Distracted
17.075019877148176,1.0955056688420821,2.9327510452497143,1554.0,164.26198586404584,38.340742299050994,4.449738041424868,0.27467514213665045,0.13938772022044066,0.8095799728340966,175.0,18.466185312619388,4.949980456419666,0.5814722553996761,Distracted
17.682713790934017,1.1251668506564119,2.9335850587375187,1567.0,165.33904560024533,39.37883070020963,4.570216184830868,0.11251842994516953,0.04816600853412885,1.1065139817832106,45.0,7.681145747868608,0.5544678406281898,0.10571552555897447,Distracted
17.02437243076112,1.1578181827851954,2.9309223057223623,1463.0,158.71042813879623,40.52156902322865,4.702839756583093,0.2770437107292657,0.09796900066442082,1.3029230414848931,125.0,14.247806848775006,2.8006637048239664,0.35574648378636353,Distracted
13.950790828099674,0.9236824926509305,2.9249351927690963,1507.0,160.30907647416598,32.327237935981366,3.7518246072531025,0.41056990013990224,0.09796900066442082,1.8752771331910798,223.0,24.351591323771842,3.6791687336834995,0.41194053962542715,Distracted
17.40526483825632,1.009687520309655,2.9413396069818267,1714.0,176.34057956125696,35.33726033538279,4.101160858275269,1.0455914933254182,0.21526536594417933,2.0675370548074463,479.0,52.25897052181568,7.533903435023144,0.8743674406135257,Distracted
19.164260020523205,1.146697483924505,2.9349486625019763,1664.0,171.31841699011815,40.132364419975666,4.657669568810402,1.8463428399317747,0.2084283041787421,2.57171488643768,790.0,85.6971411425142,7.753875931104023,0.8878003277703809,Distracted
17.932117471969292,1.033965200869991,2.941684962194954,1725.0,177.25405496066938,36.18693580531111,4.199772231834908,0.2015750580234767,0.17860494129134244,0.4336307613424606,102.0,10.392304845413264,5.718296695237209,0.6917781835857565,Distracted
17.212076834499115,0.9812714406940339,2.942606006251881,1746.0,179.05864960956228,34.342748287952304,3.9857400858867202,0.5558356727347632,0.1650423383216278,1.6911169267316037,272.0,30.265491900843113,5.7111725987810065,0.6523829386052256,Distracted
17.819170239987372,1.0743034438175858,2.9387778669098417,1650.0,171.81967291320282,37.59870228141245,4.363618589980978,0.5468480258772092,0.2518863411468101,1.7857348857788362,215.0,27.184554438136374,8.815572177520906,1.0231149561288586,Distracted
16.269754518772604,1.148782825695127,2.9278764192564157,1415.0,155.80436450882883,40.2053476584078,4.666139834980649,0.8097065403905572,0.2250431819176157,1.8455829666672665,129.0,17.11724276862369,4.462992709092418,0.64095644066394,Distracted
14.412588494583778,0.9214809098721155,2.939400667729667,1557.0,167.0359242797788,32.25018646981981,3.7428821919641027,0.7127834559187828,0.11247088830004924,2.2159203625905803,447.0,48.73397172404482,4.566251926951939,0.5090140289130449,Distracted
13.113241826701728,0.9482099354355423,2.921036243586151,1381.0,152.1413816159167,33.18565463778948,3.8514504680055324,0.44575476362637273,0.1226367924545739,1.8017186373065424,216.0,23.45207879911715,3.8685049047373763,0.44176916302033964,Distracted
16.48458273760403,1.0159078893876807,2.9394580604532603,1616.0,170.40539897550195,35.55496214616177,4.126426827868516,0.8655273438449317,0.14323555890209122,2.4741425215445028,417.0,47.738873049120045,5.177595940503206,0.5791403155247613,Distracted
12.509166809916428,0.7851254025209425,2.9373830806540346,1589.0,167.79451719290472,27.47798718587317,3.18903175971612,1.372712656462479,0.18757674093385643,2.250448207407333,607.0,66.56575696257048,6.773157212469313,0.7674630306826953,Distracted
15.246439025731195,1.0873284215876953,2.9335148615525544,1398.0,156.51836952894698,38.05455324625728,4.4165236006265465,0.5198962963662507,0.19364681435009243,1.5000202280310253,147.0,17.175564037317667,5.34018356511087,0.6635294010146855,Distracted
18.72582915690942,1.147015355455974,2.9332103369094864,1625.0,168.8342382338369,40.14348935599279,4.658960703202577,1.0142560701008418,0.1661247536850846,2.08654267278594,373.0,41.96427051671457,7.280824732298802,0.8035672187875508,Distracted
18.183590141797968,1.147015355455974,2.9331394327140257,1579.0,165.74981146293953,40.14348935599279,4.658960703202577,0.29587998026575446,0.09575696546717506,1.7078128764383833,124.0,13.784048752090222,2.2552468114429045,0.2885344583001777,Distracted
19.429615988691914,1.211701411319827,2.9366339722113657,1599.0,168.3537941360396,42.40738580925296,4.921703299351216,0.8975319747301642,0.26744232146369595,1.9075143464118187,288.0,30.265491900843113,8.93320316618139,1.0357461168768936,Distracted
19.9238174588635,1.1918793269966685,2.936956933209535,1664.0,172.11623979160132,41.71364825181288,4.841189719931478,1.2816511028005084,0.2138878383474493,2.422577749907147,580.0,70.0,7.5898404229771,0.8776121820459198,Distracted
17.294498452803747,1.1272325519956277,2.935298904564206,1527.0,163.8200231961893,39.45112655861209,4.578606675261691,0.7193544024827222,0.2654040998697091,1.55585332417365,265.0,28.722813232690143,9.329473962687484,1.0823623895722936,Distracted
16.689298452337994,1.0336208611176572,2.937971882121855,1608.0,169.091691102786,36.17488452882479,4.198373588506339,0.6033683827231674,0.1679555284907008,1.926466180424866,305.0,34.51086785347479,6.034610564058479,0.6930304453245425,Distracted
16.340866409600974,1.086228473135258,2.937017481548516,1500.0,163.22989922192565,38.01605701446533,4.412055816833523,0.5037532104496081,0.19992416596730497,1.3736646002227484,184.0,19.026297590440446,6.999838166766697,0.7959399392424449,Distracted
19.596529647087426,1.1524984918598473,2.940977785110007,1693.0,175.24554202603844,40.33538933956261,4.681232172293581,0.5986246706295693,0.15158906427695043,1.7154779598402112,350.0,39.16631205513228,5.6875389272516435,0.6514686742561074,Distracted
18.645348443125563,1.1426248339528973,2.937781981699404,1626.0,170.0,39.98982894300211,4.64112723039674,1.2475644175988378,0.21542139357736667,2.0167776417790253,420.0,49.13247398615299,9.023578427054662,1.0120090620027198,Distracted
16.69190700508603,1.0715182114805917,2.9369147259393906,1553.0,165.792038409569,37.50122412286623,4.35230549992894,0.6855715117651181,0.1939516203585232,1.863455230123038,204.0,23.323807579381203,5.8496115027052,0.7047980617553932,Distracted
12.554224656960272,0.9565211253744965,2.9299746334311636,1310.0,150.3861695768597,33.47653144537801,3.8852089588036325,0.9415747570744722,0.2364096811988217,1.9116964931835212,254.0,29.223278392404914,8.33527800410685,0.9327736743412163,Distracted
11.274495956214043,0.7196723583078884,2.931270522370035,1563.0,164.40498775888764,25.187247509908197,2.923173801108081,0.5464115109671818,0.07514070807752571,2.3506597192090135,615.0,69.54854419756032,2.9571262664265103,0.33853989978943794,Distracted
14.506677877842773,1.183157542459521,2.899985965776155,1223.0,139.0719238379911,41.408401366436124,4.8057634710786745,0.28774774584557744,0.07606848665379602,1.8535574809206052,375.0,41.916583830269374,2.662261206694324,0.3089758898051023,Distracted
19.4638069451968,1.205302676778903,2.9412256274462365,1608.0,170.84495895401773,42.1834415257579,4.895712842785323,0.236387680543899,0.08384255715532744,1.2506791484302808,73.0,10.04987562112089,1.6184278256965405,0.24571716302172406,Distracted
16.230731383939098,1.0424745652906435,2.938773611963582,1550.0,166.36105313444008,36.484748365903144,4.2343356701153745,0.31040209838866806,0.08751936392572082,1.5283913161005191,146.0,18.708286933869708,2.1087589576990924,0.2845772385139396,Distracted
15.283415551747865,0.9618673688144065,2.9362443259269995,1582.0,167.87495346239118,33.663640419642135,3.9069243944146868,0.7013685720554863,0.17178676131403808,2.1540785905003883,279.0,33.03028912982749,5.19833695527279,0.6136795666742403,Distracted
14.185575663994703,1.0008715797129342,2.93013914145326,1413.0,155.99038431903423,35.02871815604392,4.065352165212426,0.24313829912304039,0.12756316898961825,1.3059665625949428,54.0,8.94427190999916,1.41074512944077,0.27945693762510376,Distracted
11.27767960271001,0.8345248807235912,2.9374490193400873,1349.0,155.32224567009067,29.206880716362384,3.3896831517049923,0.40949355392263104,0.08468949807615386,2.019979419461024,377.0,43.53159771935783,3.1349083781242366,0.35231067524123727,Distracted
11.824693940051443,0.6856339312477627,2.9401983588228653,1718.0,176.49929178328168,23.995963341057905,2.7849161105570146,0.44818356006551,0.13091384344623433,2.0002483196744087,305.0,32.38826948140329,4.337180177370706,0.509866551605713,Distracted
11.644781477078746,0.6918549746753647,2.9378381603849477,1677.0,172.89592245047308,24.213688752867963,2.8101848192314445,0.4815125292246519,0.11295915954004794,1.8110606528533362,312.0,34.92849839314596,3.9472150898943044,0.46754492581226953,Distracted
11.050056022139163,0.6934090554205069,2.9353182699254337,1587.0,166.82625692618055,24.268078804016113,2.8164972030079833,0.38785241161774225,0.08995831775534924,1.9490782990436304,191.0,22.06807649071391,2.3504249098325003,0.2949981489105024,Distracted
10.125834766323718,0.6714515167238468,2.9373537975645596,1503.0,163.1533021424942,23.49960415652304,2.7273098094476578,0.2657037639626216,0.09304949406568373,1.7133938013178687,172.0,21.213203435596427,2.2643342102416844,0.30256464830691154,Distracted
11.628337589104282,0.7104111784034985,2.937264070181565,1630.0,170.13524032369074,24.863122749810266,2.885556629694809,0.38967505208159586,0.0777466898678028,2.231265218761166,304.0,36.05551275463989,2.379317542519232,0.2845540049436364,Distracted
11.63484405099,0.7134329388543357,2.9398478529297516,1627.0,171.040930773894,24.968878970001686,2.897830452471441,0.770437141521199,0.1441952426426843,2.1187930429789583,506.0,56.7626637852735,5.241409017582132,0.6071298160887656,Distracted
12.980738077689118,0.9040048877244673,2.9177800711707347,1432.0,153.93505123915085,31.63855689944643,3.671897875976612,0.3468668773707174,0.10489280064409347,1.8110590285718844,82.0,13.490737563232042,1.3362306103561865,0.24670150346989828,Distracted
17.584188578309796,1.1592365085312841,2.939018601780036,1513.0,164.7573974060042,40.57120789181102,4.708600729079176,0.46278015166974246,0.14701351810891075,1.6643785203742,124.0,14.89966442575134,3.906899823082817,0.5049131317192858,Distracted
18.572973116219384,1.223803457401245,2.935955422191336,1514.0,163.22989922192565,42.830935812959765,4.970859535014041,0.6094660201783295,0.11528309462009013,2.0806002470724567,275.0,30.347981810987037,4.504918900403111,0.49698605105613686,Distracted
17.37847946235643,1.0511916293807577,2.939647256720566,1645.0,172.18304213830118,36.789830044062455,4.2697427453999035,1.0609668322495864,0.43745301458148494,1.5584458350166766,239.0,25.15949125081825,15.269252472453648,1.7708721748818967,Distracted
17.36516194331081,1.1081660763725725,2.9374896492809297,1560.0,166.5232716469383,38.783833956477615,4.501162236306406,0.8839113776968985,0.328233165588172,1.7321505891448532,269.0,32.7566787083184,11.487574709786308,1.3332214016918396,Distracted
17.55824162966734,1.0961252275151923,2.9402842935372435,1596.0,169.6113203769135,38.36242574633974,4.452254572260848,0.6456323151792247,0.1349790755725041,2.3743914447012293,315.0,35.11409973215888,4.43539244478399,0.5067097263834666,Distracted
16.15195913480648,1.0225187911640086,2.9375076507932234,1574.0,167.44551352604225,35.786331904054904,4.153279067851301,0.11005882415977078,0.07907954180511131,0.6736995496104041,112.0,13.038404810405298,2.2160319415005763,0.287279499167391,Distracted
17.726889504438528,1.1631029761199765,2.93202137015498,1520.0,162.4746134016019,40.7065273535372,4.724305593421435,0.492908742034058,0.1292036929210563,1.5214357209653424,149.0,16.15549442140351,4.500733146763812,0.5306164634712144,Distracted
18.573347211646766,1.1559151682812314,2.9398619530518046,1600.0,169.61721610732798,40.454966913570054,4.695110069487432,0.18673953593503603,0.048837576418301436,1.7126748487320829,97.0,11.789826122551595,1.0434221149695044,0.14267851990240712,Distracted
19.333845283352126,1.1970396185409482,2.9384335570748,1609.0,169.7615975419647,41.894249241761486,4.8621498539065895,0.9108503788596067,0.1440912242205594,2.2008858874189743,305.0,37.242448899072144,5.604067179891797,0.6184127734228057,Distracted
18.30856903462429,1.1702835347007774,2.931120635611572,1559.0,164.40498775888764,40.95783408242042,4.753471672232731,0.9133901479508731,0.18087227315383447,2.1307269231616988,301.0,35.566838487557476,7.545790608483132,0.82986116393151,Distracted
14.378333432722307,0.970206965729257,2.9333616014185027,1476.0,160.3558542741736,33.95551142066416,3.9407982690075802,0.3403862093562883,0.12036195845304691,1.53994984706679,183.0,23.345235059857504,2.9514137506484985,0.4041276880989985,Distracted
13.210651960154895,0.8834323366167237,2.936341502667205,1489.0,162.18199653475722,30.918554344562573,3.5883360415864334,0.4910657446423736,0.2139363072232368,1.4700433149701406,198.0,20.639767440550294,6.996216739066924,0.8227359842551807,Distracted
13.37653441160789,0.7944347141263318,2.940786584177145,1677.0,174.33588270921163,27.80379646956319,3.226844433048758,0.8402560091841026,0.16554363293781638,1.9758899107117733,200.0,27.820855486487112,4.057217224679812,0.5445453183074261,Distracted
14.660722375367119,1.1939500016640088,2.902317281408998,1226.0,140.03570973148243,41.786118167819396,4.849600411086017,0.32604279387106083,0.16113448252769771,1.1854995523100933,113.0,13.674794331177344,3.554373047568582,0.5016880254217988,Distracted
20.741179215642788,1.4490688375042102,2.9260282375679063,1426.0,155.49276510500417,50.71482188773878,5.885845152860889,0.2438228060897058,0.1329923574273976,0.9984151500309932,127.0,15.198684153570664,3.535131969837228,0.4676685475803466,Distracted
19.90534575956663,1.486753514869559,2.9331552216966643,1335.0,152.66630276521403,52.033718306608876,6.03891322655571,0.8835519493727977,0.1804065504777891,2.336555802262882,248.0,35.608987629529715,3.613790428999698,0.5419078706884479,Distracted
15.333271564613582,0.937898540359958,2.939169843951187,1629.0,170.76006558911834,32.82477422194048,3.809567520036413,0.8429709405777803,0.26740801392900804,1.809580270827681,299.0,33.0,9.089708434210884,1.064893129268765,Distracted
16.804267047174495,1.1209187012076047,2.93772268708033,1497.0,163.33095236359824,39.23015305490206,4.552961000539585,1.1270219020467702,0.21136543375776928,2.2554611372965225,367.0,39.585350825778974,7.359926182814318,0.8256702937906715,Distracted
15.570623059289229,0.9418112851883154,2.9383800830000473,1648.0,171.73817280965812,32.96171330442333,3.8254603538247878,0.7260265014830878,0.14902729453076127,2.147072163909431,381.0,44.48595283907045,5.66846055454678,0.6367843808813659,Distracted
14.27280391963776,0.8946256123505499,2.9325306338013735,1588.0,166.1264578566581,31.310299008783666,3.6338010229713396,0.5515195404193081,0.14141995696193893,2.0806031145208004,175.0,20.074859899884732,3.6845843557155495,0.45495486610512326,Distracted
12.975613484525526,0.7752175213730016,2.940084919283423,1666.0,173.45316370709415,27.131229036986223,3.148787809449292,0.5114384775413271,0.16905008214652872,1.7840376376174598,124.0,14.7648230602334,3.5321738436968633,0.5128829854692387,Distracted
14.440462945049186,0.8175858094259718,2.943005856094396,1756.0,179.8054504179448,28.614043466972582,3.320879829108685,1.3612777106992913,0.25253936441763786,2.2130675144314997,456.0,52.72570530585627,9.842360719285828,1.1223412625989388,Distracted
17.404515762317732,1.1406863318024871,2.936519608709573,1520.0,163.73759494996864,39.92198482908384,4.633253399153875,0.4932418707246881,0.13451613458846046,1.7405576823438276,289.0,31.38470965295043,4.349580857488844,0.5174359661168778,Distracted
18.425067391474347,1.2211284812199557,2.9299544972141085,1504.0,161.78998732925348,42.73731642299228,4.959994284735264,0.16958610576589025,0.08157766981004902,1.2253268628126772,110.0,16.911534525287763,1.4863405480529328,0.23900006186411332,Distracted
18.3618048032721,1.0725114441125996,2.931033669195886,1704.0,173.63179432350518,37.53598549149254,4.356339824124907,0.5420901524425114,0.15318044498302477,1.6536596084209176,253.0,30.083217912982647,3.87644457696664,0.526706664242668,Distracted
17.139584887263105,1.102101987808825,2.9369943749484504,1552.0,165.80711685570074,38.571601684647376,4.476531048777091,0.3147449096592306,0.09592639579818886,1.5896310298197418,116.0,12.884098726725126,2.6581934690475464,0.3245132173499868,Distracted
12.138684168241237,0.8050058180824402,2.931319337779734,1504.0,161.1645122227595,28.17376623250017,3.2697822696581027,0.3555743319793711,0.13658723072428577,1.6041456808169372,209.0,23.173260452512935,4.712788899739583,0.5366626617413052,Distracted
13.886417586145468,0.9267673890808369,2.9322249809335688,1493.0,160.81355664246718,32.43520380270603,3.7643548765054002,0.29742263921495016,0.10531865240144754,1.7586716180276283,186.0,19.79898987322333,3.000079956921665,0.36601843997471123,Distracted
14.164237515383759,0.9260744105976207,2.934256043428829,1523.0,163.3370747870795,32.41095079316034,3.7615401282057266,0.22998220250721332,0.10360361284184225,1.1245564878634997,154.0,16.186414056238647,3.534052272035617,0.39853529177503993,Distracted
17.20694528710552,1.1034082029378747,2.9385135338358683,1553.0,166.4421821534433,38.6173168818156,4.481836649026664,0.24818306615555183,0.11291174433547319,1.0983010173095076,95.0,10.04987562112089,3.1040365310630413,0.38550164232870066,Distracted
18.20785884507957,1.0559716720577723,2.9410398901705412,1719.0,176.90392872969215,36.95712300262066,4.289158379973504,1.1933097910351282,0.18489729718662487,2.5056858073928407,603.0,70.44856279584417,6.588811071232111,0.7571241631425766,Distracted
16.395263450365803,1.0261027062802839,2.929942277763251,1591.0,165.9849390758089,35.91176253376585,4.167836257178293,0.9121505248424707,0.14983010770119679,2.370440954613325,331.0,42.05948168962618,4.647125245344759,0.5714585704661425,Distracted
12.52086414088502,0.8790425737569201,2.912516553615295,1420.0,152.59750980930193,30.76492048273183,3.570505650246927,0.001397589496621246,0.001397589496621246,-0.0,100.0,10.0,0.04891313687719423,0.00567674574973631,Distracted
10.682632040480682,0.6870707173134991,2.926843978777689,1549.0,162.9202258775748,24.04624828786561,2.790752065400456,0.0889085240526399,0.0889085240526399,-0.0,100.0,10.0,3.1116395887702377,0.36112970743650086,Distracted
14.923426632414916,0.9812775098402196,2.926233452592758,1516.0,160.54282917651602,34.34296069723187,3.9857647376173584,0.23632690478834628,0.14579142808948886,0.8664459697571015,66.0,8.12403840463596,2.6234993501143027,0.40075626788125424,Distracted
14.792584396464303,0.9670158592411032,2.933267220757277,1523.0,162.77899127344412,33.84382839154716,3.927836594469114,0.3178083111963964,0.10830323933189799,1.3580057258502827,79.0,11.789826122551595,1.4818472862243652,0.2566050515762113,Distracted
16.64397554376386,1.0535300208298393,2.936466859169177,1574.0,166.7752979310785,36.87166956940082,4.2792408517837055,1.061638400133759,0.2433426691914697,2.066590710386547,430.0,47.45524207081869,8.516558914473563,0.9884121670932566,Distracted
16.95754114245491,1.1037705815413712,2.931251495577414,1532.0,162.77591959500643,38.629999485882834,4.483308562776852,1.2237092170479749,0.15905622142762552,2.4463013539408807,573.0,62.74551776820397,6.571802041747354,0.7387305197860858,Distracted
16.989948444330818,1.1232645947957212,2.929031073108151,1508.0,160.70469812671936,39.31225514171099,4.562489579201537,0.8170889823757255,0.1715009213874372,2.1230849399723635,211.0,25.15949125081825,5.006975177562598,0.6161428675809557,Distracted
19.116753525874575,1.1720743542940053,2.9364431865878053,1624.0,169.74687036879354,41.020509570536,4.760745644696733,1.4327059136257347,0.24100208610626572,2.4861116861830332,555.0,65.21502894272147,8.55801158481174,0.984027308824839,Distracted
16.707558827336427,1.12596477479242,2.928449503432893,1479.0,159.0125781188394,39.40675662021444,4.573457202639493,0.6338072581862202,0.21431023406322547,1.596971763482268,243.0,29.410882339705484,8.12139694016389,0.917361799185365,Distracted
16.912819500821637,1.0537889710670902,2.9368048395507182,1599.0,168.3300329709467,36.88073236532885,4.280292658957601,0.5284295159031603,0.25528851905230643,1.3884933847343655,191.0,20.174241001832016,8.759028326381335,1.0181860572969026,Distracted
18.15669552126674,1.1162975521494762,2.9394795161200675,1620.0,170.52272575818156,39.06842108928795,4.534190761969499,0.3719682759383506,0.2191920192325453,1.3275699228378035,156.0,16.673332000533065,7.274151498621158,0.8560169690282936,Distracted
19.428436593430035,1.2455698601399083,2.932059836227869,1556.0,164.39586369492392,43.59272104321104,5.059270570251838,0.16694569000037976,0.059227448925812984,1.2930241922297112,128.0,13.784048752090222,1.9310958650377057,0.22318961862354855,Distracted
14.810196089317307,1.03040522516367,2.9285375832385885,1431.0,156.78328992593566,36.06234301220287,4.185312279889877,0.27461327056303647,0.1706176920300429,1.1216415979529468,133.0,15.652475842498529,4.987879071572814,0.6291273750196953,Distracted
14.415780949771085,0.8593758427173727,2.9408381528882366,1669.0,173.89939620366712,30.07662001282278,3.4906230866544967,1.018528496134391,0.1922078366482335,2.2110669719448715,506.0,55.17245689653489,6.646278456003978,0.7757945588883765,Distracted
14.762361523599868,0.9407831549657406,2.934183897637923,1564.0,165.24527224704494,32.92573058243954,3.821284282177651,0.4463532488752274,0.10887719511491935,1.9364835629526054,176.0,20.199009876724155,2.8823418436628403,0.35974299366227813,Distracted
12.36200683150894,0.8156606256796912,2.935576582651608,1510.0,163.49923547221866,28.546665473417796,3.313060094719166,0.7196570168550305,0.12968905602850775,2.2349564912255007,429.0,48.65182422068057,5.013823234673703,0.5625653011848623,Distracted
15.226428249967254,1.0421002169821698,2.9209238129955053,1457.0,156.06088555432459,36.47164684353453,4.232815137674206,0.2533469823288036,0.0852618101320833,1.60506208170845,60.0,9.591663046625438,1.1544222410279097,0.20960027678173004,Distracted
18.313810416705106,1.1894134834776902,2.9353443264906605,1534.0,164.27416108445053,41.62734813160367,4.831173927204274,0.5465906772202016,0.13022710269659782,2.0896665043649536,195.0,24.020824298928627,3.999602285298434,0.4896066266917037,Distracted
20.025955710076314,1.2323360868822757,2.9403418375694512,1620.0,170.87422274878094,43.12956260912347,5.0055174715952875,1.237660751135748,0.2359420197677448,2.242546568494694,371.0,42.01190307520001,7.976250478715608,0.905110374556112,Distracted
18.772700034935657,1.2713936556910181,2.9208336457279724,1471.0,157.10824294097367,44.49650777710809,5.164161972191554,0.9591943313881486,0.2071689563452366,2.0661614651706257,460.0,50.37856687124,7.250543555828056,0.8414813471718986,Distracted
18.961112294994393,1.1012942013102651,2.941798931682074,1716.0,176.82759965570986,38.54333059956329,4.47324997190618,0.764664709149147,0.2754004051058259,1.626742942601886,275.0,31.89043743820395,9.638522429899737,1.1186246626350083,Distracted
16.845949268827404,1.0115822740313107,2.9402718279326376,1658.0,172.86410847830732,35.40357333241087,4.108856991626449,0.7569406248099494,0.21171601124368292,1.9118361444962073,299.0,31.670175244226233,7.59826853058555,0.8652529128874794,Distracted
16.100885668074675,1.0605349956397438,2.9371608887502423,1513.0,163.716217889371,37.11683117982113,4.307693742332233,0.5141943335249088,0.15784728122493905,1.7981605802980096,221.0,23.2163735324878,5.106439760237028,0.5869564164058162,Distracted
16.912718685559998,1.119140272787839,2.9347589150297173,1505.0,162.35455029040608,39.16791123573226,4.545737358692303,0.4398413921929003,0.15804351695160576,1.6372256659856823,212.0,28.705400188814647,4.220931304825678,0.5604682380356143,Distracted
13.468765793197129,1.0009449995230402,2.9215933854318883,1343.0,150.02999700059985,35.03128771830086,4.065650382676118,0.12836707797811506,0.08687595013635352,0.9520687131453338,37.0,7.681145747868608,0.7453300519423054,0.174476105015609,Distracted
14.587202171467988,1.0098060372476676,2.9130582793928848,1439.0,153.46986674914396,35.34140821659203,4.101642251793009,0.33132413116426396,0.08687595013635352,1.6436896156185221,90.0,13.784048752090222,1.5240096913443668,0.24479631712636551,Distracted
15.370838399390495,0.9878971781610376,2.9384828106786904,1550.0,166.2648489609274,34.574637268528804,4.01265258565551,0.6497340464763048,0.09364709423071971,2.438247641990842,201.0,25.632011235952593,2.4423422753208817,0.31786566692620905,Distracted
14.44872010272835,0.8841945202251947,2.94099204180668,1628.0,172.0988088279521,30.945229409921048,3.5914318880924117,0.35413510139642107,0.11845784813102174,1.8779117711770605,99.0,13.30413469565007,2.0414168064040368,0.321446081404145,Distracted
15.118043877951973,0.9621008623551568,2.9357451202335567,1567.0,166.45419790440852,33.67181227664755,3.907872801273961,0.6315480185186422,0.14447248461218895,1.976443478814656,233.0,25.278449319529077,4.650935212771097,0.5279832137459917,Distracted
16.735548465138816,1.0833396438446243,2.9356447380513835,1541.0,164.60558921251732,37.91495314752213,4.4003219354348975,0.821141570447442,0.21659990375542829,2.1775552028656713,377.0,45.70557952810576,7.580609875495988,0.8797880822727433,Distracted
17.766840544288854,1.1982057375455477,2.9383928572798226,1478.0,162.36378906640482,41.935061324726455,4.866886410040598,0.922032612119123,0.23897414834331554,2.0730745748988793,365.0,40.755367744629666,8.364823666485872,0.9652677726607379,Distracted
14.093032142845393,0.9135003198128806,2.931113821013326,1534.0,162.67759526130203,31.97088006770972,3.710466535715488,0.10530883218574451,0.044306242294349686,1.1328764067853154,147.0,15.968719422671311,1.5059579345915055,0.17302567554048862,Distracted
14.737819919474155,1.3016840899536155,2.897591869001174,1129.0,133.64505228402584,45.55661889037701,5.287196020725527,0.15754049431462824,0.044306242294349686,1.6914666590158094,81.0,11.704699910719626,0.7324481931599706,0.1165647071858143,Distracted
19.000411955300983,1.389376087370837,2.926848843516895,1364.0,152.2694979304785,48.62568221911035,5.643384425709664,0.16921504491160036,0.11288131431084833,0.8642621561403334,108.0,11.661903789690601,3.1137560714374892,0.39506559642700995,Distracted
22.607206151115697,1.400507154356261,2.937613255330707,1610.0,169.091691102786,49.01524968821593,5.688596726855529,0.5034500060214206,0.1710180870908964,1.8411530023214966,103.0,15.198684153570664,2.6427211207572863,0.4308749618682724,Distracted
22.420494853569163,1.4102116348132885,2.938599943293971,1583.0,168.35973390332975,49.354889176108614,5.72801450176083,1.4679062871524573,0.3098969262624165,1.9851476269085375,391.0,44.37341546466758,10.401213207630196,1.2020456367095032,Distracted
19.71591674893442,1.3367241368686027,2.9360606124455644,1471.0,161.13038198924497,46.78295796567744,5.4295221027947616,0.4288601994007809,0.10057249579063576,1.846799480387215,113.0,13.076696830622021,2.6535789978624593,0.32528175993929104,Distracted
16.49881846789131,1.0497497013995032,2.9333397044924485,1564.0,165.2936780400267,36.73936513939289,4.263885905062449,0.45734556843535373,0.13659591297507903,1.9398496296400143,136.0,16.673332000533065,3.0329112970467773,0.4117263480598055,Distracted
20.556126733759946,1.2551487429883732,2.9378154263114253,1632.0,170.90933268841698,43.92796483906834,5.098178191286989,0.6831173007763287,0.16738578739253052,2.0505565874488623,278.0,32.526911934581186,5.554548404433511,0.6649682658052144,Distracted
21.001876524058193,1.2595289806604133,2.9421321899207156,1662.0,174.20103329199858,44.0812653363353,5.115969893104799,0.6936615150430872,0.1347175965243425,1.9984446559752773,240.0,26.60826939130014,4.344589364649069,0.5078043107356539,Distracted
19.333144718436177,1.1496558555151817,2.938295283542618,1675.0,173.00578025025638,40.2359021432472,4.669685917955923,1.0353778789383794,0.17322169291843997,2.4562597564687616,563.0,70.32069396699666,6.229944395296501,0.7181901125371928,Distracted
13.180825099079069,1.0479977412006023,2.8677326412109263,1256.0,137.30986854556377,36.67804966069231,4.256769772151562,0.0,0.0,0.0,0.0,0.0,0.0,0.0,Distracted
9.19994424242615,0.74619916329216,2.913900180026806,1231.0,142.02464574854605,26.115638318687974,3.030920695180052,0.18776488446560907,0.07573046892873865,1.112184813068038,209.0,22.516660498395403,2.789917416644818,0.3162267968782921,Distracted
11.313253017992903,0.7412913313704604,2.9365996815473907,1521.0,163.86274744431694,25.943872964743413,3.010986004722459,0.057946564052718405,0.04443272498673088,0.629717008913893,75.0,10.246950765959598,0.8878927700447315,0.13628631550550527,Distracted
9.917397695600485,0.7020789150402889,2.9280975498579602,1409.0,155.06450270774417,24.57150841000104,2.851712542609771,0.046731793426151635,0.02451121624793511,0.9350553090881106,17.0,4.123105625617661,0.11646271956087362,0.0344425929776852,Distracted
10.662892121438695,0.7815625608289226,2.911615370986886,1362.0,148.96979559628858,27.353294088382913,3.174560166676065,0.27881619644339134,0.10586352685899639,1.4600892972092003,104.0,16.852299546352718,1.5316598541808846,0.27105353858564385,Distracted
11.484068947724916,0.7542955728911027,2.9264727709893017,1517.0,160.87572843657927,26.398998197883074,3.063806788621679,0.16710036893441474,0.10974794900515442,0.8060852039283213,126.0,13.711309200802088,3.6237189203801785,0.42056878226071065,Distracted
13.418356560797857,0.8360352551868276,2.931634951128006,1602.0,167.1227094083865,29.259741125684798,3.3958180087824217,0.348321997315556,0.09547475016954611,1.851354333001659,128.0,16.97056274847714,1.8361518124137277,0.26406112292272194,Distracted
15.337782204634916,1.0891708289235005,2.9330738707816333,1405.0,156.37455035906578,38.11903421324914,4.424007112800973,0.3810697192868841,0.13484875751690842,1.8651763846925904,132.0,18.110770276274835,2.310941121794962,0.3754924990976723,Distracted
14.80158409732053,1.0652229053059137,2.930996692804051,1386.0,154.82893786369524,37.28089964751041,4.32673514993934,0.39124944760772035,0.17223705824352847,1.2429182225508013,101.0,15.84297951775486,2.7011515443975274,0.4662399782584821,Distracted
11.381078466161787,0.7003858339887578,2.9396863094929437,1618.0,170.45820602130013,24.512253596325113,2.844835565724588,0.13633734205946468,0.07129029843811596,1.2842688411420915,131.0,14.594519519326424,2.0091953951903063,0.24807155875041847,Distracted
13.543026938693082,1.0300990704560868,2.919132752805858,1311.0,147.68547660484427,36.05162814410046,4.18406873703324,0.11022728511326882,0.053703177197793085,1.1701738584658046,76.0,9.38083151964686,1.0153818991449155,0.14934231924377772,Distracted
16.98668261148025,1.192271629862608,2.9289231864870526,1418.0,155.6727336433712,41.727378151633516,4.842783180409118,0.3710643103314889,0.14472308977343473,1.5895914206951065,121.0,13.601470508735444,3.3100436468317054,0.437470032718304,Distracted
19.251517652519674,1.174552336105355,2.9380916451111565,1632.0,170.4640724610321,41.10723450930433,4.770810740885214,0.8159317985030103,0.1499788017827432,2.214790972657869,241.0,35.81898937714463,3.8057127962208757,0.5291041968696264,Distracted
16.327366226113906,1.1579953681363353,2.935548585373103,1404.0,157.378524583248,40.52777019414036,4.703559450163668,0.06082203279237415,0.05017641320809849,0.46377140440169057,121.0,12.767145334803704,1.7560848684021921,0.2038071558957071,Distracted
17.593032968029263,1.121256044583086,2.9342515658263815,1563.0,165.21803775617238,39.2419594706911,4.55433122590089,0.010645619584275658,0.010645619584275658,-0.0,100.0,10.0,0.37257767686940246,0.04324050507995815,Distracted
20.882031370261586,1.403968843611855,2.935306309543336,1480.0,161.20794025109308,49.1364026310468,5.7026574577182805,0.9048833123411313,0.19049372431929543,1.9529163089377195,412.0,46.92547282660026,7.378493746121725,0.846006073332601,Distracted
16.45394792144225,1.1075181107235659,2.936861658731014,1482.0,161.882673563294,38.761156315755365,4.4985303216756325,0.5781946601634895,0.15732297442946352,2.039065459710099,115.0,14.317821063276353,3.121875787022138,0.43717735509442196,Distracted
15.85857167701481,1.0801575567820518,2.9391998722992105,1464.0,162.17891354920343,37.80358578219558,4.387396896107241,0.3423714945085455,0.06524829482298825,2.16722376192274,124.0,14.560219778561036,1.5552764733632405,0.20437934421488765,Distracted
17.619540849078554,1.0723804517074276,2.940028539079982,1637.0,172.049411507276,37.53140099120862,4.355807757605301,0.2033423596752355,0.06709036498400538,1.6583439802643638,83.0,11.61895003862225,1.0350110338191802,0.1665403694109698,Distracted
13.462801297636414,0.8703355406167516,2.9221932685431438,1541.0,161.533278305122,30.460189869909577,3.5351393187949807,0.07475173481261867,0.04996694337099935,0.8081907678121926,29.0,5.385164807134504,0.37429775132073284,0.08979819355085748,Distracted
13.376787039817865,0.8707099732189223,2.9218527572354867,1530.0,160.69847541280532,30.473294342407073,3.5366601936212967,0.0,0.0,0.0,0.0,0.0,0.0,0.0,Distracted
16.182001872040377,0.9769083989361862,2.9358294929819233,1648.0,171.0847743079436,34.19004961697742,3.9680182306390512,0.5361180283022147,0.09852112437991353,2.2624957121657228,367.0,41.291645644125154,3.3914803796344337,0.38697195630345954,Distracted
17.035026774743038,1.0198751722380113,2.9344170020682765,1664.0,171.45261736118232,35.693809962031814,4.142541184847487,0.8288824292323468,0.16248065286913566,2.213880795519852,377.0,42.555845661906424,5.615828195003549,0.6405927539414715,Distracted
17.024456598017597,1.0317269503329716,2.935158497887601,1642.0,170.03529045465825,36.10860103308553,4.190680879006636,0.8516287461988882,0.19251786886587963,2.288611760112603,347.0,37.322915213043046,6.151758136171281,0.7271372058084031,Distracted
17.406920956521706,1.0924291174881808,2.93483293240955,1588.0,167.3439571660716,38.23306849508573,4.437241668302197,0.5404442337144639,0.1603138833871906,1.8426355549173428,333.0,35.22782990761707,5.600517056205056,0.6501675904927603,Distracted
15.767477375251547,0.9637091018006355,2.9384082833071163,1630.0,170.3936618539551,33.72809778560292,3.9144051675079314,0.18999984754844476,0.06743698066615897,1.4725392334822722,93.0,11.958260743101398,1.4926732778549192,0.20648790747859955,Distracted
18.71265729737225,1.2572614802105273,2.9329824092879373,1483.0,160.50856674956637,44.00190686938738,5.106759732630257,0.5394745190239253,0.14826393081053196,2.102267246852279,83.0,12.12435565298214,1.9983514679802779,0.33230305827918294,Distracted
18.832645413279003,1.234887067035246,2.9363137055190944,1518.0,163.6154026979123,43.218842359504315,5.015879073321721,0.23202826341502317,0.13020535492276622,0.7846169281368347,65.0,9.0,2.4692053469744595,0.3755485202283158,Distracted
13.142256349419355,0.8741591027136598,2.917322541587077,1499.0,157.73078329863196,30.594007716034398,3.5506699090970333,0.0960054632859953,0.042984053509714425,1.1983289913535096,87.0,10.44030650891055,0.9546997366529528,0.1296426970067904,Distracted
15.806094888814986,0.9448134895014434,2.940227254246725,1663.0,173.24837661577092,33.06678509471392,3.837654743247141,1.1442648521221532,0.16803897925075237,2.493765257561096,598.0,69.8426803609369,6.427160237774702,0.7369675779929209,Distracted
15.324996620964347,0.9884261211098493,2.938627770572483,1544.0,166.05420801653898,34.593149327268506,4.014801052457656,0.805512001733056,0.20282437490703661,2.1501285729957136,261.0,27.65863337187866,6.995452588254755,0.7886642538931669,Distracted
16.186978192590907,1.0056672167238978,2.940475417960643,1604.0,170.14699527173556,35.19655688844546,4.084831141038361,0.9263753390959886,0.3390306824144809,1.6608839566924083,238.0,25.573423705088842,11.032866841614847,1.304196000529976,Distracted
17.10180866694279,1.1410128012910525,2.929921722711136,1493.0,160.29660008871056,39.933410678247,4.63457945683112,0.3950635688105622,0.10035704110104808,2.04005390618255,129.0,14.38749456993816,2.3455636513353597,0.2950504305400869,Distracted
14.092826508371509,0.9447200920851433,2.9339327924584846,1489.0,161.1862276995153,33.06351635191176,3.8372753805034314,0.40350827996559896,0.09789423215516249,1.7634481465940233,188.0,23.021728866442675,3.1719745578187895,0.3738707232198611,Distracted
12.347273009765958,0.8454386385580932,2.9283624464844316,1458.0,157.8923684032892,29.58884275320804,3.4340127839399512,0.14930082757759697,0.0445403680378277,1.7352303153067554,55.0,9.433981132056603,0.4381916655434498,0.08982776174688165,Distracted
12.652420829138167,0.857817673727925,2.9325867328411963,1471.0,160.0218735048431,30.02208688042381,3.4842940971982914,0.2630097795526537,0.10028733021361105,1.3740998126803379,83.0,13.30413469565007,1.6346582806471617,0.27582255702095104,Distracted
13.472523395476118,0.9025502313949623,2.9356022846567082,1487.0,161.86105152259452,31.587646525315563,3.665989335481847,0.06902473674326137,0.047067914543026015,0.844517746516376,47.0,6.855654600401044,0.5720148050423832,0.10835104353829492,Distracted
11.837855347170182,0.7610218727386533,2.930292996777655,1551.0,163.75286257039906,26.634406682216763,3.091127753871737,0.5088969804292717,0.16326416278295316,1.6327864201626447,259.0,30.01666203960727,5.867633392112424,0.6642309906136331,Distracted
17.086448248002995,1.2623603216496782,2.933192811994534,1350.0,153.49267083479916,44.180357215380425,5.127470267832658,0.34123782857729945,0.1131589777488381,1.7933136991863619,144.0,16.673332000533065,2.9347074561648903,0.3718649882292404,Distracted
19.871892794379168,1.4400015331029705,2.929861457461175,1377.0,154.0357101454075,50.39748242407134,5.849015467287448,0.5144298501143878,0.17492299260543073,1.6883438543066847,144.0,18.49324200890693,4.093422273192743,0.5698729866602696,Distracted
16.822128502251775,1.3178508623991214,2.9092449631768242,1274.0,143.45033983926285,46.12242705894239,5.352862410598126,0.04230675365414436,0.04230675365414436,-0.0,100.0,10.0,1.480660835901896,0.1718420785015341,Distracted
14.67276937766438,0.9449105958404125,2.9387335973521087,1546.0,166.13849644197458,33.07018364318693,3.8380491709373517,0.18724715257850125,0.041737855492944315,1.7904146806288748,85.0,11.445523142259598,0.8358457413586706,0.1199256384734188,Distracted
17.02841557793877,1.0168396719145596,2.934524709678225,1667.0,171.665372163404,35.5875728708325,4.1302115532917725,1.0084888639380052,0.1833564084050666,2.42789806784947,432.0,48.98979485566356,6.028262722371802,0.6973174469914568,Distracted
17.37656877712604,1.2014991765818859,2.920438546086194,1442.0,155.48633380461447,42.0503258103072,4.880263740148435,0.27402388903346014,0.06104827707518063,1.9277075470336493,106.0,13.711309200802088,1.0961596532301472,0.1582770256687434,Distracted
15.36102088108576,1.0395530300455655,2.9325214154002066,1472.0,159.65587994182988,36.3824998489534,4.222468943279421,0.27592740929960613,0.09876658762564099,1.4395156184005935,168.0,17.663521732655695,3.2911427370225548,0.3870506351718547,Distracted
16.36437195989659,1.1269485665303614,2.9307121125549336,1448.0,158.03164240113435,39.441187574405866,4.577453179698912,0.3047684134419139,0.11483330345278187,1.3985399501735138,263.0,28.30194339616981,4.031351513332792,0.46705123142340627,Distracted
18.602148766338868,1.1189683979396117,2.9402226923015915,1657.0,172.8554309242264,39.1618959229402,4.545039235376036,0.6250240235439439,0.10466074009619249,2.2374712181423235,243.0,33.481338085566414,2.4039814797314727,0.3254901051578024,Distracted
16.09078631379395,0.9978773833010233,2.940989021697175,1607.0,170.88885276693736,34.923926627997204,4.05319030237911,0.9534748354578262,0.22623374609435143,2.115527825233549,291.0,36.75595189897821,5.75300487243768,0.7730510032661576,Distracted
15.546708347388268,0.8823351698562881,2.9434654920283636,1753.0,180.37461018668898,30.880155467023755,3.583879556503287,1.991740869337263,0.2213310560881702,2.7637096566782233,768.0,87.8179936004006,8.345387191483471,0.952894676460878,Distracted
16.987291338413296,1.0836342503157155,2.940249755745086,1563.0,167.8541033159452,37.9252638479676,4.401518571526293,0.644407106293013,0.20478445624388425,2.0711071656550306,186.0,24.24871130596428,4.747584352589618,0.6524484282191167,Distracted
21.557500872494522,1.4269471368326003,2.933122874140733,1506.0,162.16658102087496,49.9406018642464,5.795990964225315,1.1359416924782217,0.18758028126913134,2.4272269462658453,296.0,34.322004603461025,6.555834500476568,0.7566054721744783,Distracted
17.458241909547965,1.2128899524478343,2.9381578066566467,1436.0,160.00624987793447,42.448982626500744,4.9265309299345255,0.6080891669311757,0.294516529716427,1.4000123475124489,152.0,18.547236990991408,8.548750402951484,1.0507795604774637,Distracted
16.553776946825153,1.131428017883796,2.9337909053495155,1459.0,159.7404144229005,39.597960373367926,4.595647868835628,0.116729490167287,0.061690595046486656,0.7589543295415689,89.0,12.041594578792296,1.3944395660149929,0.20440120625889308,Distracted
16.912489111676162,1.0152780468835338,2.9409932487621293,1660.0,173.28589094326173,35.532918783149334,4.123868526044509,0.6596660356215941,0.18959785090734785,1.5187753912806832,252.0,26.457513110645905,7.210796515146893,0.8048817151269219,Distracted
16.510134728129092,1.12866124586645,2.9300678887134377,1456.0,158.90248582070703,39.501128293047046,4.584409761130948,0.293638357980854,0.13549689175330895,1.2943127238874903,92.0,11.489125293076057,2.9949634315991656,0.40825711042139823,Distracted
14.656998954182272,0.8794356352661327,2.9394923453757524,1659.0,172.46158992656888,30.778676933712433,3.5721021921908966,0.9701311014019375,0.16772987426377348,2.147097295652914,305.0,32.202484376209235,5.212862410930673,0.6105396348950299,Distracted
15.005613787801282,0.8616378640769523,2.9420917307457772,1733.0,177.95224078386875,30.15578672139332,3.499810992094435,0.7385446212530055,0.16772987426377348,2.1148558517687914,230.0,27.349588662354687,4.154781093501081,0.5408632599452236,Distracted
16.515666080527662,1.0478595838311835,2.9327039422897654,1570.0,165.51132891738862,36.67321439945336,4.256208602894395,1.0666617987140754,0.1975132819387848,2.2923655732554264,415.0,46.82947789587238,7.156068097461356,0.8035589433228298,Distracted
13.877531007430644,0.993222516764086,2.9360491469329797,1392.0,156.8438714135812,34.76101461082998,4.034283109749921,0.4479643543064049,0.13879125802031447,1.6554278386947885,255.0,28.583211855912904,4.935207425945938,0.5568914348008001,Distracted
15.43643267769291,1.1238123352389686,2.9286205782553743,1369.0,153.31340450201998,39.33142507919157,4.564714397891633,0.15686079208869305,0.128115461292505,0.5819487642858103,44.0,7.483314773547883,1.5645949696049546,0.30692760577813527,Distracted
15.649436696627085,1.108407999283025,2.9235820822160443,1407.0,153.9253065613319,38.79230082637131,4.502144881680455,0.2958360632496061,0.17645250173789107,1.0417701760802331,111.0,13.74772708486752,4.127244037811202,0.5848437934861708,Distracted
11.840935776034147,0.7283247691323869,2.9379905831820636,1620.0,169.94705057752546,25.49006643921438,2.958318266984283,0.9394062174248897,0.17518716905189702,2.117508939491733,424.0,49.09175083453431,6.615168021182821,0.7462078587917358,Distracted
13.060053220377405,0.7802235554517315,2.939769734222106,1666.0,173.36089524457353,27.30643129107928,3.1691213786040167,1.012445947250996,0.17014514156453875,2.4571352780888622,440.0,52.61178575186362,5.977038885607865,0.696362633977996,Distracted
14.017618828951699,0.9241496483198253,2.938213122333466,1511.0,164.14323013758442,32.34358755024997,3.753722105741946,0.8107505178281721,0.1451679076126187,2.299739151324155,217.0,29.546573405388315,3.9311764240264875,0.47133368633029704,Distracted
15.884951979553657,0.9457121446053927,2.9422777335534978,1672.0,174.94570586327634,33.09823641873369,3.84130491130733,0.7386215813983864,0.2110385428007188,2.02288323421397,338.0,35.07135583350036,7.275382722266997,0.8465552198134423,Distracted
17.98921886526882,1.082352058890317,2.9407549081704754,1653.0,172.9595328393321,37.88038943753098,4.39631055104383,0.8375623198020743,0.20432935457366364,1.7401655492459185,384.0,41.78516483155236,7.441846204526497,0.8573398738729315,Distracted
16.77657315380811,0.9873851782453272,2.939807940791005,1693.0,175.5363210278716,34.556718185694535,4.010572938268061,0.9594738492874728,0.1555904860745747,2.1664646699695007,511.0,56.00892785976178,5.928313824865554,0.6722986136268688,Distracted
16.618128145977586,0.9982819087530308,2.938941149115399,1657.0,172.91327305906856,34.93808429650586,4.054833408703174,0.5130893274506503,0.15734590231505344,1.70306051583337,170.0,21.6794833886788,3.231399827533297,0.48052735289844917,Distracted
21.402537615819487,1.214119628899988,2.941827940860647,1757.0,179.32372960654146,42.49201910664337,4.931525644469939,0.7811413452249047,0.164559588318784,2.0947159400984368,289.0,32.109188716004645,5.189922995037505,0.6178840527064932,Distracted
19.58684691440423,1.3181332462841444,2.92041513912982,1478.0,157.2641090649739,46.132309990699845,5.354009400843097,0.5249754130802985,0.12900509697087298,1.90965644735841,94.0,12.328828005937952,2.460790448718601,0.35169560405724465,Distracted
19.699811342300343,1.483871850543172,2.8884620894268953,1323.0,143.2445461439981,51.93286520062071,6.027208447894644,0.123445759064892,0.07725331885913428,0.6611492009004492,19.0,4.358898943540674,0.41710371320897877,0.11644425338095116,Distracted
18.62603941238933,1.3759368903735623,2.9313593566302876,1351.0,153.30035877322663,48.155334320935324,5.58879693444804,0.3031307554961746,0.12839076450697817,1.3649717910550694,191.0,20.322401432901575,4.622580130894979,0.5219791510496833,Distracted
16.108156547351832,1.1204694158024786,2.9387237056933144,1434.0,160.29971927611103,39.21442886795661,4.551136087702065,0.3504673140516091,0.17185158316704785,1.3179175219310781,141.0,15.84297951775486,4.881304292967826,0.6087180531234397,Distracted
18.104059417979546,1.145606386310255,2.938287359856435,1575.0,167.81835418094172,40.09417795171642,4.653237735457893,0.7533025088464891,0.14464714115241809,1.87437068545829,275.0,32.449961479175904,5.473601036601597,0.6168101019135653,Distracted
17.45980555762772,1.1631715068956552,2.933459699467919,1496.0,161.3877318757532,40.70892580831894,4.724583952546558,0.43882717043033415,0.14820037336297753,1.7209303894243893,125.0,18.411952639521967,3.204474126449739,0.4486704780425978,Distracted
18.612692390549746,1.2748421108361796,2.936491028289014,1455.0,160.54594358002322,44.61719754970436,5.178168948586109,0.3630274963763406,0.1232739685103616,1.5856278484029307,82.0,10.770329614269007,2.37890792374659,0.3463221448935717,Distracted
13.974124756428154,1.0102080338887645,2.9294683927845013,1381.0,153.84082683085137,35.35547738123421,4.103275086562641,0.2786145237732667,0.08292409303257804,1.827947658021908,92.0,15.231546211727817,1.0144756057045683,0.18863969249012474,Distracted
12.33301873486533,0.8614640504736935,2.9308799812816235,1427.0,156.84068349761804,30.149703555636933,3.499104993919769,0.34135769421446444,0.08656958469452783,1.661014900571422,341.0,37.5632799419859,3.2646908320561803,0.3731268102536221,Distracted
17.008696626953917,1.1040152018501286,2.929828207213726,1536.0,162.48692255070867,38.63856075990079,4.48430216447563,0.08445739538140437,0.0627856544644967,0.569470160099953,134.0,14.212670403551895,2.197385797596941,0.25502352299255954,Distracted
14.001304331802162,0.9375005898163182,2.9291471483746663,1490.0,160.32467059064865,32.81084666348467,3.807951119753873,0.26621707043063575,0.10798587356261097,1.2487867648931104,105.0,14.594519519326424,2.133733651854774,0.3269693340920273,Distracted
15.441414940949079,1.0345772574040664,2.9249267512016224,1487.0,159.0628806478746,36.208356691129275,4.202258290392739,0.07734140577252205,0.03868010163347895,0.6931471510243441,199.0,19.924858845171276,1.3537344908473468,0.15711129990463085,Distracted
19.589241361161832,1.2220298337222097,2.9368771173260124,1596.0,168.41615124446943,42.768862151136304,4.963655409120181,0.9659020866223543,0.20190017881288974,2.1037027915769926,290.0,35.52463933666322,6.255986149864967,0.7725881163324086,Distracted
19.049286368064884,1.1920222891068175,2.9404597520584317,1591.0,169.7498159056439,41.71865167039813,4.841770405142066,0.4237934738601952,0.13580978995665383,1.6066290428138545,138.0,15.231546211727817,3.413321238575559,0.4322812210471946,Distracted
14.07768803473597,0.9097393036391626,2.923466978761715,1541.0,161.70034013569668,31.83925121721596,3.6951899951930662,0.45564688185297064,0.0906952132547137,1.9665758558533626,299.0,34.249087579087416,3.654517412185669,0.4012602242519141,Distracted
14.50681548730316,0.909223004744904,2.934152615964289,1590.0,166.60132052297786,31.821181677808667,3.693092886163082,1.0232872967997562,0.17175211660456213,2.3559037726256586,465.0,54.63515351859094,6.4969331290986805,0.729994644128548,Distracted
17.751441097367337,1.218502985438818,2.925797501658988,1451.0,157.21005056929408,42.64542875867902,4.949330014538217,0.32041290214067264,0.17493833405828868,1.0793362848847692,111.0,14.106735979665885,3.799891013087649,0.5557523827848322,Distracted
18.593627010744754,1.111673452811952,2.9410864862246364,1665.0,173.7498201437918,38.906585869162974,4.51540853991924,1.0332800617005982,0.22129110087578185,2.247092025758165,439.0,51.39066063011839,7.421905810182745,0.8765265894839452,Distracted
18.335372702256432,1.0614487393154601,2.943018632824314,1721.0,178.03651310896873,37.14881057691093,4.311405197333871,1.2970022494336315,0.18665718099304576,2.519063742854213,497.0,61.95966429863868,6.793600098051206,0.7739357321201483,Distracted
18.266604218352118,1.1370885925199004,2.936399212329677,1600.0,168.6238417306402,39.796070378236095,4.618640058662651,0.670819524730426,0.11710695734255056,2.3527252963234346,195.0,29.274562336608895,2.266157949813688,0.3243766607494858,Distracted
18.11827951178603,1.181883780403825,2.9330719017556373,1527.0,163.08586695357755,41.36382196888779,4.8005896891109865,0.7299041801334841,0.10718196457411416,2.34834522588988,333.0,35.22782990761707,4.081949205109568,0.44698023141129073,Distracted
19.034697573627625,1.1397601126596117,2.9406745595861463,1662.0,173.31474259277542,39.889568812919386,4.629491271150371,0.9685532076873866,0.2444974085469712,1.7894782454916442,394.0,40.52159917870962,8.556972730039348,0.9931025012323181,Distracted
18.264354588166,1.1542684066162139,2.934533179149916,1576.0,166.16257099599778,40.39733319571524,4.688421233240939,1.0518166671441744,0.20984958020422648,2.250269812250526,344.0,40.024992192379,6.228887366526056,0.7560225875443378,Distracted
19.504288150254546,1.1568986228443847,2.9381337305645303,1680.0,173.3955016717562,40.489386067245945,4.69910467700626,0.9985010723652875,0.1964929910300331,2.0459405039125853,401.0,46.07602413403309,7.413128072565252,0.8334527102230347,Distracted
16.108428478818425,1.1414104989536014,2.9314864937410876,1407.0,156.278597383007,39.94732938631617,4.636194829958217,0.5208101243356639,0.15524243739957175,1.8357352379615057,269.0,32.046840717924134,5.664951772400826,0.6385607374652574,Distracted
15.113453748974347,0.9293101084514991,2.9403197012080162,1619.0,171.11107503607124,32.524194440456355,3.7746829244873537,0.8866546317727756,0.17609374776336634,2.298809685220926,371.0,41.65333119931706,6.501284087547148,0.7307945158565206,Distracted
16.639062064164463,1.0334015289180065,2.9370471955320125,1606.0,168.87273314540747,36.167208293471674,4.197482702351887,0.21410329303703696,0.07742190625317785,1.0946497795064927,112.0,13.2664991614216,2.109666684661249,0.27456306455858476,Distracted
18.203671302798924,1.1535504771986793,2.933690863248271,1572.0,165.56569693025182,40.372206948020235,4.685505138937531,1.425878292754364,0.3864678033504624,1.813485974872559,365.0,40.2119385257662,13.525683048999674,1.569759550557242,Distracted
16.751418860945595,1.1871469945521682,2.9201126355521625,1408.0,153.10780515702,41.54802506620234,4.821967875351505,0.14506093891109806,0.08641865683001031,1.0581725521846244,26.0,6.164414002968976,0.4828488537759499,0.13689801356922265,Distracted
13.395421510243683,0.9599957115657347,2.9334911290157346,1392.0,155.90381650235506,33.598135757927935,3.8993220745939903,0.18277511907040433,0.1036664959398205,1.1024848293818503,160.0,16.73320053068151,3.5015922676433213,0.4074575502154309,Distracted
15.798564975006878,1.157433550645685,2.9316624379299214,1363.0,154.10061648157026,40.508107585136344,4.701277453153898,0.28174654037980823,0.070265202788634,1.6703248023099602,82.0,12.806248474865697,1.114966382884016,0.1796968612023837,Distracted
16.396130537480218,1.0636549582476114,2.933128802090071,1535.0,163.28196471135445,37.226024300161036,4.320366443805996,0.631214552653224,0.1510925744014921,1.858738883501213,163.0,24.95996794869737,2.480451846363568,0.4217968064494476,Distracted
13.655933203938249,0.83523589805797,2.9399911558819882,1630.0,171.23083834403195,29.231765053488996,3.3925711704262844,0.6719965176219412,0.14972204318161483,1.9845134562439655,398.0,44.36214602563767,5.184662652738167,0.5966624777126551,Distracted
14.768026565801915,0.9705926936868288,2.925706218941703,1517.0,160.56462873248267,33.96901121043196,3.9423650234436955,0.6065029281406196,0.13199288706181025,2.1340301734248825,416.0,49.558046773455466,4.766155911214424,0.5450319751252386,Distracted
17.430577308241293,1.0619198567881147,2.9390089286250776,1636.0,171.0555465338672,37.16529884723702,4.313318787924659,0.596681700913217,0.20736637218366163,1.8987188061426634,169.0,21.656407827707714,4.766624743288215,0.6596863154786634,Distracted
14.926191760705171,0.9831889537138856,2.933686172074096,1513.0,162.9202258775748,34.40985781977875,3.9935286632277935,0.45489548783771844,0.11360784168547912,1.9900720007462414,214.0,24.73863375370596,3.6939601524911736,0.4149918344135062,Distracted
16.186656485696222,1.0616008051448873,2.9320599523144835,1520.0,163.1686244349691,37.154132609415534,4.312022860140416,0.32864005126369616,0.08124437253202488,2.0512366492940166,381.0,41.2674205639267,2.828322009606794,0.33058873594519306,Distracted
17.697951899719435,1.2101472041341392,2.9273856397738536,1457.0,159.01886680516876,42.352991332911486,4.915390401996955,0.7341674181540581,0.11266097058683337,2.267194037290412,214.0,24.331050121192877,3.09764343560344,0.38235053431311194,Distracted
20.6818066972644,1.367520839075513,2.9361184965020133,1507.0,162.88339387426822,47.86078755301658,5.554612516526135,0.7514767073689971,0.2021360325771567,1.8035076626953448,199.0,22.869193252058544,6.585910677909851,0.7515289614750402,Distracted
19.13414668731805,1.0996834330538758,2.942026394253465,1732.0,178.01685313475238,38.48695658674144,4.466707334117777,1.5972346504514088,0.19546755820576303,2.5793988192567108,489.0,54.52522352086234,7.347573106939141,0.8508981080418103,Distracted
13.865895400521696,0.8810609020384098,2.931499674954662,1569.0,165.0242406436097,30.835558368702127,3.5787037202247123,0.18811723211916015,0.06628561305853836,1.4136462608386375,94.0,15.362291495737216,1.124532450329174,0.18209419683608397,Distracted
12.174676902519964,0.78968459571176,2.9365149145142353,1536.0,164.6754383628597,27.637550806758377,3.2075503452026086,0.48995879981308355,0.0759952354310841,2.349113650942732,364.0,46.195237849804386,2.5539516939057254,0.2917326168135724,Distracted
13.665389945219728,0.8682877938350012,2.939520710094187,1568.0,167.65440644373174,30.38852238895917,3.526821756400629,0.7997015529036472,0.16333244067754082,2.4222728455733007,473.0,55.560777532356404,5.701087980559377,0.6599137038771411,Distracted
14.985929523672754,0.8851890172626578,2.940222012661756,1687.0,174.86852203870197,30.980035030480586,3.5954713480655958,0.7398181304276107,0.16501393134573145,2.1069624150124104,298.0,35.38361202590826,5.563485102220014,0.6313622655765967,Distracted
13.917127255110204,0.9552138987210826,2.9379075839489026,1453.0,160.98757716047533,33.4307808466632,3.879899249932287,0.29844360447327806,0.08330105444565948,1.843990377642118,197.0,22.737634001804146,2.679091990596115,0.315527785646913,Distracted
13.635827850646248,0.8073604782150469,2.9408353516563936,1681.0,174.79416466232504,28.256175132712933,3.2793464563754213,0.3781652956623014,0.08876935515885692,2.0213666626623388,319.0,35.90264614203248,3.4208229551411637,0.38282998795060585,Distracted
14.50651464309849,0.9505651856240281,2.9402010652355024,1522.0,165.7045563646335,33.268084188904425,3.861017051418884,0.23830553073853872,0.07182303460329367,1.9221103369720667,124.0,14.89966442575134,1.4420877068933815,0.1989085627705347,Distracted
15.093256768433685,0.9746484006253351,2.9234210595967807,1544.0,161.5301829380503,34.11095371150007,3.9588385424426593,0.3750658164228102,0.11200449127442769,1.8512843116485713,128.0,18.275666882497067,2.190189952802176,0.3320088852299449,Distracted
18.121655853673392,1.3165201178042383,2.9001209672235015,1372.0,147.66177569025777,46.075853374269265,5.347457176270557,0.03785865955600163,0.037721345123553136,0.024001954156066554,43.0,6.557438524302,0.5567279837348247,0.09951856063909402,Distracted
23.164164447307396,1.414952649508582,2.940039840482733,1630.0,171.42928571279762,49.52081622499408,5.747271612011022,0.378225818536763,0.09832699599567235,2.0588905806431317,163.0,19.157244060668017,2.4229971242673463,0.30371587315604065,Distracted
18.64526988139994,1.1517005677238392,2.93696894174722,1615.0,169.30741271426953,40.30746341955783,4.677991154484956,1.3594943932450982,0.2060617586348554,2.539950393980107,640.0,72.20803279414278,7.265645512426744,0.8402602872766095,Distracted
17.67849501783862,1.0402196246016138,2.938996227148351,1693.0,174.06607940664372,36.40582946815876,4.225176525027847,1.4541221603469694,0.2373673418906862,2.236053162169495,501.0,52.73518749374084,8.214891899715772,0.9450436136188294,Distracted
16.35996879433896,0.9570593406299807,2.941152446131561,1703.0,175.8095560542714,33.495368018294826,3.8873950879720325,1.0667278006788437,0.18932018746935808,2.168081341037339,287.0,34.77067730142742,6.179059206837355,0.740658461027582,Distracted
19.080663432375786,1.1753911426844186,2.941031506788963,1618.0,171.35343591536179,41.13659124181728,4.774217815490498,0.8641069107564175,0.15532555098483522,2.070134392071508,215.0,27.65863337187866,4.417747465046968,0.5675927347920858,Distracted
21.740451575335825,1.3342733819213912,2.939566545192107,1620.0,170.41713528867922,46.69718591853825,5.419567597009006,0.5411861868356497,0.12225325613312477,1.9684065145970346,233.0,27.294688127912362,4.162514516801545,0.4816552972183516,Distracted
17.915082052975976,1.238187080979952,2.933708326137619,1444.0,158.8584275384847,43.33433695513793,5.029283109471084,0.2526267769814494,0.07271123728881225,1.9411134682191062,104.0,13.038404810405298,1.3810852729912964,0.19669433183687007,Distracted
17.95413110812132,1.1202564056301045,2.938535513621246,1596.0,168.77796064652517,39.206973892269716,4.550270880433694,0.4418824797725859,0.16167168625881756,1.4744174865122666,201.0,22.02271554554524,5.490930951002873,0.6312331065726962,Distracted
18.87341136244529,1.210119387214122,2.9378719316223476,1555.0,166.33400133466398,42.35201779038014,4.915277414898196,0.599598431417565,0.19005312116496254,1.7197275144586799,314.0,34.46737587922817,6.651519886170975,0.7719600429207545,Distracted
18.420198924709155,1.2246748013473594,2.9321331018553574,1500.0,161.20794025109308,42.86143129522151,4.974398770286358,0.7500269400739193,0.4733460294166355,0.9965157229328333,157.0,16.46207763315433,16.440527487282804,1.914825533560776,Distracted
18.575437653186057,1.2195690478250527,2.932540558935015,1519.0,163.88105442667862,42.682739038660074,4.953660159501842,0.5237632697171253,0.22596046592860677,1.4530396153306058,182.0,19.748417658131498,6.904008908705279,0.8277419306227688,Distracted
14.40632943469882,1.0065873667205876,2.925647344599474,1428.0,155.6277610196844,35.22876049533035,4.0885686173112274,0.6651035691353786,0.11131985786721672,2.18961476202814,303.0,34.51086785347479,4.272322045432197,0.4704817099232009,Distracted
13.890971342392827,0.8568896001237151,2.939786248930062,1614.0,170.28211884986632,29.989605961423933,3.480524436721536,0.5756886085510318,0.1473619039587018,1.8971585363325643,369.0,40.85339643163099,5.178915017783039,0.5970374837709395,Distracted
16.55463547812932,1.1172956738159112,2.937625749800208,1478.0,162.0863967148385,39.103353565389455,4.538244944504036,0.38781026476923136,0.11050279906198453,1.8876222910027631,159.0,17.406895185529212,2.9581112705095847,0.3649993211298528,Distracted
19.124643753090602,1.3002371886442365,2.935974124439,1466.0,160.77935190813528,45.50597992810337,5.281318979664355,0.7455581940200063,0.1953061357759663,1.7816927394766418,193.0,26.627053911388696,4.862170743219781,0.6895650382135609,Distracted
15.597734019593862,1.0829418618883786,2.9353313760829747,1437.0,158.9622596719108,37.90103148932409,4.398706219922654,0.35979474880185797,0.11895113484599323,1.4752671053535575,173.0,20.615528128088304,2.995628414732037,0.3970981777683901,Distracted
14.047465204018385,0.8844234619063059,2.9403373995678406,1582.0,168.88457596832222,30.9532419599668,3.5923618061537077,0.5358283951592479,0.13900485824856768,1.8613685373859656,277.0,29.715315916207253,5.3282925769536185,0.593159966144756,Distracted
15.641067470477731,0.982346943974335,2.93798751962455,1586.0,167.8272921785965,34.38038898236824,3.9901085779868946,0.9932955993994039,0.20449043982867227,2.131285542103646,367.0,42.035699113967404,7.8968347106317065,0.8832454452046784,Distracted
13.9438104670493,0.9579277342966992,2.9373375778614843,1450.0,160.6424601405245,33.52576024604566,3.8909223397641783,0.3343528036982568,0.10367829705740354,1.7362183840930316,292.0,31.96873472629156,3.615438039856728,0.41529992950941635,Distracted
15.358468847261578,1.0567819873672428,2.9290795572138437,1448.0,157.82902141241325,36.985482591571234,4.292449728398849,0.38146016769148905,0.07035817873644903,2.1916942519979306,355.0,41.94043395102154,2.687089180705523,0.29713782162903846,Distracted
16.756102134458427,0.9956928278490066,2.940130464868477,1673.0,173.5770722186545,34.84747108786997,4.0443170488899565,0.91932037812375,0.2830444104328527,1.9442130356493224,222.0,24.73863375370596,8.217403911580943,1.0010302437082768,Distracted
16.149968749885552,1.0709674364642514,2.931787203000407,1504.0,161.22034611053283,37.48194798074587,4.3500683553735255,0.4656811192527473,0.11922711241004258,1.999442539853612,108.0,16.1245154965971,2.0329305090085423,0.3213349721945523,Distracted
13.530231155485174,1.0364205076768418,2.915516449714299,1303.0,146.27713423498562,36.27286715940996,4.209745226418643,0.35093573412595913,0.10560381797847225,1.5805825919465313,83.0,10.908712114635714,2.0887363751729335,0.3039640089664788,Distracted
16.618749179790395,1.0513033185293117,2.9299075024178003,1575.0,165.78600664712326,36.79373896483219,4.270196405720675,0.18091796033762028,0.049409087684109156,1.5506473915369832,66.0,9.273618495495704,0.9249451485547164,0.1407340689442213,Distracted
20.92506245965424,1.214943009732497,2.9410923410427525,1715.0,176.6210632965389,42.52083596557079,4.934870062593186,0.7060304349692763,0.17391526145753525,1.9992802756569716,215.0,24.392621835300936,5.071486949920654,0.6129490454190063,Distracted
16.485006102697323,1.2805070687445288,2.9014107421214756,1284.0,142.61837188805654,44.815460961274425,5.201178942440816,0.04314303142229752,0.04314303142229752,-0.0,100.0,10.0,1.509929064548377,0.1752388815523866,Distracted
12.542343333924505,1.1474664953224347,2.9161632508091397,1091.0,135.45109818676258,40.15927844577365,4.660793148513347,0.20669994621500737,0.08569141295895484,1.4654563721658218,168.0,18.547236990991408,2.713992984005899,0.31296180721083,Distracted
12.336464661199582,0.7327779208523509,2.940437502504996,1677.0,173.89939620366712,25.645918797965003,2.9764061319549,0.31747518250576634,0.09189635629042568,1.9535051354272088,126.0,16.73320053068151,1.8068174322446187,0.25529722160613855,Distracted
13.567772154243949,0.8499583822987045,2.926230572010309,1591.0,164.90906585145646,29.747025713776097,3.452371133177292,0.6679598610589619,0.14156511070821046,2.1481265565574814,388.0,46.32493928760188,5.614176987397549,0.6392425374328273,Distracted
14.11712273354519,0.8455701367254472,2.9397394927306286,1666.0,173.1300089528098,29.593444954265244,3.4345469047704453,0.5347088905691014,0.23897313681895127,1.520038499125207,196.0,22.538855339169288,7.733907851305874,0.9174251046863039,Distracted
15.606442696461123,1.0035333217837912,2.933489698126274,1550.0,164.2071862008481,35.121874375776805,4.076163661023006,0.7536529177450086,0.1293774222306182,2.379652058252004,342.0,36.49657518178932,4.450392357026686,0.49524913244808766,Distracted
15.287247585361323,1.071093034072814,2.9223477169013483,1423.0,154.58007633585902,37.48634367278129,4.350578509243677,0.21903084968383962,0.05976557988760008,1.7182501565871195,51.0,8.54400374531753,0.6235336787772892,0.1196949879369336,Distracted
18.618128111749044,1.1980076473575465,2.930555999368328,1549.0,163.63679292872982,41.92812852185182,4.86608180494338,0.6323431609626488,0.1469592329680287,1.7872331606897778,255.0,27.910571473905726,5.734980995004827,0.6383337051947126,Distracted
17.279968748248102,1.0137940563474654,2.9407832609989395,1700.0,175.45939701252823,35.48098176416725,4.117840835518327,0.627086437428976,0.17899184936067244,1.8509313307659867,348.0,38.88444419044716,6.264395123780375,0.7270312366772288,Distracted
15.92449693451858,0.9413925983952082,2.941043627408919,1684.0,174.89425376495365,32.947060014262334,3.823759726795901,0.8297701261556832,0.18678724616755038,2.0031156908802012,308.0,34.64101615137755,6.149854503496728,0.7291240605039156,Distracted
18.823700419032143,1.2527754539487248,2.9294323237680957,1497.0,160.22796260328596,43.84490396037246,5.088538337452017,0.07015444087074738,0.03723362179258507,0.9156633302064886,18.0,4.242640687119285,0.1901257110364507,0.054481176458551696,Distracted
21.226367329379226,1.3197108871176042,2.9395428587462584,1600.0,169.49926253526885,46.187524602870745,5.360417481268432,0.634212795162592,0.2913458223029525,1.248453522907554,184.0,20.09975124224178,8.849093210817587,1.087764357215912,Distracted
16.586840475132373,1.0966826617335972,2.9398678199328345,1509.0,164.8241487161393,38.381934948641835,4.454518765242935,0.8718556088551455,0.20412216066638406,2.000922503635559,264.0,29.631064780058107,8.026946734900427,0.8848320374565875,Distracted
15.819017871211699,0.9314247001349877,2.9418567077128097,1690.0,175.43659823423388,32.598201373610834,3.783271998303873,0.18614728841976097,0.09740195696455525,1.129036057298607,169.0,18.520259177452136,3.140894569531836,0.37406217582111956,Distracted
13.825727683723176,0.8125458049873421,2.9390214483978174,1695.0,174.47922512436833,28.437652310939747,3.3004082787394156,0.43864745626828366,0.19781859370939772,1.5994668256260463,205.0,25.632011235952593,6.72313235022805,0.7815435258137176,Distracted
15.013619413088533,0.949547170645096,2.9345975221057388,1575.0,166.16558007000125,33.232455482386584,3.856882065989478,0.5667878684951071,0.180154680911088,1.9930056565933292,180.0,20.149441679609886,4.744185147863446,0.5895976519559492,Distracted
17.5270126693821,1.0547837209856443,2.9393440907403305,1656.0,172.26723426119082,36.91554683627504,4.284333146086229,0.8589491480230483,0.21313796161874346,1.833766650669653,238.0,32.71085446759225,4.981608342642734,0.7144887526824958,Distracted
18.367328864265875,1.0869494371258854,2.940534733595694,1684.0,174.51074465487793,38.041289466800116,4.41498423700225,0.8716752203435187,0.20683060144539114,2.1200203191095714,237.0,32.78719262151,4.545374883545771,0.6552244414594728,Distracted
21.218356646470156,1.288055822193921,2.9425765046513837,1642.0,173.68937791356154,45.079653853117826,5.231840559577495,1.0655678351141267,0.2122440269618274,1.9738085006158552,307.0,37.66961640367472,7.189702243515937,0.8511134786933146,Distracted
19.53233089308606,1.2589681746941275,2.9375941955870655,1545.0,165.49018097760361,44.061638128877895,5.1136920047168015,0.10697847958950357,0.06964867868861664,0.6467922441430927,153.0,16.09347693943108,2.4375793909785726,0.2828998369522724,Distracted
14.302885263384894,0.880512402951889,2.934449811884421,1620.0,169.19810873647495,30.8163618800616,3.576475820068287,0.2493995927909703,0.07996133816965624,1.5037116432229771,105.0,15.905973720586866,1.4485535188154757,0.22776830299974687,Distracted
16.10696560385346,1.1204147934868085,2.9214222141619066,1434.0,154.9967741599805,39.21251718444053,4.550914222126321,0.16645838813789682,0.0812007083969676,1.0064380872511596,70.0,11.224972160321824,1.0304080031134872,0.19503106958983282,Distracted
16.240450278618315,1.101722666172227,2.925520454134136,1469.0,157.8005069700348,38.55832610467468,4.474990315612205,0.05182899113821065,0.05182899113821065,-0.0,100.0,10.0,1.8139221451499243,0.21051961671739475,Distracted
13.077604390355948,0.8393140271198841,2.9365693014930336,1551.0,165.45392107774296,29.37449228883994,3.4091357638745508,0.7917850260541489,0.11555755489759308,2.300961564726669,315.0,37.26929030716845,4.123036991466176,0.4643838448303964,Distracted
13.393863973456963,0.8577223375565932,2.9340492935041707,1557.0,164.8241487161393,30.018750284657333,3.4839068595961833,0.5140815485582937,0.19916113942186375,1.4419175641389783,182.0,20.346989949375804,6.937667163935574,0.7813513693814148,Distracted
13.47679236546809,0.828190715154586,2.9407912873728814,1620.0,171.30090484291085,28.98519623159158,3.3639549621622784,0.5885382554313361,0.11390388114941964,2.03360100731599,254.0,29.597297173897484,4.239340387209497,0.47007007425820946,Distracted
11.463419373251519,0.6806185827155119,2.940380926786847,1678.0,174.0287332597695,23.820435097723298,2.7645447078434633,0.4697844521300709,0.12991774482852786,1.8054441290064434,358.0,39.16631205513228,4.546889090778853,0.5277014513586812,Distracted
14.802704191966557,0.9520164702056522,2.935448886646057,1547.0,164.81808153233675,33.318876557879975,3.8669118965077396,0.5834663879752322,0.15941160365426937,1.925070024567422,211.0,23.0,4.482039473273538,0.5390568405953053,Distracted
14.684135076155465,0.8625597842412797,2.940927540495688,1695.0,175.1542177625192,30.18805228098474,3.5035556584554035,0.7344122070502094,0.1939717665521114,1.789372830939059,266.0,30.822070014844883,7.898186546383483,0.8812936003883118,Distracted
15.378540314487376,0.9094137613812644,2.942074098675178,1684.0,175.37958832201653,31.827857819470495,3.6938677037524466,1.0882355903550438,0.14525666887558264,2.575171449002481,506.0,61.497967446087195,4.756952981756192,0.5599296184044759,Distracted
15.10046691410214,0.8567945168334744,2.940026294153595,1753.0,178.25543469975887,29.986278216044106,3.4801382262748715,0.8234690037159106,0.1731563653032481,2.063295634402002,376.0,40.66939881532551,5.505912152203647,0.647613947577005,Distracted
14.530106552286705,0.9312276214713507,2.9376514434757532,1554.0,166.39711535961192,32.591303972282795,3.782471501828428,0.7403819709669893,0.1338755867847919,2.028098936082272,341.0,39.68626966596886,4.807452321052552,0.5615488438236752,Distracted
16.506832775429356,1.0375365562254102,2.936470091718825,1585.0,167.54999253954026,36.31192686581853,4.214278405774885,0.4453270574076842,0.1134027551206251,1.6749595355843048,182.0,19.79898987322333,4.2458792948963655,0.4692477873616263,Distracted
19.211791128931367,1.1217998232225734,2.9423219492333605,1707.0,176.7682098116061,39.260990752114196,4.556539952489042,1.27256508519853,0.25037133053023747,2.449693252853653,482.0,53.38539126015655,8.689826238034954,1.0057229673018186,Distracted
18.207052744454952,1.175373441008044,2.9374049699863174,1542.0,165.22106403240477,41.13597171475189,4.77414591460947,1.02915590828011,0.172904580030244,2.342885155181305,381.0,42.906875905849866,6.932615117593246,0.7684158321824761,Distracted
15.89480941092393,1.122974455890572,2.914402387516855,1414.0,152.51885129386466,39.30210079809632,4.561311089522974,0.6828429247925228,0.17060605949985388,2.044623556621295,330.0,37.89459064299283,6.653091073036193,0.7559519359034391,Distracted
17.718583920030426,1.094684985407878,2.93997205736403,1612.0,170.24687956024334,38.31201984424784,4.44640457962635,0.8378447879807943,0.13930022336293202,2.234608861968376,456.0,53.16013544000805,4.965004671703685,0.5584806695219227,Distracted
17.09038489009446,1.0450919688768672,2.9416761705588006,1629.0,172.27594144279112,36.576352817843656,4.2449670713382375,0.564206879785997,0.17286858662161572,1.5976386194807044,285.0,33.36165463522455,6.3782085264571995,0.7260410715215642,Distracted
15.657778063709573,1.0284695047052617,2.934351852220249,1516.0,163.52981379552782,35.99459625253773,4.177449747356889,0.7566596739177758,0.1369366280984411,2.3112763712079363,283.0,34.36568055487916,4.137031386596988,0.5140864309556142,Distracted
16.806733607189898,1.0973795177268764,2.9243781116381635,1526.0,160.86640419926096,38.40632366411614,4.457349263259405,0.3592605796438309,0.11572968262691156,1.5887147839580686,154.0,19.595917942265423,2.594487144489481,0.3571918380705078,Distracted
18.534921592684597,1.1182717948274234,2.9382252663969775,1652.0,171.73234989366446,39.13751605785255,4.542209764515009,0.5279952347761041,0.15647632853657667,1.4649626248726688,251.0,28.0178514522438,4.840957009431088,0.6110515111737531,Distracted
17.184675988170426,1.1182717948274234,2.9380728326979466,1531.0,165.17566406707738,39.13751605785255,4.542209764515009,0.6418129677671675,0.1307890887746421,2.260161864981977,220.0,26.115129714401192,3.9022463644393772,0.45193156375088334,Distracted
12.400303059646184,0.8940018389925887,2.9332899112734023,1383.0,155.23208431248997,31.288468055050778,3.6312673728779714,0.23170541855542973,0.10115193066396354,1.248898195278197,127.0,14.66287829861518,2.8044547384435483,0.3463281881039538,Distracted
11.701159461870436,0.720483263673238,2.9413694640860895,1619.0,171.60128204649288,25.215627749760948,2.9264675462294596,0.9123032228746257,0.14809955810133946,2.507017620084946,496.0,56.60388679233962,4.769717651184159,0.568087022489907,Distracted
13.096656156728873,0.8581334379169685,2.933994973648832,1519.0,162.88953311984167,30.033138063218857,3.4855766719617725,0.8060046562452999,0.21274085401207382,1.9998588370508865,328.0,37.841775856849004,6.504608740710248,0.8063904167203777,Distracted
10.89586540149103,0.7904413845236217,2.9043250130548004,1375.0,148.8858623241307,27.664037063868353,3.210624279059131,0.005348182194941387,0.005348182194941387,-0.0,100.0,10.0,0.18717682722843065,0.021723310469452525,Distracted
9.406632724698362,0.6283411491091453,2.9217619699905337,1492.0,158.70097668256489,21.990818266916754,2.552203602140025,0.13476349444237087,0.0381897230510547,1.5637652622811125,105.0,12.767145334803704,0.9947876894112789,0.12726730683503926,Distracted
13.975622318249442,0.9040785604156644,2.9372624700476075,1542.0,165.26947691573298,31.641135312090015,3.6721971205957473,0.5261230717652502,0.12023543361381721,1.8478345738233735,357.0,40.97560249709576,4.850841215162566,0.5527134789388537,Distracted
17.551097612404195,1.1731528078537021,2.9368084785550024,1492.0,163.12571838922273,41.05825351946282,4.7651261202770785,0.8409596086731435,0.2115604893726777,2.1091141372496574,242.0,29.32575659723036,5.183982946655968,0.6873919079260411,Distracted
15.089725705465442,1.0620666121146298,2.9296664678904847,1417.0,156.06088555432459,37.17043502162201,4.313914880466895,0.22779031350355577,0.12232364137013796,1.2849885225858777,130.0,15.0996688705415,3.1312768025831748,0.4186133125004308,Distracted
14.971533213892645,0.895368661289797,2.936890445118993,1666.0,172.12785945337262,31.33630439488575,3.6368191480487777,1.0026473950280923,0.16757898854610445,2.2109156212346868,474.0,55.136195008360886,5.90220385248011,0.6843925511017462,Distracted
14.969325561967644,0.8813692483821155,2.9414450636215546,1691.0,175.4622466515233,30.84634994015549,3.579956165095191,0.3925476548355529,0.051110555958493946,2.364840686204849,325.0,37.907782842049734,2.041802763938904,0.22024242540347208,Distracted
14.913761643554944,0.8887879366570031,2.9431204967338402,1671.0,175.67868396592684,31.105990783132693,3.6100894819488887,0.7919769628022676,0.11214526174845407,2.220917266623403,349.0,39.28103868280471,4.635820434551048,0.5298800752130969,Distracted
14.670193025108608,0.9000300184414048,2.9397001406886707,1623.0,170.78348866327798,31.49944357197694,3.655752704334343,0.8509153686409928,0.17847858503950678,2.0205529050780515,433.0,47.23346271447817,6.490940065094915,0.7435963285210074,Distracted
15.041009638411397,0.8923180723945785,2.942413253534534,1679.0,175.3938425373023,31.2295392306164,3.6244282295516146,1.1140689953876142,0.2054751587972808,2.310324653093573,328.0,39.08964057138413,7.405005259947343,0.8241540256127777,Distracted
13.951376416412884,0.9160112604597657,2.933773597074208,1517.0,163.4900608599801,32.05875850687123,3.7206655044967385,0.5672854541886267,0.11162904714789264,2.206680367316725,219.0,29.9833287011299,3.4514201193144824,0.41044493028224777,Distracted
16.81949554647845,1.0019790303044065,2.9421249968438263,1671.0,174.75983520248582,35.06747694930645,4.069850421283598,0.5975650988580054,0.13742190691219552,2.098480250650759,234.0,27.53179979587241,4.022271698171442,0.477275719153537,Distracted
19.244252210185973,1.1149094878406185,2.9424479217288315,1717.0,177.30482226944648,39.01984131697452,4.528552705741458,0.43805622027737284,0.13116031821632604,1.8159288046936548,209.0,21.88606862823929,4.059001861196577,0.46708752668475234,Distracted
20.534552773531583,1.1533432832913997,2.9427671671473616,1771.0,180.49653736290898,40.36495553122626,4.684663556244356,0.6643939005001521,0.1323877187386603,1.9012442402507903,362.0,42.02380277890139,5.1973621652583875,0.5805463364629998,Distracted
20.219244360507762,1.1672783801082536,2.9427927350029246,1725.0,178.16004041310723,40.85265903761893,4.741265299330207,0.4708745382199567,0.2167775105750532,1.5170845795559522,113.0,13.152946437965905,4.944961732084101,0.6600669058083226,Distracted
19.271398658137052,1.2075958868063807,2.932722303127063,1590.0,166.27086335254293,42.2636997820151,4.90502743072993,0.05057731403113412,0.05057731403113412,-0.0,100.0,10.0,1.7701156813688956,0.20543553965841796,Distracted
16.504452152838066,1.038780646899755,2.9377020511258363,1583.0,167.63352886579702,36.35546781800011,4.2193316681705655,0.49419068057836535,0.13391141160602615,1.8646433831457698,271.0,33.03028912982749,5.192489248333555,0.5801047565373854,Distracted
15.037941853601987,0.9664827859011375,2.9353991129154244,1551.0,164.94544552669527,33.82517177649218,3.9256713507947274,1.052635411823347,0.4032360956179156,1.3696397721421747,260.0,27.49545416973504,14.112543337272875,1.6378692008442026,Distracted
14.39074015837161,0.9537648900692781,2.9224659380284708,1503.0,159.10688231500234,33.38006813116748,3.8740136492424218,0.21939609427303505,0.09417199108207437,1.3378792165507873,53.0,8.426149773176359,1.130724472228927,0.21058929388394823,Distracted
12.010614815601004,0.8119658643518323,2.935439880549058,1472.0,161.27616066858735,28.417355424225935,3.2980526689228786,0.08340814958772566,0.03190857821747616,1.3338589680309518,84.0,11.489125293076057,0.538263738155365,0.08300227064542383,Distracted
15.05927861136693,0.8680550589375241,2.943136093128822,1729.0,178.68687696638497,30.3803770831137,3.5258764310076844,0.6024560720403006,0.1884358622939025,2.0022086912162473,248.0,29.46183972531247,5.694835266681633,0.6892224731443863,Distracted
14.242509923966463,0.9870672224201611,2.9046000600705,1441.0,153.89931773727915,34.54559029954853,4.009281461490739,0.9522346222935446,0.15868364328678922,2.1481293885927224,376.0,44.02272140611028,6.523252416138698,0.7202222709965002,Distracted
16.875503608380757,1.110686795088312,2.9272353368863873,1515.0,161.11796920269322,38.87205461058953,4.511400921764796,0.9304271685244319,0.14661573615266493,2.2441479614549467,440.0,48.908077042549934,6.141588306186176,0.6847288712012262,Distracted
16.851972854269732,1.1203480328787672,2.9174533224371553,1499.0,157.908201180306,39.21018068236533,4.5506430530893,0.47671052803956315,0.131786873266289,2.190060566440992,179.0,20.223748416156685,3.6585570465434682,0.43832832581262027,Distracted
16.380591753077525,0.959722515693687,2.9401176508451328,1698.0,175.08283753697847,33.58857439021872,3.898212404330125,1.6108429406049094,0.2024614062476608,2.593577489266684,763.0,85.62125904236635,7.223296024582603,0.8343102285079661,Distracted
13.212834239677091,0.8093549513802794,2.933277413048027,1628.0,169.4048405447731,28.325978132209393,3.287447631356393,0.2757342081460322,0.07877245986686093,1.6846375645808358,304.0,33.91164991562634,2.8934495160073945,0.32907096038701095,Distracted
10.112033148576097,0.8154874864260085,2.910278999511016,1238.0,141.7250859939764,28.540605908692488,3.3123568356256823,0.17737437975536985,0.08656857317016356,1.1460550534474612,112.0,12.328828005937952,2.4049476698191476,0.296361274375481,Distracted
11.470332088610034,0.7984090776472121,2.9285738676397743,1432.0,156.5055909544448,27.94289209625938,3.2429875503801404,0.16529336495135868,0.1112760251447654,0.8292134617291913,120.0,12.649110640673518,3.5047077542603615,0.4158626646533981,Distracted
14.10526749940865,0.9231369438438055,2.937147730927803,1523.0,164.16150584104668,32.308144701851745,3.7496086905768475,0.6864288629575267,0.1767187012330859,1.7956490079322915,290.0,32.92415526630866,4.827644544418412,0.6223360719216355,Distracted
14.202475791604298,0.9069237255712408,2.937982407821579,1563.0,166.7782959500426,31.740711012271923,3.6837536464878378,0.6135258575079898,0.06774827728926043,2.559958006002638,252.0,32.155870381627054,2.0517590166342385,0.24467542234295644,Distracted
17.44397912098394,1.1532019227614942,2.9343909389192553,1507.0,162.39766008166498,40.360008165089766,4.684089376351575,0.299476202261795,0.06774827728926043,1.9229592378366165,249.0,31.064449134018133,2.4550082033330733,0.27179382643481886,Distracted
21.00140051755111,1.2309684216480972,2.938470414730885,1701.0,174.34161866863573,43.081696767999674,4.999962272573003,0.7658208814974977,0.18389563518491495,1.9068208888070013,416.0,45.60701700396552,6.436018871538566,0.7469494926477301,Distracted
16.25835657794241,1.1175056494151925,2.923160325343409,1453.0,156.53434128011654,39.110702336436574,4.5390978259070875,0.8283959703068341,0.14386068095920482,2.3013359986917816,331.0,35.98610843089316,5.762650380230914,0.6369300808863151,Distracted
15.090625751415391,0.9796030155488817,2.9321043051145335,1537.0,163.716217889371,34.28435638697461,3.9789632566572553,0.7341873957602523,0.2858712838561754,1.3921088583695915,256.0,28.21347195933177,10.004984489595047,1.1611554033036755,Distracted
15.302884614067896,0.9213275796372328,2.9368730839724106,1653.0,171.36802502217267,32.244820185381954,3.7422593933803405,1.1233736708396673,0.31006500789427793,2.016361710318781,358.0,41.689327171351664,10.851721631156074,1.2594257612561532,Distracted
18.45205515654078,1.0844586426725886,2.9418107062999126,1695.0,175.86074036009288,37.954116108441596,4.404867098271312,1.2290243561136835,0.1748687917582457,2.61745093270704,614.0,65.4217089351845,6.514768500520721,0.7478275498606898,Distracted
17.902898242008447,1.1743118461877518,2.9387562109659684,1520.0,164.86357996840903,41.09881779160163,4.769833916058675,0.46588182254535615,0.1718788943248829,1.2990850404656802,270.0,28.982753492378876,6.015454398261177,0.6981397507544299,Distracted
17.091528376241406,1.2261793595455013,2.933762331311296,1390.0,156.06408939919524,42.914088145651,4.980510002788593,0.1121484649089409,0.06830554292027147,0.980274415532549,38.0,6.48074069840786,0.6706142967397521,0.139503093895201,Distracted
12.592496692806469,0.7965888395537236,2.9401843589336063,1576.0,168.39833728395303,27.879187013163712,3.2355940854995726,0.13161651570460797,0.05189347581643232,1.5368174256631817,38.0,6.782329983125268,0.435972365466031,0.09394377801826304,Distracted
13.968912539966508,0.9626298895976656,2.933118598282607,1446.0,158.50552040859648,33.69032728551613,3.910021610461256,0.06498479272609814,0.03486808777306263,0.9540820869678424,21.0,4.58257569495584,0.18759723504384374,0.052025021783371934,Distracted
18.44467726641525,1.1400956015737584,2.9402968740944044,1611.0,170.42593699317015,39.90131032587301,4.630853964038425,0.09575730264196315,0.04857365285292622,0.9446180848802738,42.0,6.48074069840786,0.5619838743498835,0.10756602797371398,Distracted
22.636827799186122,1.3632240521635244,2.9385238468098294,1655.0,171.95638982020995,47.71040768334359,5.5371597760046,1.3080529002320969,0.2124189363831476,2.3213373516315756,394.0,46.49731175025068,7.213399330774941,0.8107371907399749,Distracted
20.08361394753837,1.1785229907035661,2.9422955229407606,1698.0,176.5502761255275,41.24620033032966,4.786938793270094,1.3677119328866614,0.2662757809906114,2.1071726172757677,410.0,46.238512086787566,8.953656272454694,1.0658184179745644,Distracted
20.054392104472917,1.3449411707479835,2.9388567879786263,1487.0,163.25133996387288,47.07053947930384,5.462898149382822,1.0754597004596336,0.2651900781729708,2.161921090527662,356.0,39.496835316262995,9.313417173395255,1.0652968309516202,Distracted
21.88814964255825,1.3243268942602142,2.9424648174730716,1646.0,173.77571752117728,46.34907661062299,5.379166834344507,1.0874014199293163,0.17304594056014955,2.293419309205483,419.0,46.65833258915282,6.332361492243681,0.7106489946078975,Distracted
19.566324855221005,1.2924036910863048,2.9317063146692264,1510.0,161.57970169547906,45.23182150089379,5.249500785498568,0.05563190127934862,0.05563190127934862,-0.0,100.0,10.0,1.9470172096984557,0.2259663226582486,Distracted
14.219084094434805,1.0540425265077318,2.9344713544015573,1346.0,153.73353570382747,36.88960635300839,4.28132255348204,0.1476338354252941,0.04699786648080091,1.653392685098684,89.0,10.908712114635714,0.90538642984448,0.1269364594121136,Distracted
14.067848895097951,0.9297630184855972,2.939170631420732,1507.0,164.3198101264726,32.54004548294375,3.7765225598862284,0.30703296361240423,0.07975439714346774,1.799353740792506,138.0,19.748417658131498,1.8403374691202177,0.26134119775667664,Distracted
19.280520416266565,1.178042263749451,2.930864518361554,1628.0,168.7364809399556,41.22937574531092,4.784986170772463,1.1843111859969613,0.2570582652212789,2.214787295402031,409.0,46.357307945997036,9.132903709556116,1.0436907585061557,Distracted
17.03297321169619,1.0692161506149267,2.934839113765966,1584.0,166.80527569594435,37.42065610307636,4.342954961543819,1.1003809633967312,0.2606188309834792,2.0093574535363867,332.0,37.70941526992961,8.096066674800836,0.9645957771275955,Distracted
15.67396944991461,1.0585084908696432,2.9343220859912607,1477.0,160.7886811936711,37.0459071313492,4.299462460995114,0.17419174478376673,0.05644820144130761,1.4001898443178376,46.0,7.615773105863909,0.6669153095495823,0.1279055031072799,Distracted
19.10351562222579,1.1929019781289367,2.9379498625458242,1594.0,168.32706258947192,41.749439215419265,4.845343536544011,0.5635584926685054,0.14445090542575137,1.7247146276485572,274.0,28.6705423736629,5.4791915898371215,0.6159336112791124,Distracted
21.321387483640734,1.2714347067214677,2.9414532375470412,1670.0,174.2469511928401,44.49794448987402,5.164328713758509,1.9438345696836583,0.2702229176473537,2.43396440523957,529.0,59.53990258641679,10.915669625455685,1.2222616066331968,Distracted
18.9400854008597,1.2930719715162935,2.9223986802817534,1459.0,156.323382767902,45.255210122676814,5.25221521494995,0.029469582240999236,0.019902416216420336,0.6880047525499234,12.0,3.4641016151377544,0.05567150766199247,0.021910129448834775,Distracted
16.484030487447992,1.1597312282391048,2.9294910461452717,1417.0,156.547117507797,40.58852219822431,4.710610187511335,0.5898054425786646,0.1781076927726109,1.8777065827477304,218.0,28.0,5.676881213380831,0.6514906384402317,Distracted
16.57847967835272,1.1614062282926247,2.9281180056985674,1424.0,156.0,40.64714420925487,4.717413722782325,0.19882952801778003,0.10392696346361782,0.8499560217613567,39.0,6.4031242374328485,1.2585419524799693,0.2391076414650874,Distracted
17.070783444523254,1.130193620984609,2.927268126411464,1506.0,160.19363283226957,39.55475868600787,4.5906339807319405,0.35960803826295473,0.14408979122771004,1.4208410980211887,185.0,19.72308292331602,4.461885154849352,0.5411992155685267,Distracted
15.251856539491937,1.0374399556486233,2.938244689353813,1466.0,161.6477652180815,36.30854601811882,4.213886032395561,0.5581900799862788,0.14408979122771004,1.690969477217094,289.0,30.380915061926625,5.585905226794155,0.6272657009455495,Distracted
18.20821498594949,1.1558967079615838,2.940805472386239,1572.0,168.7187008010671,40.45432083534472,4.695035087140074,0.7026565797459792,0.13324641863022124,2.0674394764183153,219.0,23.93741840717165,5.0756755525415596,0.548293964542723,Distracted
14.207987377130916,0.9509467831904457,2.932897404318092,1488.0,161.00310556011024,33.281439422356954,3.8625670289827596,0.6332772194193471,0.14549766455536792,1.9901154160315253,278.0,30.822070014844883,5.423720565709201,0.6052946809418429,Distracted
11.523649074234921,0.7342657888984825,2.9393580122541323,1563.0,167.44252745345193,25.697991522875697,2.982449572197879,0.5503417467376712,0.0963556193034238,2.2188099137785366,398.0,47.74934554525329,2.7717063788211704,0.3592108626374124,Distracted
12.946562209755998,0.7830797630816179,2.9402126225713525,1648.0,172.34268188698934,27.406393458144834,3.1807227569504626,0.3997466737360017,0.08989838493676675,1.932775285710805,217.0,29.103264421710495,2.5636812135426688,0.3367292897059916,Distracted
16.66857467833779,1.0003543535880084,2.9407460237644565,1659.0,173.1964202863327,35.01061616521893,4.063251289945817,0.35203298518009174,0.09547407581996994,1.6058321470934918,135.0,14.52583904633395,3.419152798074664,0.38279675836006277,Distracted
16.64160014738179,0.9730951206703146,2.9378167476087174,1704.0,174.59095051004218,34.056591686576304,3.952529411325024,0.0,0.0,0.0,0.0,0.0,0.0,0.0,Distracted
13.086671146848158,0.9177723243779449,2.9355646807811415,1422.0,158.27191791344413,32.120392599491154,3.7278186150035837,0.05669029293915419,0.036661941939383304,0.6494620548790078,71.0,8.426149773176359,0.7642509816872951,0.10876862586601257,Distracted
12.321814922419376,0.7580461366463902,2.9406942845784987,1619.0,171.05846953600397,26.530261232395365,3.079040873385779,0.9748421918347882,0.2095104666611078,2.242363156146733,412.0,47.74934554525329,7.585882459023987,0.8653163450326197,Distracted
14.096466478796303,0.9190717117175358,2.939460307919186,1526.0,165.46298679765212,32.16586883621987,3.733096482056188,0.049514623392780434,0.027304835807782698,0.9167812913046025,46.0,6.782329983125268,0.3397051372913402,0.06213970256459005,Distracted
15.091042499453469,0.9413747281314395,2.9388471904876887,1597.0,168.92305940871424,32.94643458693918,3.8236871411445774,1.27504559582079,0.292280217934439,2.2190377228433276,350.0,38.91015291668744,9.901167902079493,1.1474207093974618,Distracted
16.429846878324025,1.0920541791238279,2.9336643848536372,1500.0,161.67250848551834,38.21994632181495,4.435718739164994,0.4433035872106762,0.1370125767194577,1.6637788204224386,85.0,11.180339887498949,2.514896882904901,0.36941111328407045,Distracted
13.925482572799549,1.0690713340434432,2.9175890099868536,1298.0,146.47184029703456,37.41558778165567,4.342366743859981,0.2543037579368494,0.08409594400857494,1.5757894278857325,144.0,17.378147196982766,2.437594074191469,0.29131693074891857,Distracted
12.466698043776608,0.9118039091603172,2.9285151208367988,1363.0,152.7448853480862,31.911508723942926,3.7035760346169684,0.4802492617342348,0.11694507129742021,1.8605862003784899,111.0,13.892443989449804,2.750976469781663,0.36054579036493617,Distracted
16.953452097359232,1.0814169889092544,2.92613701332661,1563.0,163.37380450978057,37.847663657833834,4.392512472599812,0.26704588820660247,0.08576445344742421,1.63966864445464,163.0,20.024984394500787,2.149413258138329,0.28413341018053484,Distracted
15.903263478679337,1.0397650286935753,2.93799404725879,1524.0,164.75436261295178,36.3899194230937,4.223330041926019,0.6849927512413665,0.13613432069018772,2.1351959821045217,272.0,34.0,3.273185490357755,0.4303120764788849,Distracted
13.122709694751215,0.800091664133464,2.940573268697628,1632.0,171.62750362339946,28.001779618889387,3.2498219003144277,0.724812756539671,0.16915974824635405,1.9689131261686952,309.0,38.43175770115127,4.98464432629672,0.6368063417562937,Distracted
13.223074575166088,0.9149729306998513,2.936369606760107,1442.0,159.78735869899094,32.022418819292625,3.716448004246723,0.5423349413386626,0.13139187300204488,1.871730697120712,178.0,19.44222209522358,4.459228055645721,0.5083513489554399,Distracted
13.407722025834738,0.7737736546367154,2.9433493859091246,1724.0,178.5945127936466,27.08069627935236,3.142923094253439,0.8927888526924452,0.10955137610369961,2.605756451393195,527.0,65.93178292750773,4.472179088929687,0.4950032129935568,Distracted
13.69974038539938,0.8675253573454391,2.9386341463265335,1575.0,167.90771274721124,30.361838473214043,3.5237248827392076,0.27424018666001804,0.10615729039311732,1.923126313726262,178.0,20.97617696340303,2.695248897629554,0.35941128075319995,Distracted
13.531262573161932,0.8442538063527549,2.936855997965543,1596.0,167.9583281650541,29.547375741631086,3.429200218303142,0.5487679834142744,0.13564162403109536,2.066896186904863,294.0,33.49626844888845,4.012180474069384,0.4880484898411895,Distracted
12.281940800567584,0.8484968981797407,2.92568578240031,1445.0,156.55989269286053,29.69587637920572,3.4464348594855596,0.4616005456736195,0.19714635147564896,1.5472402889604908,142.0,15.684387141358123,5.034224311510721,0.6441483097010638,Distracted
13.294819890980726,0.8380297283520601,2.933886080952504,1582.0,166.21070964291079,29.329544125181258,3.403919183763393,0.2840547546853559,0.10049747440028638,1.884760166997803,118.0,13.92838827718412,1.9747970031969477,0.27821930048755017,Distracted
14.105935526957548,0.9083711326428019,2.935175799617447,1546.0,164.83931569865243,31.791367675318863,3.6896327418598958,0.7702028050434784,0.1482424359177914,2.4249209432170566,356.0,42.661458015403085,4.361592681721004,0.5439503358110482,Distracted
16.684189579948896,1.0983304349229792,2.9268432102802824,1513.0,160.45871743224174,38.43960406804326,4.461211710111201,0.025600501547699165,0.025600501547699165,-0.0,100.0,10.0,0.8959718424864491,0.10398442368331935,Distracted
16.951478950499347,1.1261487036393216,2.938816006079274,1500.0,164.06705946045355,39.41319380143676,4.57420428703189,0.1218115571607306,0.042217908097483395,1.4086293929879588,77.0,10.816653826391969,0.7474089427427812,0.11255671013961259,Distracted
15.613370795419343,0.935290409080407,2.939367383129104,1664.0,172.81782315490494,32.73349428417707,3.7989737811798028,0.7708690624247386,0.10474646678606364,2.647048515207539,395.0,45.83666654546336,3.3201455780954072,0.38156272964061105,Distracted
15.630192319156466,0.9906894911685813,2.9361349806535495,1572.0,166.37908522407497,34.67236323790117,4.023994436059959,1.2356043221032045,0.22080742364227085,2.4888614993625886,509.0,58.71115737234278,7.4709842674659965,0.8810733713263919,Distracted
14.493596844764143,0.8799229371286156,2.9374806106663,1639.0,170.6546219708098,30.795731628784026,3.574081520730054,0.8476376082323006,0.14548181734032783,2.0609098139437068,518.0,56.3382640840131,4.599923247038715,0.5599008856037313,Distracted
15.763276303832525,0.965204387692105,2.9367744443750285,1625.0,170.51979357247652,33.7804301218553,3.9204787376439123,0.26652824061319164,0.23563578076646463,0.4338609579361739,113.0,11.789826122551595,8.246831580845997,0.9571082354193938,Distracted
18.18389144961797,1.1070211150859255,2.9393967713082447,1637.0,171.29798597765242,38.743762355862245,4.496511618844484,0.6343153805918675,0.14591281101320025,2.1040435742624592,294.0,36.76955262170047,4.21726011507439,0.5319868366869969,Distracted
18.28744937527603,1.1173649632348632,2.9422561433319254,1632.0,172.80624988697602,39.10577857133114,4.538526385095488,0.735049551693391,0.1710560192545562,2.336395165514693,234.0,31.559467676119,3.5944973988966504,0.5210026297494196,Distracted
13.085334796722423,0.8716938492505606,2.9352161293928356,1497.0,162.2066583097007,30.507728246727375,3.540656513065864,0.5813731225970901,0.1510907199401576,1.9931059840920673,335.0,39.98749804626441,5.595890440122047,0.6376252731679904,Distracted
9.931970305647916,0.5878920178031186,2.9404889812620074,1683.0,174.31293698403454,20.57517089627006,2.3879068363320863,0.4401999354331825,0.1606184365145303,1.5897374206589028,249.0,27.331300737432898,5.268694220167218,0.6252378171771974,Distracted
14.37024899282834,1.0438314409316034,2.9081382126750555,1373.0,148.8858623241307,36.53223659052993,4.239847043838747,0.11543608768018468,0.0855141011672695,0.5722271435477391,108.0,11.135528725660043,2.6664181887501424,0.3173213143230881,Distracted
19.258567345135848,1.3571156251151435,2.9267838660508616,1412.0,155.11930892058538,47.49662364372099,5.5123484938875675,0.32263606410592527,0.15030729432003712,1.2525658206973906,92.0,12.96148139681572,2.4092586510109175,0.4022385640063964,Distracted
13.087411919857585,0.9594458637800616,2.931548036160329,1360.0,154.0,33.5788920672253,3.8970886962752007,0.4071064828635195,0.1021537612530675,1.65398562032086,186.0,25.13961017995307,2.6243731192868163,0.35845139932502396,Distracted
11.32103593933262,0.703868596668607,2.936619695917333,1602.0,168.55266239368632,24.63414407137668,2.858981892874278,0.650073033578878,0.08922302383622818,2.411394484749749,493.0,53.150729063673246,3.83174913880801,0.4269180812049885,Distracted
14.470875310144525,1.0117630840114225,2.930840727878377,1425.0,156.8980560746372,35.409901358864516,4.109591407768378,0.2630867818448831,0.05155866125186177,1.8935297333914813,133.0,18.138357147217054,1.2297814253604773,0.1703424158985069,Distracted
16.585461472395945,1.0302057862765164,2.93577332779602,1604.0,168.6001186239203,36.05536300726611,4.1845021966302935,0.9603424958352823,0.1361749502521522,2.4111265784881724,370.0,45.254833995939045,4.564160267512003,0.5500925706686809,Distracted
14.246616312490303,0.8840414428714032,2.933381922096699,1604.0,167.3977299726612,30.939871975869842,3.590810116664093,0.6528275408633075,0.10843128145767408,2.240350408172963,236.0,25.96150997149434,3.7174792891801003,0.43321235893676036,Distracted
14.177954165084781,1.0770650739194134,2.9231152516233294,1313.0,148.42169652715873,37.69535440387148,4.3748358121916455,0.4014144245315778,0.09818083072503657,1.9465941902875616,91.0,12.84523257866513,1.6065276090544882,0.24362518850619538,Distracted
17.12235959671725,1.1480041205220397,2.9344856553713323,1488.0,161.47445618425226,40.17809436778829,4.662976880985712,0.4173033649516997,0.08104139330959641,2.0545767096828915,132.0,22.891046284519195,1.2764163197893088,0.2147137799425034,Distracted
18.26553647009194,1.127733425143331,2.9405524710643514,1614.0,170.95613472467141,39.468656224433815,4.580641127809636,0.8703240766739565,0.1988499270924593,2.0834285438740063,270.0,30.95157508108432,6.757949471473692,0.762970201918627,Distracted
20.990025841781296,1.1871475003143503,2.942703760016917,1759.0,180.0527700425628,41.54804276697564,4.821969929662391,1.6600661606870855,0.2508639428956328,2.5170398107451644,598.0,65.62011886609167,8.877036552236536,1.0165938953729017,Distracted
17.32894764304946,1.181032751238693,2.9287573015799824,1460.0,158.082257068907,41.33403746768681,4.797132968659277,1.3811611608338816,0.2694958002168437,2.07110827927998,465.0,50.18964036531842,9.336114994203202,1.0751096565504488,Distracted
13.30323303414623,0.8147124058818932,2.93601954399454,1625.0,169.32513103494117,28.513479473614932,3.3092086041920985,0.7738365377346936,0.21993270794827574,1.8479244114399624,318.0,35.94440151122286,7.523657001630225,0.8756422061767116,Distracted
14.074125656659286,0.8629258717674453,2.937592836077939,1625.0,169.7439247808298,30.200864690722845,3.505042637152093,0.638031131050285,0.17634949484013046,1.865135410329079,339.0,36.45545226711637,6.098710942750024,0.7056874348523033,Distracted
14.931422437486464,0.9155766421579213,2.9415434765387127,1626.0,172.20917513303408,32.043547642351406,3.718900166674927,0.44221164665945595,0.17013772371920083,1.5366486382756996,162.0,17.72004514666935,4.505766868591308,0.5682295087955246,Distracted
14.1915788925092,0.9029033376917865,2.938765407297503,1565.0,167.17356250316615,31.60000461520571,3.667423586865782,0.3373931930561357,0.1277850300001796,1.6279948872120784,173.0,19.77371993328519,3.8372558897191835,0.46102745092465125,Distracted
13.898236321111197,0.929909183756233,2.926689555388484,1490.0,159.0534501354812,32.54516100642657,3.7771162557324316,0.32263783427356274,0.11456693537019302,1.5197876484503337,166.0,18.920887928424502,4.0056270120119795,0.4461334699877386,Distracted
14.74528029098222,0.9339777876303836,2.926151297858758,1574.0,163.99390232566574,32.687554877213756,3.793642159659001,0.3558456733900842,0.11456693537019302,1.7336698610533854,182.0,22.538855339169288,3.7252899962242196,0.4295117607944011,Distracted
16.79022127273345,0.9748191796555012,2.940743743044357,1716.0,176.27818923508377,34.11693067261666,3.9595322147520053,0.8411364568494952,0.13502290829495545,2.4670160491865323,563.0,62.63385665915839,4.7309382154484,0.5516148981836275,Distracted
13.510972995995091,0.8514289701369466,2.9388850368532884,1581.0,168.16361080804612,29.79849366226582,3.4583443844649824,0.32203943331840507,0.05783407411404283,2.039115891855112,201.0,23.043437243605826,1.9684443040327597,0.22653739308742882,Distracted
14.200137189420975,1.08108992936481,2.9311200881915402,1311.0,150.60212481900777,37.83621715776848,4.391184018226531,0.47163132703181826,0.11356476760630098,2.0323117003756557,140.0,23.2379000772445,1.5562507455999202,0.28357028714284355,Distracted
18.723218581112654,1.158400230763131,2.926714619509954,1611.0,166.43617395265971,40.54193966316454,4.705203926028323,0.5375498410398267,0.18356714264762106,1.8386409229925316,231.0,27.294688127912362,6.2239709695180245,0.709837691996197,Distracted
18.965963228670603,1.1950510459345074,2.9385531355209453,1581.0,167.83622970026465,41.82465275128682,4.85407264588596,0.7272898954140503,0.16256654814640087,2.167511049009806,276.0,31.336879231984796,6.457846145437225,0.7170710536476487,Distracted
12.192081949374721,0.887503300714391,2.932496044030503,1370.0,154.48624534242524,31.061030818958475,3.6048715322971403,0.2670774561961371,0.1042769930405008,1.0863571769865543,177.0,18.788294228055936,4.010253227118289,0.44638747443477633,Distracted
12.864421584490389,1.0709089366385183,2.918094765894699,1201.0,141.23384863410047,37.479900591301195,4.349830740080985,0.23560669944099213,0.1042769930405008,1.0711468979258412,156.0,16.3707055437449,3.3382941936001633,0.3855281938092556,Distracted
17.277647889888,1.1094129487389188,2.9370113827168414,1552.0,165.77695859195873,38.82747226291232,4.506226797411961,0.5734431930497654,0.1408042757988918,1.7903720496361313,263.0,30.675723300355934,3.7678455511728917,0.48652106937941253,Distracted
17.356862933811072,1.182750825371391,2.9319299186545766,1461.0,159.1257364476281,41.394166994576494,4.804111462740769,0.7040265209099773,0.09301657737699673,2.3526383390311847,218.0,30.331501776206203,2.4545368823138154,0.32035454375257066,Distracted
17.46544758765048,1.0066343183098287,2.942646661425686,1728.0,178.0505546186251,35.23040371711808,4.0887593258385255,1.5481410740752521,0.23271289682223414,2.3850339975282786,428.0,52.364109846344185,7.126739025115966,0.9014827382884564,Distracted
15.548060249701104,0.9418860536975737,2.9331082786661815,1643.0,170.1910690958841,32.96433006874239,3.8257640494508447,0.3859430750865018,0.10348290426770704,1.8590911521703735,213.0,23.515952032609693,3.458718050609936,0.3895609619164765,Distracted
14.573603785823888,0.9604514032918344,2.932606182797926,1514.0,162.1172415260018,33.61408415466848,3.9011730087027403,0.1074335812597242,0.04332004818604328,1.083377768259153,35.0,5.916079783099616,0.43721149304900475,0.08834522883571273,Distracted
15.681987297787927,0.9364666433286489,2.937557593681904,1669.0,172.62966141425406,32.77466038260796,3.8037514235315406,0.6849325655416929,0.17032114680392024,1.9752965296359402,341.0,37.403208418530085,5.544537150498592,0.6539896384664379,Distracted
14.98676487421024,1.113244940205529,2.9159095225842706,1342.0,148.53955702101715,38.96158512192544,4.521791626228789,0.8254123106070509,0.17373411430263544,2.0979429900692605,301.0,35.199431813596085,5.3171426238435675,0.6285424800448897,Distracted
18.055156429652357,1.2140043994161593,2.9258036119856157,1483.0,158.8049117628293,42.487986280460554,4.9310576039729614,0.22271018526514366,0.13575845509516757,0.9941470101968306,144.0,15.620499351813308,4.604694801147538,0.5320996659523413,Distracted
18.376644245017452,1.1670029083063864,2.939145571096621,1567.0,167.38279481475985,40.843018016429866,4.740146384667352,0.6323954230548022,0.1402723825706843,2.0596512869166617,281.0,31.0322412983658,4.902364624871149,0.5439122246192291,Distracted
16.78987254970887,1.0119360546777112,2.942264060354583,1654.0,174.1551032843999,35.41595502333208,4.110293982091567,0.6185283512514449,0.12124948678898931,1.9853206263342242,170.0,20.049937655763422,3.624706550077958,0.44509672079402746,Distracted
17.016025753175718,1.0448219761653064,2.93756284979724,1623.0,169.7203582367183,36.56690355503197,4.243870411709986,1.1942263164028462,0.15165506624171848,2.586603668125986,360.0,41.7612260356422,5.363411031588159,0.6082125551055271,Distracted
13.77955307163434,0.825791969418437,2.937235591516769,1659.0,171.572142260916,28.90124441397311,3.354211708012686,0.4375628492687043,0.1187873521926799,1.9126404168847406,163.0,17.804493814764857,3.2614941380240703,0.3949067481795967,Distracted
12.530224850572168,0.8143099034786141,2.9346306813989353,1533.0,163.72232590578477,28.499392608199457,3.3075737151115803,0.6650979636045267,0.15840484188388965,1.8922682851459647,260.0,28.53068523537421,5.865793345552499,0.6542953991263141,Distracted
14.203301574807172,0.8840121086648396,2.9365823579819317,1603.0,168.53189609091805,30.93884533101862,3.590690966632675,1.1662441807394934,0.250911315953359,2.20055392930496,308.0,36.30426972134269,7.743298493250453,0.9043277914711548,Distracted
13.748309865714305,0.9932747788562396,2.9323915667343012,1381.0,155.0,34.76284369073733,4.034495388541528,0.9484753762874639,0.14495498173394167,2.367283386011242,230.0,24.779023386727733,5.542495113430601,0.6053243914354665,Distracted
18.274575367517286,1.202694208324564,2.9363367288650455,1515.0,163.77118183612157,42.092149787478974,4.885117734388123,0.5975426767345976,0.14947961450898017,1.8977673450610617,183.0,20.37154878746336,4.029515601167775,0.48343605107412646,Distracted
21.02880456704029,1.332906728211577,2.9353421307767715,1571.0,166.40612969479218,46.64935547896105,5.414016506608494,0.7022682386837998,0.23794239349176885,1.609724525841495,216.0,22.847319317591726,8.525682102550157,0.9552376559070698,Distracted
18.077563211607295,1.1089558240199695,2.9400452137134905,1624.0,170.9385854627328,38.811473713980774,4.504370042755699,0.27688759880238134,0.18478468080740376,0.9360354917712018,85.0,9.539392014169456,4.112827682735944,0.5753668655506707,Distracted
22.813118878494215,1.6880906960800401,2.9308525235477667,1347.0,152.42375143001829,59.080160145807746,6.856706999665501,0.4851390548047717,0.15095517567534658,1.6872703633316721,118.0,16.3707055437449,2.874552076513118,0.4318427574156704,Distracted
23.954040979767274,1.642721130944609,2.9332362788534105,1453.0,159.10059710761615,57.49230637694849,6.672424356820379,0.8654304903870537,0.1913076642577378,1.8779130901247647,211.0,27.477263328068172,4.520810882250468,0.586861587224183,Distracted
19.608712952292773,1.3141993437378345,2.9345117915263907,1488.0,161.45587632539113,45.99463042586742,5.3380306283826355,0.1451559379076416,0.08122136035273793,0.9878446842080704,75.0,10.535653752852738,1.3360711589004044,0.2182119722284852,Distracted
18.07566474896297,1.071174798958925,2.9405663412416967,1682.0,174.5279347267938,37.48920529779762,4.350910622836997,0.2525735876586287,0.051905614108803455,1.8999656082062066,215.0,25.865034312755125,1.928232014781296,0.21347237480927872,Distracted
15.604522275308723,1.0827031421384128,2.9288006406226623,1436.0,156.76734353812338,37.89267672432794,4.3977365851842185,0.2735303915842461,0.10618253635537533,1.424044515699053,73.0,11.874342087037917,1.644130545433122,0.268154347443915,Distracted
12.164144657958184,0.7674445466895314,2.938911391106414,1580.0,168.2676439485619,26.859188802314527,3.117215447819591,0.7999199157257821,0.19230721891702215,2.187002383984014,247.0,27.331300737432898,5.5033292078008555,0.6590472784891087,Distracted
13.397619974155708,0.8266387838987178,2.9380077860276748,1615.0,169.52580924449234,28.930881408729938,3.357651309207008,0.5209047018637224,0.13678784972319763,1.836424620244814,301.0,36.0416425818802,5.426142360224867,0.6126128672522407,Distracted
15.077095137903697,0.9979235762469912,2.9388159034554517,1507.0,164.18587028121513,34.92554329862499,4.053377929440078,0.2786662801032381,0.1297197389342237,1.3791460199290335,148.0,16.06237840420901,3.8619964122772217,0.4579958934569562,Distracted
18.763682379521963,1.1301068827703737,2.9387364694415163,1653.0,172.13076424625552,39.55172300338745,4.590281666414903,1.228538402950353,0.15986426080727636,2.4099766563136193,478.0,57.42821606144492,5.181891754420117,0.6431377224418138,Distracted
15.767807469369084,0.985151816742735,2.936799439091784,1595.0,168.88753654429328,34.478554520944144,4.001501443778359,0.6344309472504844,0.23487823331132984,1.6413123146078177,203.0,21.840329667841555,7.479639028057907,0.8713235797508461,Distracted
15.334181810100873,0.9268419890027012,2.9405239615928735,1647.0,172.46738822165773,32.437814666767316,3.7646578873611607,0.31043960908384277,0.09281654843396403,1.7241178415633873,194.0,25.059928172283335,2.1037214657272947,0.2977117473950046,Distracted
15.909203360480522,0.9481707388664272,2.9402302050853812,1670.0,173.45316370709415,33.184282827858965,3.8512912589118273,0.4770322770810953,0.15571911825622994,1.7318433904936592,190.0,20.73644135332772,5.527494892929539,0.620325743489233,Distracted
16.618427852217348,0.9730255783702716,2.9385979150714316,1701.0,174.55944546199729,34.05415783024797,3.952246943578128,0.6255500162133598,0.1453527636901875,1.972343089118588,137.0,20.71231517720798,2.4995658542170665,0.3946657878072653,Distracted
18.065469637042426,1.149479681688406,2.934415424568058,1565.0,165.36323654307205,40.2297363738821,4.6689703329971195,0.7540507839949515,0.1453527636901875,2.1658442868524994,184.0,20.396078054371138,4.474275118172773,0.5046664588090651,Distracted
17.60186425007884,1.224421583081506,2.9352384364931683,1432.0,159.23567439490435,42.8525691080575,4.97337024530251,0.9477029088479563,0.19411278990722886,2.262521063183332,224.0,29.732137494637012,4.534808946378304,0.6150913023463782,Distracted
14.975025417466561,0.9006059129794577,2.937949360831572,1657.0,171.75855146105536,31.51959885250438,3.658091879663788,0.2564006900908119,0.08816791963060645,1.5543430428510734,169.0,19.313207915827967,3.3504351064412283,0.3737266744296166,Distracted
17.621580292931146,1.2760069654353237,2.9287492015656964,1377.0,153.57408635573907,44.65796538073607,5.1829003689429,0.40485192149612625,0.12230973291012937,1.8330881951319786,157.0,18.894443627691185,2.6129686904676017,0.37094149558675027,Distracted
17.00208479794692,1.2497260451652645,2.9340062862560985,1357.0,154.62535367784935,43.73818009790748,5.076152212346923,0.7483172953109235,0.13065708484510596,2.1049362346412797,257.0,32.14031735997639,3.3341260016566583,0.42646300099606055,Distracted
14.627013536662348,0.9144962498431931,2.9314490846747683,1595.0,166.3279892261071,32.00573584046027,3.714511816236183,0.4171061177006687,0.15910207719880537,1.6934831115488054,191.0,23.68543856465402,4.119528640400279,0.5531147211296067,Distracted
12.699124173441573,0.8622235366838598,2.9268872375521555,1466.0,157.97468151574162,30.176284216871167,3.5021898841010186,0.34395453013861466,0.13930005477553797,1.568213889605596,170.0,19.544820285692065,4.376187584616922,0.5056966691500437,Distracted
13.098541511703312,0.9251359688686772,2.932463576448435,1413.0,156.49600633882002,32.37810700830787,3.7577283543557987,0.7239376193771909,0.13930005477553797,2.1497783953933016,323.0,35.22782990761707,5.527481599287553,0.6146823032425581,Distracted
14.96428315515865,0.8869206626805763,2.942246577543078,1682.0,175.37958832201653,31.040639528120405,3.6025049661558746,1.1563745689300002,0.15632274542060298,2.5493676964876126,625.0,73.4234295031225,5.192472678242308,0.6045918476248112,Distracted
13.795955908578353,0.8175916256910664,2.939387593667212,1679.0,173.7728402253931,28.614247025865495,3.3209034536838806,1.1937509842453402,0.1635467152553702,2.3989529045895224,571.0,63.773035054010094,6.286448532884771,0.7098831457814548,Distracted
14.807377139501504,0.90468437921616,2.942072758272812,1630.0,172.70784579746226,31.662337888370864,3.674657842652645,0.6983747128183634,0.17954717623665198,2.095822889139284,271.0,32.69556544854363,5.549050331115723,0.6548646838233488,Distracted
15.87049421966842,0.9540787155032903,2.941613951404203,1655.0,173.5540261705271,33.39105146099823,3.875288349147504,0.5009814651041377,0.15459742202996102,1.8539274838011455,226.0,25.298221281347036,4.366337646137584,0.5510618726574378,Distracted
15.634508072150284,0.9527204068694811,2.9378133934784465,1633.0,170.8010538609174,33.34351308418042,3.8697711548766205,0.9677871465688526,0.12431415273161046,2.4246322225570998,379.0,43.57751713900185,5.377093623382876,0.5910385748010675,Distracted
15.686849063204205,1.0055588993232247,2.934953648929413,1554.0,165.12419568312816,35.19276597283104,4.084391176123499,0.3894318226188395,0.11319412822049618,1.7995066931235968,155.0,17.46424919657298,3.324151241418088,0.4040485820855204,Distracted
12.819316406535666,0.9130821387819555,2.9291562842085943,1400.0,154.8095604282888,31.95624447832204,3.708767962997487,0.008392870531368371,0.008392870531368371,-0.0,100.0,10.0,0.29373548247597436,0.0340902620062727,Distracted
12.739259479313588,0.826813271851553,2.9310234131185187,1534.0,162.7206194678474,28.936988175517378,3.358360046462855,0.658222843234884,0.18966832043805806,1.9903962513977576,167.0,27.586228448267445,3.4779841345970075,0.542246155908874,Distracted
15.752650535413899,1.0233400646540918,2.937416148834209,1534.0,164.92422502470643,35.81507500976023,4.156614926345854,1.042711346285578,0.16101782005101956,2.2504605315499635,336.0,44.090815370097204,4.780976450804508,0.5953196666885521,Distracted
16.420645083329184,1.0444432445845875,2.939623978280078,1566.0,167.67826334978545,36.55364862596146,4.2423320752411335,1.036788871132827,0.15775801419979296,2.5066895385677417,272.0,31.04834939252005,4.802259228446266,0.5542868527987923,Distracted
15.268528441916846,0.9382918547502617,2.940172156942383,1621.0,170.91810904640855,32.83853952330772,3.8111650891358257,0.6659775261861005,0.163917270347478,2.090388039598382,331.0,36.945906403822335,5.586809542444017,0.6391945944452071,Distracted
14.71692819028264,0.9362491655903327,2.939670091885928,1567.0,167.91366829415645,32.767049050090286,3.80286806985034,0.771009917192462,0.18200231445610857,2.207815401670237,325.0,34.539832078341085,6.338089681635,0.7167004004634806,Distracted
13.940284756730817,1.0195924511782002,2.9250889765511854,1363.0,151.87824070616568,35.68391522975883,4.141392825061926,0.5885073196445292,0.19029723571153764,1.5644172104647533,201.0,26.362852652928137,4.336386371140528,0.6231570733217661,Distracted
21.317547062804422,1.2937631798318723,2.9347162262874162,1643.0,170.07939322563448,45.27940117951596,5.25502277316152,0.17674179770606985,0.08357593619164753,1.3135810074707697,46.0,8.246211251235321,0.733744721219997,0.1618641310028157,Distracted
21.052577075474375,1.356406209361008,2.927195188244905,1546.0,162.40073891457513,47.471795359043156,5.509466980484083,0.27961820882370514,0.11107709201979397,1.272833190041597,48.0,7.745966692414834,1.3326699071460293,0.2467979211580131,Distracted
14.686957734893937,1.1948548945015376,2.900465541625509,1229.0,140.01071387576025,41.8177878013765,4.8532759156471394,0.2951877604258115,0.13209083633774957,1.2934226660040662,191.0,20.223748416156685,4.3527366549077655,0.507128145763132,Distracted
11.270833057903658,0.6894538687156991,2.936085970569764,1628.0,170.11760637864617,24.129654331640758,2.8004319782977145,0.5798364906472314,0.07484761889298096,2.4195207131059906,533.0,62.457985878508765,2.4782125269523774,0.2941710378725062,Distracted
13.916586216015869,1.0602263964149472,2.9079260067877,1310.0,145.29280780547947,37.10603075798112,4.306440270306311,0.5892394946968604,0.23483507493845468,1.2736878616186702,109.0,14.247806848775006,4.111030481078409,0.6484203981732447,Distracted
17.693485092420552,1.1192985763508458,2.937701382407814,1573.0,167.32304085211933,39.1734515777742,4.546380357999783,1.2361260157940723,0.37284686914240867,1.7841332756851676,255.0,30.577769702841312,13.665318306046302,1.5345482248053024,Distracted
18.02596417367456,1.0443273407511826,2.942909988707236,1718.0,177.99438193381272,36.549592198747575,4.241861295662974,0.8739905153196162,0.35556598690336594,1.4719977262093584,244.0,25.729360660537214,12.444174650943644,1.4442421825466207,Distracted
17.841898518102752,1.045973512360321,2.941024264252624,1700.0,175.6075169233937,36.607205265700216,4.248547735213433,0.8329176528024768,0.12988857920935834,2.3591213077574578,302.0,41.49698784249286,2.907941749601652,0.4006580435350474,Distracted
15.61688474676709,1.092511050961686,2.923009085298295,1424.0,154.68031548972223,38.23593602035986,4.437574466665812,0.5641999677028412,0.18917461225460144,1.5301685905146223,163.0,17.175564037317667,5.611316814567103,0.6556996942648546,Distracted
19.64493580836437,1.2263727292864692,2.933767834896686,1596.0,167.62458053638792,42.92085574130819,4.981295434317537,1.394958774630893,0.17508239198649894,2.667810110066611,363.0,42.43819034784589,6.645128890721484,0.7173599700538545,Distracted
17.868504264134284,1.1820368577576164,2.9336363709691065,1506.0,162.1234097840284,41.369179402939,4.801211460539305,0.6287987795902766,0.15580223184149344,1.7159747433499526,254.0,27.23967694375247,6.559901147177728,0.7273770863610387,Distracted
15.411031067123332,1.077488818334342,2.9278379141514352,1425.0,155.88778014969614,37.71018470176542,4.376556982329397,0.7563486301757654,0.2637227777889125,1.7664312449233464,242.0,27.018512172212592,9.392033772035079,1.0660759749348643,Distracted
15.968649973018593,0.9341760464057789,2.943248020478451,1702.0,177.38658348364456,32.69449358034615,3.794447449526515,0.8025815313560936,0.17202691405685316,2.107947122516566,298.0,34.785054261852174,6.71772370555184,0.7411606347402551,Distracted
20.857048151457178,1.3511700534894087,2.9318807514968874,1540.0,163.24827717314508,47.2885392531,5.488198699875993,0.5260775531688584,0.3011897245348539,1.2446775238411427,130.0,14.352700094407323,8.994698724361383,1.0874764028188548,Distracted
18.491833267871666,1.1682772604179619,2.936971444152064,1578.0,167.43356891615252,40.88761806488037,4.745322563331074,0.009091412398587928,0.009091412398587928,-0.0,100.0,10.0,0.31818320052792304,0.036927607725697614,Distracted
15.005099427662055,0.9904747951222669,2.9363252869185406,1510.0,163.3278910657944,34.66484925963661,4.023122381088633,0.5274759856024499,0.12972344785689263,1.823694061278536,370.0,41.95235392680606,4.730138865384189,0.541613237735454,Distracted
15.024854835670869,0.9610581493229973,2.935745660073437,1560.0,165.71662559924397,33.63531918236703,3.903637496996263,0.30207893874473674,0.09491613583938273,1.4673559605099307,135.0,15.0,2.803373033350164,0.349116495929954,Distracted
17.66191744006068,1.2871166218217043,2.9218833578362355,1368.0,151.27458477880546,45.04678351710541,5.228025704261236,0.1631721140658054,0.13901623789766562,0.5025393583777443,69.0,8.306623862918075,2.940980315208434,0.43543624035360223,Distracted
16.664232288535715,1.1114432467253854,2.931758369724748,1495.0,160.8322107041994,38.898529067183986,4.514473486080727,0.3392235463932668,0.1975651225624532,1.0941331830367096,171.0,18.027756377319946,6.914426521821456,0.8024723801330137,Distracted
12.978738336167822,0.7364632412861435,2.9434290369615552,1755.0,180.44112613259762,25.774898432721994,2.9913752106146387,1.2099095380553864,0.2026002801135042,2.5671246737144195,594.0,69.51258878793107,7.090648045443525,0.8229242433562873,Distracted
12.146541310181185,0.7236344992427005,2.9419414687457133,1673.0,174.77127910500627,25.325915367916373,2.939267272593039,0.571650434701506,0.11345396354156584,2.2568181515155517,354.0,45.67274898667694,3.7956550952159995,0.438633278889562,Distracted
13.902391115290552,0.9105709452539794,2.937164600152781,1523.0,164.23458831805192,31.868357188773878,3.698567967060793,0.44254123501481113,0.08877500283655737,2.283959961048244,197.0,26.362852652928137,1.9365206667871178,0.26594886631306563,Distracted
16.654515501198922,1.002928683095054,2.940826157939203,1655.0,172.98843892006195,35.100713101300315,4.073707732358177,1.576409639721085,0.19593403952508162,2.711969879308194,641.0,69.90708118638626,6.492200230107161,0.7519358419961016,Distracted
15.684018143683424,0.9005710996825878,2.9422099197926608,1735.0,178.13758727455584,31.518380449275778,3.657950474597766,1.3421046878432004,0.3509415503910536,2.0639777038877165,324.0,40.620192023179804,12.278880166284965,1.404622502132079,Distracted
16.603365074321736,0.9397303266899385,2.942581543128255,1761.0,179.75260776967883,32.88888347269309,3.817007891682222,0.4993315845723302,0.13130226880211074,1.7746044492199249,296.0,31.68595903550972,4.521139805967156,0.5127218100490861,Distracted
12.270101076471297,0.7387546811459837,2.942477538896717,1653.0,174.1579742647462,25.85509473627264,3.0006826084711427,0.5040460888999103,0.12182061873316044,1.87730056776264,226.0,24.698178070456937,4.2304449189792965,0.4782811963422041,Distracted
13.613587717330322,0.961900749118427,2.9287248150327847,1410.0,155.5506348428061,33.66480867067973,3.907059978933197,0.272232142209565,0.14003345208647605,1.2859654117844677,146.0,15.874507866387544,3.8705040559624173,0.49666599316252774,Distracted
16.34465583275059,1.0242749660477604,2.937914677992421,1589.0,168.03868602199913,35.84779488919961,4.160412320019577,1.4940181985599876,0.24362328290885524,2.317382858927231,425.0,45.68369512200168,8.875300274954903,0.9877987683817369,Distracted
16.796877693106172,1.2096712819207542,2.9299217248695983,1386.0,154.5639026422405,42.33633490523907,4.913457295452744,0.30897450033590707,0.09169594802575638,1.5729350024396984,114.0,13.19090595827292,2.3059312370088367,0.2965480362341748,Distracted
20.397577370332513,1.286551179702082,2.935064214360592,1580.0,166.7273222960172,45.02699405255944,5.225728984690112,1.2587697473313382,0.2616672759870362,1.977416518152059,293.0,32.48076353782343,10.096915550906248,1.1275672976923,Distracted
23.333263925560377,1.476432088844029,2.933524287012601,1575.0,166.0511969243221,51.672486825422816,5.996989534754008,1.0830612217633613,0.2116489977545506,2.27047209459979,356.0,38.39270764090493,7.192984039133247,0.8189717484520699,Distracted
22.340485215111112,1.4311599672223552,2.9373781375361183,1555.0,166.29792542301902,50.088043405552106,5.81310268913969,0.503072285965066,0.1281873638160646,1.961504454670649,113.0,15.264337522473747,2.5366580365884173,0.3631660274022794,Distracted
16.173090342391234,1.141429043566946,2.934770807133066,1413.0,157.47063218263906,39.94797841467039,4.636270154690722,0.5566410147161094,0.17394999046070822,1.6627310352838203,182.0,22.0,4.42805448806647,0.5763780588196455,Distracted
13.157396298194591,0.9795185532644659,2.921742158212596,1340.0,150.2531197679436,34.281400357834016,3.9786201867392075,0.4196124221942175,0.13246063278658415,1.5567408770874138,247.0,26.551836094703507,4.780821349885729,0.5373036616021114,Distracted
11.247926119297441,0.7537381386726977,2.941211357426914,1490.0,164.83324907311632,26.379488995580964,3.061542595639592,0.3026305145511988,0.11628446159386047,1.2608254769255849,134.0,14.89966442575134,3.333667393284615,0.40804291797915276,Distracted
14.801808487142003,0.912054682908957,2.935296430671153,1616.0,168.54672942540296,31.920285357369313,3.704594630431532,0.3006721612351401,0.10812462098790883,1.3925345436274474,92.0,11.916375287812984,2.3242331213421297,0.33176011681038875,Distracted
17.40787263236108,1.0923180183955061,2.9401567812761296,1587.0,169.18333251239616,38.22918022521818,4.436790404677459,0.5813761571701829,0.14631522912278225,1.9683453081964037,195.0,25.553864678361276,4.365442890109437,0.5610304342128237,Distracted
19.063758415731765,1.1253463119373712,2.940490615687273,1687.0,174.62817642064525,39.38511152460118,4.570945122810432,0.46539409921438807,0.1359644688906888,1.9294643444057993,175.0,18.841443681416774,3.6964873653469668,0.444948705919929,Distracted
19.031817089412996,1.1318975337762074,2.9394513150625468,1676.0,173.92527130926086,39.61439259124525,4.59755495410861,0.3546894167480364,0.10573287162861261,1.7093404419188085,145.0,17.578395831246947,3.0767465576981046,0.3788446420336439,Distracted
14.147362549442725,0.8865531421615614,2.940068716160393,1590.0,169.19810873647495,31.027776966191304,3.6010121669116737,0.5761274415377272,0.16955280975556666,1.6301884953836039,206.0,23.15167380558045,4.959964076677958,0.6334937841976497,Distracted
13.37018680119421,0.8421474754515745,2.9417102722220814,1582.0,169.941166289984,29.473657921107122,3.4206446982311025,0.8077777320153047,0.14402791965409603,2.3806216554248683,345.0,40.06245124802026,3.97987258554709,0.49028583165914025,Distracted
13.963952656686898,0.9099612489434209,2.9382457129775683,1530.0,165.20895859486555,31.847018906564422,3.6960914952870985,0.3137564817679531,0.14525717463776477,1.48898188421186,172.0,18.49324200890693,4.382345942535785,0.534683345319906,Distracted
15.53133246055507,1.0127099551100682,2.9349405242610667,1528.0,163.49923547221866,35.44304015660527,4.1134374201330814,0.5116715917604407,0.12426922419109784,1.9524394769831794,252.0,28.879058156387302,4.515519492553944,0.49959708159410043,Distracted
16.98920649120963,1.079395457467278,2.9323173407171854,1567.0,164.872678148928,37.77691366696599,4.384301391986411,0.37470394358149567,0.1357968930210095,1.5908136177897791,123.0,15.394804318340652,3.1960079212381385,0.42786616674941536,Distracted
15.682013723861944,0.9937442947486509,2.9402055544114516,1574.0,168.5170614507623,34.77927590861465,4.036402473814509,0.5720538643354522,0.2720603516550346,1.3484310486313642,142.0,18.601075237738275,6.540968608374547,0.9120173628498958,Distracted
13.859968963565185,0.7900139311860241,2.9420449284362014,1748.0,178.92456511055155,27.64907696030357,3.208888043974878,0.6249819609891301,0.14023006713477937,2.0041661193656215,437.0,48.093658625644196,4.881280519745565,0.5666703665935743,Distracted
14.318578684574774,0.8755453968548801,2.939789083463329,1629.0,171.1695066301238,30.64252553564129,3.5563007752369713,0.9718810385521097,0.12909014931116794,2.471453943588138,330.0,37.70941526992961,5.509964726187967,0.5980129553967921,Distracted
15.183598285335695,1.014895943554934,2.933933640960572,1491.0,161.5704180844996,35.5195458489235,4.122316494169747,1.0057598554969247,0.15617632726887612,2.182926473545525,335.0,36.29049462324811,6.427308042844137,0.701269524405606,Distracted
17.528100310954773,1.0692811410553305,2.941064234762654,1631.0,171.9273102215003,37.42293065244502,4.343218940492736,1.285525493996721,0.19038785143583606,2.2356003488150384,432.0,49.35585071701227,7.983647421152906,0.8806235458418227,Distracted
17.069644847410732,1.013901025048986,2.9430356535151976,1676.0,175.8180878066873,35.48472547771955,4.118275322270825,1.1967161836254756,0.27015050936161195,2.066353543388016,431.0,45.661800227323496,9.287764443291557,1.0859155939033809,Distracted
17.589300991034168,1.07654835355667,2.9411112546447433,1624.0,171.586712772289,37.67727011381978,4.372736991235922,1.1775350685744708,0.23456171047901303,2.227318880797859,385.0,49.10193478876367,7.608603296857892,0.9054587302292032,Distracted
15.030689476791324,1.011409303365022,2.9364967019389496,1481.0,161.68797110484132,35.397519667943314,4.108154417303261,0.6378443362176847,0.12204715804390649,2.126420743163324,294.0,33.704599092705436,4.356789249362368,0.4839517722719655,Distracted
12.492888938378247,0.7882927381865362,2.9345157513728943,1580.0,166.85922210054798,27.58883827864522,3.20189688164292,0.33702044632790534,0.12456703382267582,1.468865415010747,150.0,18.65475810617763,3.1198942324127814,0.4146015977452901,Distracted
12.527393973198237,0.7743656492708995,2.941665325127625,1609.0,171.19871494844813,27.101415034496426,3.145327665146105,0.5488350390502552,0.0939186885225239,2.290409784207243,278.0,31.68595903550972,2.7232140687981037,0.3204161526605001,Distracted
12.769579964279174,0.7448546788246625,2.9406823702295157,1709.0,176.0142039722931,26.068583763006963,3.0254596520734,0.6027954384645103,0.20296607261173025,1.532971420539634,249.0,28.75760768909681,7.589629231077252,0.8604041729857987,Distracted
13.39843479917797,0.7989855622411441,2.9380157523466304,1672.0,172.78310102553434,27.963068027688998,3.2453291224056193,0.593868904537297,0.17026441714582458,2.00298424319992,224.0,25.25866188063018,4.751131068576466,0.5856219619177784,Distracted
15.670926953214305,0.9895056704876074,2.9310338643096565,1578.0,165.46903033498444,34.63093162787082,4.019185979044923,0.45397432631666434,0.15390216761692532,1.6419799198704643,172.0,22.22611077089287,4.022255473666721,0.5241138588323205,Distracted
18.68300176323562,1.183547400808247,2.9362508917226795,1574.0,166.76930173146374,41.42204571251917,4.807347002387029,0.6711466685685675,0.1414852002834338,2.2710142463666863,177.0,21.42428528562855,3.0238058699501886,0.40055877029300724,Distracted
17.04517400784367,1.1769420624159226,2.9325400320349684,1444.0,158.66316522747175,41.19087066313233,4.780517359823997,0.8897068222482376,0.18059747570154347,2.2099248590366654,367.0,39.585350825778974,5.809673182892077,0.6889486060720403,Distracted
15.22597892241528,1.0059944448557363,2.9332933202043825,1508.0,162.1604144049959,35.20800928876857,4.086160280181936,0.6969229224745572,0.4066004256534492,1.2298136105230435,172.0,19.949937343260004,14.23028888124408,1.6515344768613003,Distracted
18.096570175880252,1.2328740492566688,2.932414610806556,1464.0,159.53056133543816,43.14839033165363,5.007702573608244,0.7397642667552137,0.20054077436101936,1.9391885018025605,224.0,24.24871130596428,5.280550641242902,0.6613737822284831,Distracted
14.676072089007391,1.2471883834164237,2.9193931489548715,1175.0,140.1748907615055,43.649366467890125,5.065844707473834,0.34679430049758164,0.11414344383635555,1.5899502923511968,62.0,10.862780491200215,1.2142601675457423,0.24154575999685465,Distracted
15.665962307340813,1.2373957317523114,2.9149612484257115,1263.0,144.0173600646811,43.30664114518599,5.026068797703983,0.370735733500498,0.15796967567301468,1.4525696282166591,202.0,23.108440016582687,5.380427367759474,0.6191189002837784,Distracted
21.376122078515284,1.3032877775394551,2.9364615363672324,1634.0,170.15287244122564,45.6127450923727,5.293709898161517,0.7442386604868273,0.21911092869601034,1.6758050336924069,192.0,24.819347291981714,5.396151986989109,0.7665096303261473,Distracted
22.094149951087974,1.395507863773293,2.936656112609414,1576.0,166.8112706024386,48.8402834444335,5.668290548512624,0.2597023056157613,0.04719266921461826,2.118891971585688,64.0,10.198039027185569,0.580102784465057,0.10326422109504191,Distracted
18.540846301620316,1.1207411786816768,2.934884536268428,1647.0,171.05846953600397,39.22394008347482,4.552239937418419,0.970245235067705,0.18243735422643803,2.15074190314434,418.0,49.29503017546495,7.1991702643307764,0.8146774735262673,Distracted
18.45729957319469,1.1009657930666683,2.94125779411491,1670.0,174.01724052518475,38.5318368974358,4.4719160393705355,1.590708042372103,0.32910804986956116,2.0120859184885487,415.0,47.29693436154187,12.416131001530273,1.4129535491280563,Distracted
16.759953344887958,0.9806709323964508,2.9421788443423043,1700.0,176.24414883904657,34.32173156979108,3.983300934094131,0.6775431271796719,0.15925009693077563,2.0032984760892165,272.0,29.664793948382652,5.047749830014777,0.5784039069334048,Distracted
16.92362768080062,1.0657409743678095,2.940984054721597,1581.0,169.26015479137433,37.29903113962424,4.328839449057427,0.5913268595162109,0.2011688466975287,1.5614769891019806,168.0,21.02379604162864,4.307215258328602,0.6305676867894199,Distracted
20.263754804283145,1.1703621807200988,2.9404881277840205,1723.0,177.06213598621247,40.9605865526681,4.7537911175755845,1.2079960289861433,0.16399094303867504,2.28596276195909,528.0,62.928530890209096,6.644093706150247,0.7420410175814686,Distracted
19.96854175574823,1.1767587236249002,2.941651912382053,1690.0,175.50498568416796,41.18445413281219,4.779772672127635,0.7055205423959915,0.10236542272628919,2.2911570203910925,282.0,32.55764119219941,3.6380890824578036,0.41842537257443924,Distracted
14.744758639438201,1.0257345114116927,2.9344337183643696,1432.0,158.48028268526025,35.89887637080568,4.166340718852911,0.2923840677691698,0.11739406167460677,1.2896081712807463,112.0,13.341664064126334,2.8797031821626575,0.3811229688234209,Distracted
15.318701314789669,1.1366616449444849,2.931417897739702,1345.0,152.76452467768817,39.7811279754446,4.616905877889285,0.43811126406152806,0.10827702399212422,1.7955861294446136,107.0,13.379088160259652,2.3943250949936683,0.3265754784856201,Distracted
21.779430498125244,1.2616053030054541,2.9418003881692405,1722.0,177.41476826916073,44.15393291097699,5.124403524064239,0.8912611980213193,0.2614549401642383,2.0440519630701597,256.0,35.4400902933387,7.749309300172207,0.9474339572650422,Distracted
20.235320011466786,1.2090829119155422,2.9408345838737446,1666.0,173.62027531368565,42.315743005636975,4.9110674471214315,0.5010797515548651,0.1677179888524934,1.508315262609671,120.0,16.911534525287763,3.212791988343903,0.4984489512041726,Distracted
18.09795739725214,1.0992519336188213,2.9404582033837436,1638.0,171.97092777559817,38.47185487699028,4.464954664546432,0.7689719484795663,0.15676992348330357,2.221544603526639,426.0,45.628938186199335,5.449925408218846,0.6239759937075438,Distracted
15.403051235707371,0.8697636921761557,2.943722950593856,1763.0,181.11046352985792,30.44017619556851,3.5328165779526275,1.3503116064789387,0.1499784646079551,2.69012779137239,634.0,76.8505042273634,5.739870817974362,0.6397473722685995,Distracted
18.078788926255687,1.143819022758605,2.938757196205372,1574.0,167.73789077009405,40.03162341888505,4.645977800784949,0.2250072728026844,0.1401218340278034,1.0321040199685476,158.0,18.49324200890693,4.90401399256003,0.5691485430347115,Distracted
16.61356579177313,1.242291931143822,2.9283587628915844,1336.0,151.30102445125743,43.47799938134474,5.045956239011187,0.22612703027392184,0.1277138861198932,1.0131589775808711,74.0,11.489125293076057,1.8762376994797678,0.332703697827384,Distracted
16.54708562886187,1.130897810529529,2.9315068672905027,1458.0,158.67577004697347,39.57940406269498,4.593494266256265,0.2933129843103499,0.12040031208519182,1.2548817994530868,114.0,16.24807680927192,2.241778626586452,0.35372231397716436,Distracted
19.010251980022822,1.26150465633121,2.935759026597738,1502.0,162.48076809271922,44.1504104570909,5.1239947161978225,1.0868775346023258,0.1993462483805236,2.2492946787508106,360.0,43.12771730569565,8.09614703871987,0.8991646505860966,Distracted
15.699992052150145,1.059468006022842,2.928454710327494,1476.0,158.8521325006372,37.07948844842237,4.303359831131981,0.27266372593831656,0.14214623145547867,1.2921308866581156,102.0,11.313708498984761,3.3416413153060756,0.4408002417061515,Distracted
12.302878174796039,0.8462512297973832,2.926586247767456,1451.0,156.84068349761804,29.61728199563845,3.437313376764285,0.31943787694722164,0.14834485275967288,1.2525142067143902,210.0,21.540659228538015,5.197005589803059,0.6016259500713974,Distracted
12.151274274828411,0.8602469337823958,2.914506362407404,1410.0,152.25636275702897,30.107106644697865,3.4941612947713705,0.4294890303805634,0.12424368320090025,1.88734088797821,265.0,29.478805945967352,4.240016205142242,0.4845010738660003,Distracted
16.357313500735927,0.9960838663094906,2.926117865284306,1634.0,168.9023386457393,34.861156735757376,4.045905373590379,0.8251492299786458,0.13361933394584566,2.1830306270414357,479.0,56.824290580701486,5.348735096478703,0.6032710528859017,Distracted
21.915038025355894,1.5722576693805799,2.9134911446049787,1390.0,151.88153278130952,55.02621104018857,6.38621502502993,0.8404931273538249,0.15150477057992864,2.3506768555388646,206.0,24.289915602982237,4.148395027777159,0.5194502371712827,Distracted
22.4769932097602,1.4749861147653174,2.9286379445712942,1518.0,161.22654868228122,51.621880314566866,5.991116259929461,0.31381127267101727,0.13979536453923802,1.3929062378085835,80.0,11.916375287812984,2.219328013333407,0.36221800308218527,Distracted
18.271401119768534,1.2729266208650565,2.9332185823974397,1430.0,158.3414033031159,44.55015882097109,5.170388588488581,0.5546714081914983,0.1794307666410649,1.9040050326517732,99.0,12.12435565298214,3.1543892465456564,0.46324580089063905,Distracted
17.753370074329982,1.1954610504768213,2.9314050577502466,1479.0,160.0593639872407,41.83900217817287,4.855738007244629,0.7576986780272663,0.3191526270764999,1.8330022989320012,236.0,29.29163703175362,11.16977207588427,1.2963379616502022,Distracted
17.524914093501046,1.2634451815303487,2.930323823197096,1385.0,154.65768652090978,44.21832537410235,5.1318767646842325,0.8789213594206028,0.30315646507376626,1.752657507781163,237.0,27.477263328068172,10.16023975791353,1.1701201539671409,Distracted
17.888640974681575,1.0688371661531169,2.9379755917336285,1669.0,172.39779580957526,37.407392323619185,4.341415597919524,0.27635882444096366,0.10070643847520339,1.472052172589841,154.0,18.110770276274835,2.4238184943343635,0.31966048306158346,Distracted
14.149438913934615,0.8791825012939762,2.937104148428144,1604.0,168.5289292673516,30.76981769667732,3.571074009592196,0.3530654986749116,0.19876428469628518,1.0774411739041212,145.0,15.394804318340652,6.395768304063816,0.7500515440072321,Distracted
14.160309007634059,0.8481742219075413,2.941358038615882,1661.0,173.62315513778685,29.68458328584228,3.445124209139963,0.8705612791373758,0.16504874464260144,2.201275738097798,432.0,47.97916214358062,5.664366126060486,0.6462806950484018,Distracted
17.028807417189377,1.1232744571582727,2.9306799316204115,1511.0,161.31645917264612,39.312600306790294,4.5625296382638245,0.2160211432316767,0.09982615939720485,1.2467965984024885,130.0,15.0996688705415,2.886421669613232,0.3603460039823406,Distracted
18.753467332142076,1.177822004319133,2.9359773601854426,1585.0,167.00598791660136,41.221667058540106,4.784091518381385,0.2987147772965972,0.18202802403370022,1.153388331638214,160.0,17.26267650163207,6.310830284850765,0.7342852413403096,Distracted
17.193980747916175,1.0271049583378729,2.940441658687192,1667.0,173.5194513592064,35.94683956618261,4.171907216585072,0.5108316893633157,0.09035070491498566,2.293012552571892,275.0,32.63433774416144,3.336816242246917,0.3711706428313008,Distracted
17.899551107887106,1.0758551221923627,2.940817386006014,1655.0,172.97687706742772,37.65300825388745,4.369921215780806,0.9165306782208139,0.17638776417857835,2.1616583612447173,392.0,46.647615158762406,7.075924740897285,0.7949258808585681,Distracted
15.118881335831883,0.9223295788137308,2.9402061499447356,1633.0,171.461365910808,32.27988836741206,3.7463293256316743,0.42965669054393973,0.1629457854893019,1.370070414833457,227.0,24.1039415863879,5.523440032294303,0.6370833308414037,Distracted
13.615778847690706,0.8284320480091594,2.9427023786485904,1638.0,173.49927953740902,28.993642450583103,3.3649352108402946,0.7865473528960031,0.22221133516616873,2.024742075889617,248.0,28.071337695236398,6.031306369136078,0.7701534944649892,Distracted
12.687040714120348,0.8631010340698565,2.9347222325456332,1466.0,160.1686611044745,30.206995058541345,3.5057541134891226,0.6414268604879592,0.11252707004911426,2.1434604200524445,338.0,44.63182720884279,2.76739330183376,0.381967719836983,Distracted
13.335093312075312,0.9191670478888674,2.9288590998289306,1445.0,157.15279189374905,32.169205431986335,3.733483719658296,0.6866194088596445,0.11252707004911426,2.1339438976494662,156.0,29.32575659723036,1.6543717829868043,0.2847335085649443,Distracted
18.27794669392967,1.0408788856060212,2.942502487735375,1747.0,178.9273595624772,36.42890242615131,4.2278543192684195,0.9508014608567802,0.13951458223445842,2.5522841103138396,626.0,71.66589146867567,4.9305116504129725,0.5661207808316197,Distracted
15.692425934199166,0.9412425556145094,2.9409620317599305,1660.0,173.41280229556295,32.94180878485092,3.823150281232902,0.6075754811415248,0.23365513176754368,1.4388126980587175,252.0,26.795522013948524,7.969248513982754,0.9350122442351969,Distracted
16.843590646891037,0.977785896322183,2.9416984982041985,1716.0,176.7484087622856,34.220760458647604,3.9715824600271543,0.7890124377717083,0.1967979656258579,1.9928759344328917,353.0,41.65333119931706,7.166729750055254,0.817357417385503,Distracted
17.65515316590262,1.0599998149573526,2.940115414653905,1660.0,172.87567787285752,37.09810081154409,4.3055199390291525,0.42845390378113585,0.092878335713881,2.0473259740453837,307.0,34.10278580995987,3.6797762049569025,0.40854392954730095,Distracted
18.899706275469054,1.1779975037963324,2.9349448762416013,1600.0,167.594749321093,41.22780922687416,4.7848043642590055,0.718270385539022,0.2010319537335653,2.0692719260244963,229.0,27.65863337187866,5.769152435389433,0.6946958733762608,Distracted
20.719504440152786,1.278213352954869,2.9382395756109507,1614.0,169.61721610732798,44.735185004243945,5.1918623001853215,0.9546456749094588,0.1865160733442313,2.0967269641012587,488.0,51.536394906900505,6.61278035303559,0.7625855732907433,Distracted
22.27309645043965,1.3918050945442169,2.926542204182436,1595.0,166.03915200939807,48.71069313299777,5.653250596127299,0.7451056211606963,0.1545324315895572,2.008705426563809,312.0,36.3318042491699,6.147403586994517,0.6774934791950936,Distracted
17.53763755271691,1.233706955276941,2.926137736201407,1416.0,155.3447778330511,43.1775405551448,5.011085681253187,0.16831200653540593,0.16336110053452824,0.13270290590008127,104.0,10.583005244258363,5.71734682478086,0.6635420739591881,Distracted
14.288372122540713,1.0415027432576796,2.9342475992733115,1370.0,155.1128621359299,36.45073633001308,4.230388311746936,0.7155394383429101,0.15940351145935527,2.120894088927924,309.0,33.71943060017473,5.507713209499012,0.6184991658356068,Distracted
11.608676210714496,0.9134190606889516,2.932201159747631,1267.0,148.73802472804323,31.968036143466684,3.7101364764330538,0.34865175425830525,0.2538680438169438,0.9251459737196523,119.0,13.228756555322953,7.843439269547507,0.9660661423232265,Distracted
17.046042865125724,1.2662133022468471,2.8969884411648024,1340.0,145.3684972750286,44.31520465648536,5.143120350551277,0.22736134287941187,0.15915037748719885,0.8575026784936809,126.0,13.416407864998739,5.173624971900324,0.613709460719165,Distracted
20.606748049100926,1.255906121856114,2.9374891242844083,1635.0,170.52565789346775,43.95447174708049,5.101254521839545,2.093235200998529,0.3252796830319226,2.3982393587071646,610.0,67.88225099390856,11.29402885774169,1.3064464762989407,Distracted
15.51351146645236,1.0612386794224817,2.933053518383509,1457.0,159.2953232207399,37.141458855734925,4.310551973545671,0.7759902416936003,0.1717268284954556,1.960899264005645,171.0,24.677925358506133,3.0924328601721562,0.48177279022903,Distracted
15.221769253039163,0.9459397375873515,2.937592473314836,1603.0,168.64459671154603,33.10620176671731,3.842229351206262,0.7408991970919151,0.22035383925859658,1.8620615617430936,286.0,32.984845004941285,8.140996836652661,0.9243896597666253,Distracted
18.821868885583253,1.2062435630250603,2.9376091128865927,1556.0,166.92513291892266,42.21637086434798,4.899534545804537,0.30494079405232344,0.12218388242047583,1.3828686520950926,143.0,18.027756377319946,2.7779538775935313,0.3841338520375225,Distracted
17.563589980449674,1.2196956569579793,2.9353926368581016,1436.0,158.8836051957533,42.687170132242066,4.954174421993767,0.7064006528865959,0.18284297549650688,1.7308029152290452,169.0,23.853720883753127,4.609013316607235,0.6487594434666203,Distracted
13.762552718818984,0.8872747805017649,2.9333216439394936,1545.0,164.0944849774056,31.053033019557144,3.603943326161583,0.054734257699763596,0.02452415533042795,1.1227821566491631,27.0,5.385164807134504,0.18322921521735913,0.044224169184749106,Distracted
12.387174274188192,0.8093841169994489,2.939390863684901,1524.0,165.553616692599,28.326998876802854,3.2875660966175153,0.5360825406557684,0.17318131623756655,1.8368060368241284,202.0,25.13961017995307,5.24476231348635,0.6173780882092199,Distracted
14.642476288150327,0.9836576266693268,2.935089420268882,1484.0,161.24515496597098,34.42626053636724,3.9954323246492978,0.2028382833670452,0.11594007969467794,0.8132939825364923,84.0,9.486832980505138,2.8387402235859565,0.37348409775908675,Distracted
17.777608263293263,1.161174420625815,2.9341284699426398,1526.0,163.34013591276334,40.63903135482711,4.7164721636260065,0.510701624188811,0.20057820076249702,1.488099517583513,214.0,24.413111231467404,6.331042613645996,0.7578273621742045,Distracted
17.507430864242302,1.161174420625815,2.931325309797813,1502.0,161.62301816263673,40.63903135482711,4.7164721636260065,0.7537125133888031,0.2098910527031612,2.059676278856024,279.0,33.74907406137241,6.0488093549555,0.7590674720465306,Distracted
17.72003065275241,1.101626149889137,2.938628830559146,1602.0,169.94705057752546,38.55494820710385,4.474598284618028,1.0856143092587573,0.21313602286371194,1.9355818226007497,355.0,40.63249930782009,6.698908802234768,0.8176874259720881,Distracted
18.445045967046024,1.0338744165582987,2.9430163622049164,1774.0,180.86459023258257,36.18375851650431,4.199403483030778,0.7237304254699113,0.18330996257800758,2.0899447855968143,343.0,40.26164427839479,6.111167155130946,0.7121923231488975,Distracted
16.346015574377248,0.9665503894461489,2.9395021762027045,1685.0,174.15223225672418,33.82753777985621,3.9259459436832245,1.2817082539270892,0.16379259996958276,2.706077536985123,647.0,81.04936767180853,5.860315402348837,0.6635333025010302,Distracted
16.40992444235456,1.0128160808746185,2.938957566530327,1613.0,169.9264546796643,35.44675436886875,4.113868483034103,0.670247086233951,0.20271293863957382,2.0513591040296633,169.0,21.142374511865974,4.430484011919811,0.6163993909665092,Distracted
15.273486302147727,0.8731337541830868,2.9420194016498,1742.0,178.85189403526036,30.558122348303748,3.546505136159772,0.621465480830472,0.16268750960162712,2.205265591049566,284.0,38.781438859330635,4.540286295341723,0.5820048467588944,Distracted
18.15728650437656,1.0664758468184454,2.9423086573615405,1695.0,176.51345557775474,37.32475036322469,4.331824362775533,0.2795492565795413,0.08720022798879633,1.889067349074013,148.0,17.26267650163207,2.261186706899393,0.28193932268148536,Distracted
19.40146324258579,1.1047228474366264,2.9425832015135454,1747.0,178.98323943878097,38.6633270918721,4.487176487791013,1.0929432247463167,0.1837299137765701,2.3870435152827625,437.0,51.137070702182385,6.352263483134182,0.7173656499139957,Distracted
19.025716838853228,1.069108338976436,2.9429457589456622,1772.0,180.7097119692243,37.416882888235236,4.342517050939844,1.248531603478466,0.271311402156996,2.057587933067631,456.0,48.80573736764972,9.495414627922905,1.1020159015026822,Distracted
15.35457308761317,1.1077238716379962,2.9348289752155705,1382.0,155.99358961188116,38.76835758035833,4.499366083821297,0.28698876539759327,0.13189274614974836,1.2507916528426883,80.0,11.135528725660043,2.2513443243623987,0.3538720202660644,Distracted
17.622272976386423,1.1688596455706854,2.9244867196311537,1502.0,159.48040632002414,40.9080005053318,4.747688102316896,0.2516134824495505,0.14636133777505317,1.0729557614354925,52.0,8.831760866327848,1.5738994677861533,0.32357719193909845,Distracted
17.24826378145578,1.2331643567492117,2.908116621832934,1393.0,150.16324450410627,43.15855057552608,5.008881748057103,0.0,0.0,0.0,0.0,0.0,0.0,0.0,Distracted
13.11600560629283,1.1543664401858502,2.917183409493366,1135.0,137.2188033762137,40.40076419560595,4.6888194271677754,0.14747068497470842,0.05782463321997639,1.4190346073027988,87.0,12.449899597988733,0.8541613925587047,0.14446636316666234,Distracted
12.300392395817713,0.7841806387647223,2.938900507888695,1563.0,167.14365079176653,27.444922141354493,3.1851943069801103,0.19660716684264912,0.08133397673195904,1.2153401442770762,103.0,13.30413469565007,1.9075426387064387,0.2642057453938774,Distracted
18.683025196883392,1.1487839215131883,2.941213065708805,1619.0,171.49052451957806,40.205386010083274,4.6661442859875715,0.38866120964066636,0.14389734871740928,1.6747220317190588,120.0,15.874507866387544,2.666241320696744,0.4030519775845438,Distracted
19.58967395641495,1.304076766543579,2.937724564637049,1499.0,163.32482971061074,45.64035829871593,5.296914623144481,0.8076258347732714,0.19753191084582664,1.985289311512834,219.0,23.727621035409346,5.927919759894861,0.6910120366491669,Distracted
18.516155876972515,1.091842180475818,2.943375340422804,1689.0,176.79083686662042,38.212526747674644,4.434857640518397,1.8515809345584058,0.20398442476545048,2.6033293266145923,659.0,77.76245880886226,8.133238503427219,0.9083960502196061,Distracted
16.00982027904949,1.0413832990889995,2.930737215743299,1533.0,163.60623460002984,36.44655599738611,4.229903151992571,0.4125978379028524,0.11315375153962275,2.0207784592734095,150.0,18.05547008526779,2.624398784203963,0.3369716617964502,Distracted
17.347316124714325,1.1866346574616697,2.920375801023466,1458.0,156.3265812330072,41.53009418285255,4.819886858423466,0.3084437029257609,0.11595070070050269,1.4471956850445382,167.0,18.027756377319946,3.7118913910605684,0.4249003884842119,Distracted
20.479091819869794,1.2453028177077432,2.9365199297349003,1637.0,170.3907274472411,43.58337503491026,5.058185894103758,0.6483759907235869,0.25566741922041936,1.4630803539907684,214.0,22.93468988235943,8.484448172829367,0.9849722184394499,Distracted
17.956081664270403,1.131423718905248,2.937634898033175,1581.0,167.57386431063765,39.597809916794894,4.5956304071930925,0.7138013023103209,0.16271355635400686,1.938838192005427,174.0,18.973665961010276,5.62387807682307,0.6321373147894703,Distracted
18.309151124749075,1.2496210152187754,2.936893797852757,1461.0,161.09934822959403,43.734504237319484,5.075725600452824,0.8280652861334176,0.2299001004463141,1.8891903731304724,183.0,21.93171219946131,5.727619499871224,0.7404458940048609,Distracted
20.338471894386288,1.2840085446251168,2.9358341455316954,1579.0,166.7782959500426,44.938006364937976,5.215401279093306,0.7522785933087653,0.23140457435075898,2.1420748782455155,219.0,26.43860813280457,6.215771873792013,0.7913481211220555,Distracted
18.507383474070306,1.1966423423468846,2.932882090287425,1541.0,164.14932226482082,41.88034528433674,4.860536192705232,0.606125376671659,0.2063212989279855,1.5955530760717753,231.0,24.06241883103193,6.349956642497669,0.7606352678742387,Distracted
18.01308805857339,1.089238601055906,2.940514587766157,1646.0,172.37749273034458,38.121406116870915,4.424282390459766,1.3455026510638457,0.19272371407400682,2.2394163164809164,466.0,55.67764362830022,8.251406827358284,0.9171819769347856,Distracted
18.782213421581535,1.1640776641386394,2.9374121054017492,1604.0,168.77796064652517,40.74063969380928,4.728264592884897,1.2927558701524617,0.21477553527078572,2.478723490707977,460.0,53.36665625650534,7.816549392661664,0.8772207381685749,Distracted
18.57102728051733,1.1253670481868385,2.9382967098050234,1645.0,171.29798597765242,39.385837256306345,4.57102934955678,0.8472541562045485,0.17166697997057012,2.08077080050316,243.0,29.949958263743873,5.65128697289361,0.6799780005452134,Distracted
16.310308005675545,0.9973466701845741,2.9359545155706526,1628.0,169.52875862224676,34.90535261655095,4.05103464548886,0.6702410170877655,0.14112762642066737,2.197645110056514,355.0,40.2119385257662,5.570678092012504,0.6316974744344137,Distracted
16.61606391977807,1.0104696815243202,2.9359820015391467,1639.0,170.25569006644096,35.364634581286495,4.104337850061263,0.514457582740708,0.15434167495319692,1.611624175799613,229.0,24.879710609249457,5.901148597399393,0.6575264693083593,Distracted
15.890216415960607,1.0824347510070955,2.932833581552873,1463.0,159.90934932016953,37.88328351396503,4.396646430873775,0.19474170518070844,0.10783119462857597,1.2611102725976453,39.0,8.306623862918075,0.830912142088919,0.20070762624475466,Distracted
13.342848163613922,0.8276432275924295,2.937540684081345,1606.0,168.89049706836676,28.966035144497646,3.3617311706276265,0.2078638735834842,0.059137844725878824,1.7029702067611936,115.0,14.730919862656235,1.2785383595360647,0.1767563449177146,Distracted
14.315878335990682,0.8614224093873647,2.939637453053328,1654.0,172.2556240010758,30.148246191968823,3.498935855656779,0.2513542793312085,0.07923767678072419,1.7501435005183144,129.0,15.84297951775486,1.6120693153805208,0.22613062361038933,Distracted
16.118106322467195,0.9849565082467355,2.941102532976331,1630.0,171.88949938841523,34.47171907232265,4.000708137391016,1.0420356480102513,0.15276521423149544,2.5397319112502257,572.0,68.17624219623724,5.996908924796364,0.6845194905052839,Distracted
18.282960314441134,1.1825544210573302,2.938400924774985,1539.0,165.743778163767,41.387293194279536,4.803313705346505,0.6127919965817182,0.21786666943427171,1.6418127810222245,275.0,31.160872901765767,7.591554067351601,0.8806658758484595,Distracted
14.769368226430561,1.1992424657252188,2.8877004476343675,1228.0,137.73888339898795,41.97134495985629,4.871097404972805,0.021543951672222634,0.021543951672222634,-0.0,100.0,10.0,0.7539998401295056,0.08750748083287825,Distracted
13.488119246711696,0.9515184630436475,2.9007493878803308,1413.0,150.3296377964106,33.30144719644026,3.8648890850548177,0.11960272512397166,0.049697372127923675,1.186400586610865,24.0,5.0990195135927845,0.3284678892655801,0.08293713886918823,Distracted
16.802139179233727,1.1007174638352422,2.9286845290208006,1521.0,161.8363370816332,38.52314581774702,4.470907372725257,0.4521518965870533,0.12560089601664806,1.7787484911563884,240.0,25.69046515733026,4.4267775205650715,0.5039591589989745,Distracted
16.834773821210497,1.1024411856456406,2.9284376510705368,1521.0,161.9104690870853,38.58347300327186,4.477908806611648,0.2137330751197173,0.10261788234886945,1.1915141875546313,114.0,14.2828568570857,2.589581133139254,0.3502739731614448,Distracted
15.647129662433295,1.020314932455374,2.9323087390897413,1529.0,163.2574653729501,35.7092007844135,4.144327408163313,0.30546080186925084,0.07741440411414291,1.8368045582515633,142.0,18.384776310850235,1.8214671178297566,0.25207136803737795,Distracted
16.281269796429054,1.0089888098550412,2.9389926135961217,1608.0,169.5346572238255,35.31280671707308,4.098322827785548,0.5797511432789969,0.09090771766490563,2.240702011196824,363.0,41.36423575989287,3.5371582616459234,0.389984693618487,Distracted
15.817823134496962,1.017839142280147,2.9194042491393635,1547.0,161.33505508723144,35.622552548996126,4.134271213988674,0.4896620017058698,0.10956098558516009,1.9204780436415567,383.0,43.485629810317796,4.208476528976902,0.480058922416012,Distracted
15.396408892382054,0.8881676193406197,2.9433703666737556,1725.0,178.58611368188738,31.084280784683997,3.607569869646577,0.45675450103183696,0.0989044078202716,1.8821430255466083,317.0,33.63034344160047,3.870759500397576,0.4306217004593976,Distracted
14.563038203104934,0.8809895052770323,2.9400220437255093,1647.0,172.13076424625552,30.833059609538374,3.5784137200045656,0.3843936726415443,0.06676777300550299,2.0893886857109423,169.0,20.663978319771825,2.2459953192508593,0.26236293752308926,Distracted
15.343533142114227,1.0612911943957264,2.927762758508761,1440.0,156.7992346920099,37.14329678602893,4.3107652794927205,0.2903176920803777,0.12621480701205773,1.170974943112635,114.0,13.638181696985855,2.995536852364588,0.40544757630534634,Distracted
13.026646911751246,0.7878294600277045,2.942143798651561,1647.0,173.50216136982272,27.57262437030523,3.200015132870872,0.587601330988939,0.11348890327898137,2.128799798750917,364.0,40.84115571332428,4.014499339190395,0.4493474437010975,Distracted
13.30330717045276,0.9102855267958637,2.9388576052645634,1457.0,161.7127082204735,31.858368052376637,3.697408650950502,0.6341039719997369,0.17262228043891806,1.8677476302138079,148.0,20.784609690826528,3.59896154596348,0.5081074487540028,Distracted
13.192136385988725,0.7941541004089463,2.9412865337245013,1655.0,173.3176274935703,27.793975490512274,3.2257046328918895,0.8552928246210313,0.2809443172652519,1.4863707157481674,262.0,28.809720581775867,9.374189840422737,1.1365360417860257,Distracted
15.205075434253027,0.9205406136818374,2.9406973202811466,1644.0,172.30786401090347,32.21727778213193,3.739062885640923,1.3857227142482158,0.20803962594177464,2.3940796963172803,603.0,66.37017402418047,7.569572612492724,0.8668594398438384,Distracted
18.08026861781321,1.2068927930795221,2.9319694523751814,1493.0,160.92544857790517,42.239092757003476,4.902171596212527,0.32565892037482363,0.12184375735299292,1.4871789780913645,86.0,10.677078252031311,2.2197298859104975,0.3223250425608659,Distracted
20.091279321317593,1.35240942371672,2.9270580680854543,1483.0,159.19484916290477,47.331914998064136,5.493232788703398,0.991609051109392,0.18471008088553947,2.3404819298529365,467.0,53.28226721902888,6.275110761324564,0.724766472806713,Distracted
15.573571357783111,0.9540783783285022,2.937958903611448,1625.0,170.43767189210254,33.391039660482704,3.875286979606913,0.2705772040559362,0.13642825281170268,1.2816856797782012,84.0,10.862780491200215,2.678211727527657,0.3871027681848953,Distracted
12.73870613333949,0.8430114015523508,2.935280655287107,1505.0,162.65607889039993,29.503893792027178,3.424153803610418,0.13063862452545819,0.03776218541976019,1.7333091765552697,88.0,13.114877048604,0.6321912130924182,0.10466255321816047,Distracted
12.242913113874437,0.7461195900421714,2.9407748988020312,1635.0,172.03197377231942,26.112853397022597,3.0305974836005736,0.5044914546481248,0.1134708222809702,1.9931839140811176,226.0,27.16615541441225,3.574427088101703,0.44105423573708447,Distracted
13.347282307105207,0.784581371000364,2.942212702595736,1695.0,176.07668783799858,27.45894705406343,3.1868220059725254,1.0154154456096796,0.16392755417851465,2.480641208697459,550.0,59.07622195096772,5.974977840076793,0.6827937441902698,Distracted
13.073518295539666,0.8238364399412285,2.9398362478116358,1579.0,168.76907299620981,28.832804374020508,3.346268714969976,0.33358155851735594,0.10507567581978224,2.036045463886457,135.0,20.024984394500787,1.9837083190378517,0.2949759638536207,Distracted
14.134704586429448,0.8671744426847374,2.9374943651995684,1625.0,170.04999264922066,30.34955708667486,3.522299533369114,0.3044276140248548,0.10836586954878519,1.8151086127153686,181.0,20.322401432901575,3.147229719643641,0.37759423029921063,Distracted
16.30894130981888,1.0205639360363763,2.935718115004627,1591.0,167.44252745345193,35.71791546513336,4.145338813889773,0.609940172224077,0.11132913017388912,2.2047027645242268,226.0,28.39013913315678,3.0973153114318857,0.3994246921793008,Distracted
14.823708959005778,0.936010530134064,2.9362338415065903,1577.0,166.652332716947,32.75869723522301,3.801898777497052,0.49633435358732647,0.1640422779001613,1.5439467639422169,222.0,25.179356624028344,5.524245338006454,0.6284802915681249,Distracted
14.34035634052199,0.94000681001617,2.939153688693939,1519.0,165.1211676315305,32.89855989542874,3.8181309149668503,0.3122812577763748,0.11512917432932834,1.4341097284866562,164.0,18.16590212458495,4.024537899277427,0.4535473090669114,Distracted
13.105908232913984,0.7897997409018918,2.9384935662910685,1653.0,172.03778654702577,27.64158068281231,3.208018043314439,0.5725038240901545,0.1414283020379441,1.8263599764516965,291.0,32.046840717924134,4.280240441813612,0.5371346153739822,Distracted
15.895250730574688,1.0033386876373678,2.928888127304896,1579.0,164.89693750946378,35.11506252818637,4.075373093716847,0.9867590446638494,0.22275300646323073,1.828606779220982,248.0,28.844410203711913,8.470255596469144,0.9477024550120254,Distracted
16.689834770985293,1.0624367457382524,2.9382580666395075,1564.0,167.0449041425688,37.18338903754648,4.315418293650677,1.0258312805758738,0.3061868234816995,2.013580708308034,334.0,35.9722114972099,10.715992101515182,1.2436733053783564,Distracted
18.795330869537278,1.1236450122503805,2.9415123278056976,1667.0,174.14074767268,39.325569073359176,4.5640347633733445,1.695185190796182,0.29299351119863737,2.7131989197168864,452.0,59.715994507334464,9.156894752473542,1.099777362630267,Distracted
20.834062524684793,1.201483076485755,2.9425010807645307,1726.0,178.11793845651817,42.04976233569057,4.880198344585215,1.883937154453916,0.3187999422481607,2.263574170112637,577.0,61.84658438426491,11.2751648149105,1.3044911545046678,Distracted
17.777733987342373,1.078417481994431,2.939249670256273,1641.0,172.02616080119907,37.74268627166748,4.380329039502186,0.43770724437170266,0.3779680484112704,0.4518159064241407,115.0,12.206555615733702,13.228206803100278,1.535235144183619,Distracted
15.439172054258723,1.0162662218937204,2.9322981968849153,1514.0,162.1172415260018,35.56750314404266,4.127882307131612,0.3347279949437008,0.23492130739050796,0.6396878840789955,142.0,15.033296378372908,8.221826288435196,0.9542061789070436,Distracted
13.403268747674229,0.8897875756099844,2.930517059530415,1499.0,162.0216034978052,31.140976361554074,3.614149827416085,0.37233722945021497,0.1961537931932174,0.9828504724342977,187.0,19.364916731037084,6.852515148394035,0.7958473160425258,Distracted
14.3368223694212,0.9175488617871401,2.9370797076333237,1558.0,166.06625183943908,32.112571807822796,3.7269109519768917,1.2759533546440178,0.1918891221797941,2.455660754675711,439.0,56.36488268416781,5.96746401112489,0.7273083497878493,Distracted
12.371444016652713,0.8038920454636913,2.9352518994902415,1534.0,164.0,28.134786179571442,3.265258334700849,0.29716335180291115,0.08066729788221372,1.825976831965967,195.0,25.942243542145693,1.7743090282786977,0.24817787637533656,Distracted
10.861490473992392,1.0276978802027241,2.9173529558786404,1055.0,133.63756956784272,35.96759077274437,4.174315553714362,0.2410468882062328,0.07518601593967493,1.6200310511247322,55.0,10.723805294763608,0.7015832590334347,0.15082722567103285,Distracted
16.48130404996467,1.2541515485526054,2.8998048808307386,1311.0,144.68241081762497,43.89306481438454,5.094127774989077,0.11974539220618104,0.058218579813007716,1.182681129309464,21.0,5.196152422706632,0.2740382600312281,0.08201814933443553,Distracted
18.8937188098759,1.1319058788522127,2.9391685824622167,1663.0,172.60069524773067,39.61468465400465,4.597588850238237,0.258985387722591,0.10812580109966713,1.73509332814437,103.0,13.674794331177344,1.8279601106739998,0.29216959264106657,Distracted
15.890170012280397,1.0091573972490848,2.9414231095432593,1568.0,169.05028837597408,35.31870697483872,4.0990075980810525,0.7664035195313124,0.13245498510888368,2.485883217386101,573.0,69.92138442565336,4.635687970151805,0.5380072443060312,Distracted
14.258226589143296,0.85058316718103,2.9414590328226438,1669.0,174.25555945220228,29.768892069055575,3.4549088918924338,0.8216860234365057,0.14695712562560317,2.053005234686817,447.0,51.05878964487897,5.824752356066848,0.6587718905132023,Distracted
14.833110108594074,0.8738972864907102,2.941966334853596,1691.0,175.70714271195692,30.58484461572435,3.5496064608281146,1.0633871571721731,0.21762221771290854,2.038227967805761,310.0,37.282703764614496,6.571954965591431,0.7966961159666505,Distracted
17.102213065954253,0.9711223109852166,2.9428010615381113,1754.0,179.8610574860495,33.98754687020272,3.944516229327024,1.0077243201060175,0.190523142819556,2.291262304982477,447.0,48.67237409455183,6.9177786051624945,0.7982932078814996,Distracted
15.885004325939507,1.011092274770523,2.9414914762548405,1564.0,168.81350656863924,35.386424233215024,4.106866706762564,0.16334963659173327,0.06440594790864951,1.3079601708827011,122.0,15.684387141358123,1.563342936111218,0.21994563880770449,Distracted
14.891118965688891,0.8617265410462193,2.9384651593469457,1720.0,175.74413219222996,30.158890256978047,3.50017118126987,0.46120976009422654,0.09437564465407902,2.09424416245676,445.0,46.87216658103186,3.412363043939224,0.3915294069843465,Distracted
15.73713000059661,1.0209102988374388,2.937956448066673,1538.0,165.60193235587562,35.730037544712886,4.146745674461888,0.571418374153605,0.13074997649922399,1.9439515422230071,191.0,22.293496809607955,4.305414901839362,0.5119099284516947,Distracted
17.56075294963586,1.1439782535522791,2.9377552442559933,1530.0,165.27552752903256,40.037196212344696,4.646624566329053,1.0070049576956335,0.22251403383217397,2.3307621698176075,441.0,50.6458290484024,7.752053293314847,0.8991797705981389,Distracted
17.597209172807663,1.072718300845091,2.9406380658811178,1632.0,171.91276857755506,37.54322510777098,4.357180037277493,0.35166706624132016,0.09641774375812885,1.6066715819314645,171.0,19.672315572906,3.6340969837073116,0.40116128229384235,Distracted
15.470178774211764,0.9191461430520059,2.940791989548785,1677.0,174.19816302131318,32.1684738000234,3.7333988081416543,0.7459262203012035,0.15114694383607113,2.415516385337252,234.0,31.080540535840107,3.031563537289398,0.44184517207250623,Distracted
16.675217780306383,1.0596238650686354,2.9353666955611364,1566.0,165.81314785022326,37.0849432367267,4.303992901270176,1.2381762913867331,0.21770667999732438,2.3271677765195107,303.0,41.84495190581536,6.230558084719108,0.7816075177649092,Distracted
14.909240340380938,0.9974719306183485,2.9309418771932156,1489.0,160.39638399914134,34.90973650807082,4.0515434298184205,0.48590899343336874,0.1434950991952213,1.6953330696457574,134.0,16.97056274847714,3.2031996069532456,0.4373613913133704,Distracted
13.294966309132453,0.8116769898521385,2.936843045864031,1631.0,170.06175348972502,28.4072453325445,3.2968793150215308,0.5901722044544064,0.15867605685405725,1.7037139493348867,185.0,22.293496809607955,3.702820550311695,0.5175019469545099,Distracted
13.917044267965485,0.9548732678914177,2.932725512370106,1455.0,158.905632373431,33.41885937584772,3.878515671550219,0.49493044206342857,0.09334127669792466,2.0694569508025666,205.0,22.693611435820433,3.4624272223674883,0.3786414815107097,Distracted
15.545675454571812,1.090785896158438,2.9318948277500096,1421.0,156.80242345065972,38.17555868264401,4.43056721223191,0.3189611117968664,0.09699422835206087,1.6178823115942036,192.0,23.15167380558045,2.2664699313616516,0.3103056388500672,Distracted
7.989082733503448,0.5115671940166793,2.940086468894522,1555.0,167.45447142432477,17.903938347643074,2.0778897532926686,0.561249393279139,0.10099885331017197,2.519311484651876,371.0,41.7492514902962,3.5612267340072483,0.39797965777578803,Safe
6.333998477824321,0.4066688721354309,2.9326526361219476,1550.0,164.09753197412812,14.232684385896935,1.6518124936012752,0.12713065803019946,0.04603792985911679,1.7035723054679455,77.0,12.206555615733702,0.5409489797823358,0.10328684324108549,Safe
5.724523691101501,0.3456687899815225,2.9395231140641336,1650.0,172.12785945337262,12.0977904308926,1.40404162959727,0.0898631712448359,0.028563129970075436,1.5224508986961756,70.0,10.954451150103322,0.33466049577250645,0.06211745285215821,Safe
8.444751047028888,0.5247517397552512,2.9346325682319145,1604.0,168.59418732566078,18.365373906463084,2.131442899022932,0.14474011710023313,0.08219179153970126,1.3125109119044747,106.0,12.409673645990857,1.8792098164558406,0.2627763486847502,Safe
8.409293261624883,0.5624606937053421,2.933237488701112,1492.0,161.09624452481813,19.685119962451438,2.284609579640306,0.20944307385033892,0.061025686364378794,1.8817571110576568,80.0,12.0,0.7061412280256097,0.1295121976603918,Safe
7.640773043067657,0.49601273098633986,2.940627213100037,1534.0,166.70932787339765,17.359559915282507,2.014710449133344,0.17837334435877505,0.061025686364378794,1.6754862004528155,99.0,13.527749258468683,0.943398158357601,0.15220296694661292,Safe
8.215786564472666,0.4942375478739095,2.938543919280708,1655.0,172.56013444593742,17.297431676074712,2.00749998911425,0.44548312718772004,0.10121224280418263,2.089948541118639,276.0,34.40930106817051,3.1231536467870082,0.3654693410147841,Safe
7.82924059979164,0.5199924754745525,2.936200124882601,1499.0,162.66837430797665,18.19880815467449,2.1121116623882523,0.3812225859064331,0.08107102254409956,2.3209863828472885,270.0,33.166247903554,2.0601907535032793,0.264161137336996,Safe
7.395708801555063,0.47525018188550916,2.9352844054205893,1552.0,165.09391266791152,16.632907769896764,1.9303768786201314,0.3816703961718614,0.13227535524053025,1.745668681283388,235.0,27.110883423451916,3.833564191153555,0.4848906141438019,Safe
10.318215615785089,0.655061829596567,2.9397324657615833,1570.0,167.91069054708817,22.925994372127036,2.660737982051827,0.4943099561596512,0.0925197503267503,2.356731172703229,421.0,45.639894828976104,3.2521975582296196,0.36970468234877024,Safe
11.628164702731691,0.658692485567841,2.943347791554507,1758.0,180.321934328578,23.053060848303517,2.675485023943249,0.9923758287243507,0.10184794372027245,2.759288648803269,651.0,72.79423054061358,4.02395534033727,0.4490031922304884,Safe
9.967014356513511,0.5936470856735842,2.9399960622076504,1672.0,173.5280957078709,20.77658799561587,2.4112828399097403,0.26785628780976994,0.0954124149805985,1.5284018705507991,280.0,30.133038346638727,3.339264158046607,0.3875472894742143,Safe
7.8868769630393185,0.4660096960837382,2.940348875015752,1685.0,174.8113268641366,16.309507266439574,1.8928437627606338,0.6045541843060214,0.13565700763080185,2.2184281932406846,442.0,52.09606511052442,4.747753040959138,0.5510132577211313,Safe
8.901415712053122,0.5255271996210031,2.9409297226688578,1685.0,175.08569330473577,18.392513617120606,2.1345926711896808,0.4098961827664556,0.08597704215131316,2.297809617406415,391.0,45.155287619502545,3.1813293689429156,0.35932381468543684,Safe
8.408743139884695,0.5712498710532584,2.9234802674617923,1469.0,157.18460484411315,19.992725475869992,2.320309565418737,0.3538251113256235,0.07425608787413056,2.0621565961062838,149.0,20.322401432901575,1.4161629478136695,0.2109733904035578,Safe
6.193552871706256,0.39744735241548984,2.934830866695492,1556.0,165.20895859486555,13.909947661438375,1.6143564144000215,0.5629970123526433,0.08082496924249297,2.4885586576972965,692.0,77.78174593052023,2.828729604229783,0.32829582772990623,Safe
5.706416814925341,0.3376399839275912,2.939683666662499,1684.0,174.21825392306053,11.816796555061533,1.3714301290441402,0.463670250963444,0.09003211688709181,2.271566027316302,420.0,49.01020301937138,3.1564819391327674,0.35844704403019834,Safe
5.67721532878772,0.3727181526670564,2.9352078629426877,1521.0,163.3431969810803,13.044469826149218,1.5139110547964458,0.16508478019807826,0.042426998612945944,2.075986330568172,166.0,18.33030277982336,1.2200984247405122,0.13927287320074208,Safe
5.746301789590626,0.4161670437689975,2.9184507684518866,1377.0,151.0529708413575,14.565103433348913,1.6903922808574525,0.06626725810601188,0.040434506349593426,0.9059568845024524,28.0,5.291502622129181,0.284221104600213,0.06948004691530946,Safe
8.418459421459305,0.5919996496589903,2.9140125391663885,1418.0,152.55818562109343,20.718930676729986,2.4045912645820655,0.6126109758673639,0.12483276970253701,2.237172510008049,424.0,50.635955604688654,4.089652621384822,0.4862562267771385,Safe
10.198870576492913,0.5952697393412536,2.94217114506465,1705.0,176.84739183827395,20.8333779766102,2.417873754003976,0.9351546962282018,0.1497083876026973,2.5811172349446436,514.0,55.731499172371095,5.225875368624022,0.6080958415179826,Safe
8.628172340507236,0.5321065755546448,2.937506606938204,1616.0,169.82932608945958,18.62278002681154,2.1613168591272065,0.6909191460510288,0.0816626800034955,2.652385981120704,572.0,67.54257916307313,2.6437354376821807,0.3014964441637212,Safe
8.679247703847222,0.5618976118092366,2.940227563124845,1538.0,166.67333320000535,19.665413101514183,2.2823224468533194,0.939923654284058,0.1476215285455289,2.4832315289110642,629.0,70.83078426785913,5.1664899093936185,0.599610892015399,Safe
9.613916657646337,0.601896951947955,2.9383452768522873,1592.0,168.43990026119107,21.06531858444214,2.444792245512851,0.3070529412185984,0.07988252356294087,2.025211882999876,293.0,33.24154027718932,2.80930766493383,0.3219393701763988,Safe
8.34640704477984,0.5032041213072082,2.938702025371204,1651.0,171.72361514946044,17.611245735727174,2.043920524436127,0.4188032869965054,0.15788335892726435,1.7647411602013767,212.0,25.41653005427767,4.855269129228111,0.5851207953710995,Safe
9.024605260425917,0.5546083986529745,2.9401724533646902,1621.0,170.80690852538723,19.410303656500997,2.25271503358657,0.6915923998091419,0.12794801186337124,2.1578693993313784,442.0,47.01063709417264,4.899630869879868,0.5572824578979129,Safe
9.248025240766832,0.5335800715254342,2.941850118368639,1726.0,177.30764224928376,18.67434975474772,2.167301922702494,0.7796138169943244,0.12064982142837631,2.5191065828843326,639.0,69.93568473962345,4.2225283203703,0.49005688913358975,Safe
8.325915120593297,0.5052474426698648,2.9406832497982585,1640.0,172.16271373325876,17.68275833491123,2.052220111610221,0.46274634989723673,0.0960897991298656,2.2747690255252673,357.0,39.20459156782532,3.2655741084705703,0.3700075031677265,Safe
6.1353747317943945,0.4066607377936683,2.9322862367003495,1505.0,161.61992451427517,14.23239969845974,1.6517794534345172,0.05508702682179978,0.013955243010442122,1.7485819423307767,48.0,8.94427190999916,0.1360063751538595,0.027218648050082932,Safe
6.490889320616001,0.46739636954659514,2.92987042420633,1386.0,154.72556349873153,16.358038361626445,1.898476169633736,0.05962343964099709,0.013202900691098408,1.8748060959817074,36.0,7.211102550927978,0.1074006720022721,0.02342649492294613,Safe
8.109913870674118,0.5152624189598719,2.9357782490078943,1570.0,166.41514354168612,18.033264622543804,2.0928990622072687,0.2046599966002316,0.06086097648039822,1.5223815598327213,249.0,26.70205984563738,2.102963331973913,0.24198202152797452,Safe
8.427640121956465,0.5301848899967906,2.935163269581122,1583.0,166.82625692618055,18.5555244636054,2.153511333721319,0.13502906173483803,0.03394026704994381,2.112981015828258,157.0,20.952326839756964,0.6483388344446818,0.09437517927870565,Safe
7.127087169123184,0.4556184327302258,2.9405436173354627,1558.0,167.76173580408616,15.945831603474085,1.8506364048640185,0.07462141675702298,0.023729560795452066,1.5913835199514128,148.0,16.911534525287763,0.7405687805378075,0.08591256172768008,Safe
6.897710237507436,0.40022786430545054,2.940649635571731,1716.0,176.2498226949463,14.00726061276715,1.6256503308837853,0.2283568092943907,0.03534746602802554,2.3448119230456195,430.0,52.53570214625479,1.4333804249763493,0.159580929297985,Safe
7.80040800394561,0.5589447193088664,2.9354645891871836,1391.0,156.80242345065972,19.562067136620037,2.270328352742402,0.21333525101662296,0.08138948413144788,1.7248356970056957,89.0,12.609520212918492,1.3003243009249372,0.20388773406322977,Safe
9.310383947655914,0.5854090205167963,2.935366633277609,1584.0,166.6913315082701,20.4882704248332,2.377821368227315,0.4297566207217591,0.07704848517537133,2.3086404705513583,333.0,39.45883931389772,2.469353608410768,0.284941928345331,Safe
8.98406555554244,0.5661075340664443,2.938429562888183,1581.0,167.88388844674762,19.81275286337342,2.299422359480096,0.32392470399914586,0.06167049099974696,2.2067322117855683,229.0,29.171904291629644,1.6980777352747285,0.21634539241904852,Safe
6.893371640921724,0.42712564585031504,2.927511615703829,1605.0,166.466212788061,14.948634938760236,1.7349040619910157,0.051537545680757815,0.022440162258958285,1.4266448927310105,168.0,18.867962264113206,0.6234804060724045,0.07876181991295803,Safe
8.404199983569736,0.5143080878690398,2.9406455273305236,1626.0,171.42345230451988,17.999864738396923,2.089022748756989,0.2842031115921142,0.07219363184224996,1.7760590499092272,213.0,22.38302928559939,2.5456281165883996,0.28710739317448425,Safe
9.546236068195785,0.6010804410517535,2.9363840252235534,1582.0,166.9970059611848,21.03674216101868,2.4414757317791462,0.4840058103420108,0.09346190097836284,2.1714721141784663,357.0,39.25557285278104,3.4339365013922096,0.38403080974995457,Safe
7.908238165976398,0.48201622621120555,2.940357062753156,1635.0,171.572142260916,16.86970723999871,1.957859278467355,0.35012946491394575,0.047973776758070664,2.3691979360366027,393.0,49.14264950122246,1.992424083478523,0.22074393429626252,Safe
6.285267406492206,0.38806858280375467,2.9412514555140215,1615.0,171.25711664044798,13.581707471548906,1.5762616157056357,0.13041170589307555,0.04401601909550367,1.7808742614770803,298.0,33.97057550292606,1.5404820743233287,0.1787847933350856,Safe
5.836967478977957,0.40309650525564755,2.9368320533645567,1444.0,159.98124890123842,14.107657923842922,1.6373022110395246,0.15926402646420848,0.03426146818244533,1.8767141556199511,347.0,38.24918299781056,1.3859348158643705,0.15562771073988887,Safe
7.378064192013372,0.48728352860385454,2.9259377082200246,1508.0,160.36209028320877,17.054053418564074,1.979254070387539,0.22130572583221514,0.044914252730967844,2.036489909981066,178.0,29.32575659723036,0.6373725635836818,0.11156035188476704,Safe
8.708222987848886,0.58021041748722,2.9371281752211877,1495.0,162.71754668750387,20.306328601307342,2.356705620202549,0.29922037089133385,0.07070066402744855,2.0328462575208333,237.0,25.475478405713993,1.9714871374043552,0.23808845376620424,Safe
7.711835369202178,0.45006175007570104,2.939432532509588,1706.0,175.2541012358912,15.751357632453995,1.8280662047316,0.29380209848731886,0.07894328104387559,1.864680533633941,369.0,40.755367744629666,2.762873877178539,0.3206527640766273,Safe
10.08780562276549,0.6962930799704103,2.9331852101863904,1444.0,158.3729774930054,24.369014513613,2.828211568453187,0.2002712031179437,0.08911125039397728,1.1755857770491673,72.0,10.392304845413264,1.3771365700346045,0.22753008254857,Safe
9.821921027749331,0.6993390327122927,2.930676007333931,1399.0,155.53456207544355,24.475617420793785,2.8405836557672237,0.25608779188746705,0.07836574277873082,1.7421985104244986,86.0,14.0,1.2421688058159557,0.20684013318564012,Safe
7.855651121620871,0.5735953010260412,2.9284059946971803,1367.0,152.7121475194426,20.07481133697009,2.329836260962377,0.2821246397577995,0.05693592477227568,1.9602516019213871,389.0,43.829214001622255,2.2372440749948677,0.25247118374278354,Safe
5.742197719143453,0.4339418449257394,2.9049222494945317,1318.0,145.31345429794172,15.187189735547458,1.7625901810011517,0.08111485526655089,0.04959925426459031,0.6680862529809897,82.0,9.055385138137417,1.224080538508869,0.16008268688589045,Safe
6.156536053302411,0.4707276143060477,2.8923631156045597,1303.0,142.76203977248295,16.47462598001114,1.9120070594803407,0.011269392942236889,0.011269392942236889,-0.0,100.0,10.0,0.3944086306022876,0.045774155173326614,Safe
8.957610990256516,0.5709463715971316,2.937653666969945,1563.0,166.4902399541787,19.982103536827395,2.3190768076942545,0.15119490694967655,0.05246840097696942,1.4687801989905616,252.0,27.27636339397171,1.9132092613162417,0.217858455493851,Safe
9.432957056222389,0.603278188467354,2.9400713217826935,1558.0,167.47537132366656,21.11365939631606,2.450402568543923,0.37947871790244636,0.09072926790831051,2.01399438356615,150.0,19.026297590440446,2.691773129232002,0.33029701655208676,Safe
8.71278399335419,0.610881859260356,2.9332876017372382,1422.0,157.68956845650888,21.379774297126616,2.4812872496043634,0.19682936502799855,0.04428609610076148,1.835584256981572,101.0,17.175564037317667,0.5583698803728278,0.10323516794547868,Safe
8.546151791613035,0.5727092478297967,2.93552427954807,1488.0,161.60445538412608,20.0438010572183,2.3262372794817763,0.132632212606872,0.03686066433011217,1.674978803236158,95.0,12.041594578792296,0.7778677470756302,0.10957165973641195,Safe
8.599894924023216,0.4959794771228647,2.942056433454244,1725.0,177.57533612526262,17.358396089438234,2.0145753781925557,0.2280399914341343,0.06706132580538136,1.7377877274226707,247.0,26.77685567799177,2.474182937482391,0.27661504444363877,Safe
7.712955611362173,0.5402727803347216,2.924204083182925,1424.0,154.92578868606736,18.908582612721606,2.1944864474711725,0.20217906450948633,0.06837774047177063,1.098434773431428,281.0,28.687976575562104,2.489141824269536,0.28840585195078966,Safe
6.854743674939853,0.5008743278152229,2.926341662613296,1366.0,152.24322645030878,17.52970712353485,2.0344573413373954,0.17508449932892448,0.058174283475222764,1.3609721754973725,113.0,12.609520212918492,1.7915360355618022,0.21533013514203458,Safe
8.066970973561975,0.552111197878704,2.9251719570997503,1456.0,157.24503171801646,19.322906088347388,2.2425718735844025,0.3177733714589809,0.06927917726772163,1.9115360062907971,104.0,17.72004514666935,0.9959635788744141,0.17295474123240634,Safe
9.8486297596052,0.5854090205167963,2.938186344148238,1675.0,172.84386017443606,20.4882704248332,2.377821368227315,0.5523270318899284,0.11482626492908055,2.115016517495046,430.0,48.31148931672465,4.135622671156218,0.4721261117560501,Safe
9.1337276026852,0.6110026099813397,2.921853044514706,1488.0,158.29718885690926,21.38400035675126,2.481777716328519,0.09286531233769113,0.02633811354348832,1.5564313132639638,131.0,14.866068747318506,0.8269693526354701,0.0962126110871678,Safe
7.8922806315603244,0.5227371203964305,2.9315176250341017,1504.0,161.28236109382823,18.29486582616363,2.123259893991647,0.4141801570364969,0.07684820335124756,2.189285817710916,344.0,42.82522621072771,2.7966623637411328,0.31130555332843207,Safe
9.550298076088144,0.5910128654948048,2.935594178090657,1610.0,168.6475615003075,20.684394992963234,2.400583132849901,0.5930499491238818,0.12963397009750402,2.1294589406932865,438.0,47.8748368143433,4.472076399157746,0.5196709756281469,Safe
7.78819011725106,0.5215839826211724,2.9240145602280063,1488.0,158.3603485724883,18.254508063046618,2.118576065170393,0.09078941146113556,0.027930252892835853,1.3550242101772376,69.0,10.04987562112089,0.4592518993098328,0.07531164193333205,Safe
7.494034469925007,0.5215839826211724,2.9293502177600783,1432.0,156.62056059151365,18.254508063046618,2.118576065170393,0.07612353043795125,0.0276727777952828,1.2650279793595902,53.0,10.723805294763608,0.26889387104246354,0.05855428830241289,Safe
8.378065144276617,0.5173619642184422,2.940287279924413,1615.0,170.96490868011483,18.10674495769269,2.101427020274914,0.17025876946812413,0.05009721927974652,1.6667705678087894,164.0,19.235384061671343,1.7753298336809333,0.19539191525837765,Safe
6.717329080505874,0.4735362802908137,2.919381413045532,1415.0,153.33297101406467,16.572924274386786,1.923415332603454,0.0774391021673703,0.04119597346163975,0.9726073890124578,101.0,13.0,0.8482933098619636,0.12772319045675298,Safe
7.084747477706928,0.4949262273785775,2.9282364410096515,1430.0,156.39693091617877,17.321534229047366,2.0102972757713884,0.2788799224783398,0.06263961563440645,1.7644360880795753,275.0,30.54504869860253,2.268014671826603,0.2532156075922064,Safe
7.167905169647378,0.43695315295814574,2.937422584986482,1633.0,170.3320286968954,15.292580139757408,1.774821548019462,0.3146942491473205,0.08385473759454709,2.0498491276540864,299.0,35.651086939951774,3.1579719890247695,0.35550991534626003,Safe
6.244375880790785,0.41560467836931664,2.937862069035564,1498.0,163.19313711060278,14.545421648507165,1.6881080583442218,0.12636316391881608,0.08815141913941445,0.8797058174773207,138.0,14.628738838327793,3.0046482507628625,0.35266969807135207,Safe
5.4755048107931295,0.378160069453086,2.9374603323133104,1444.0,160.3807968554839,13.234927196695349,1.5360150975501994,0.24283420961103427,0.044464208682568514,1.9678666615983171,202.0,24.698178070456937,1.6296502911683284,0.18791971295397358,Safe
6.8776505503257965,0.4869096439107144,2.924469388646341,1411.0,154.30165261590687,17.040968121904314,1.9777354210646827,0.05865195478282098,0.029661476842269337,0.6930817383261996,65.0,8.06225774829855,0.6570001130152231,0.09535111036797758,Safe
8.92224940503424,0.5857645291839857,2.939672137246329,1520.0,165.50528692461762,20.500712593396507,2.379265377587961,0.5082600994014235,0.07835305657732904,2.417388740618812,382.0,43.634848458542855,2.3529188578779054,0.2814128995781187,Safe
8.599225674215711,0.5448343758959041,2.9391325325133497,1573.0,168.12197952677099,19.06823031227998,2.2130147909343734,0.2309002030146291,0.07618476980883758,1.8246077644336367,235.0,25.826343140289914,2.607987037210754,0.2964557050622509,Safe
9.319656591503099,0.6318461653250083,2.933245493224578,1469.0,160.04061984383839,22.11348757599339,2.5664403189687213,0.1704351118822937,0.07984147253249126,1.229334335600264,83.0,10.344080432788601,1.6903351545333858,0.23761760385348388,Safe
8.74583365534825,0.5412612082259991,2.9419967255534973,1611.0,171.44386836512993,18.94317582400158,2.1985012557137185,0.1911634377421335,0.03532689836595222,1.9086854996208216,252.0,30.463092423455635,1.1710261702537537,0.1421977975719397,Safe
7.284707911037377,0.4231482899031905,2.9431936130597625,1717.0,178.09828747071097,14.809434582488706,1.718748789986888,0.22225318698674004,0.08569166584004591,1.4578520426471686,260.0,28.600699292150182,2.999055295279531,0.34806343423539643,Safe
8.184609339443975,0.49442118169287147,2.941404223012651,1647.0,173.05201530175833,17.30385853184594,2.008245875158629,0.2714393178422266,0.04959672545367966,2.2805315744522257,276.0,31.52776554086889,1.8517147519371724,0.20287945242891486,Safe
8.540240380008017,0.5238967487863593,2.9363244076841077,1624.0,169.33989488599548,18.335450749204618,2.1279700864692783,0.5561625215449653,0.1129771562443621,2.4219404570964107,302.0,41.352146256270665,2.8439048751436102,0.38113540090247733,Safe
7.950012246685637,0.5152978223126211,2.9318003610703216,1536.0,163.2237727783548,18.034503676674586,2.0930428639693246,0.0824658303487191,0.02394231808673506,1.4720920088298806,96.0,14.628738838327793,0.40842365134846115,0.06572006551810959,Safe
7.214279052035975,0.4511081720305295,2.936732145583561,1595.0,167.84814565552995,15.787980532405353,1.8323165739557996,0.1078862384127312,0.03347125691971458,1.578682684325846,94.0,12.489995996796797,0.754632617488052,0.10553693963322494,Safe
7.833010614317516,0.4688234196903255,2.9387335502973437,1665.0,172.62966141425406,16.407982568548185,1.9042725789926118,0.181924637814303,0.06679381975788273,1.515786792905482,160.0,18.547236990991408,2.1722393373046263,0.2560470912953011,Safe
7.84667453831105,0.5273944735974299,2.9286832776507694,1483.0,159.19484916290477,18.457864872132888,2.1421771869826944,0.23416536151561657,0.052565844490726606,1.9531175887759888,141.0,16.522711641858304,1.4943149276454042,0.1875119593648338,Safe
9.879281097331598,0.6012745694359947,2.941127197324347,1635.0,172.22369175000284,21.04353630783582,2.4422642447744205,0.2613128631379081,0.10284804628858744,1.6460886753749502,155.0,17.74823934929885,2.9485929066484626,0.35171985980959086,Safe
9.30662959068426,0.6486198945359194,2.93514595687882,1431.0,158.48343762046557,22.700538147579543,2.6345720530977124,0.15431040199160184,0.1109085046257504,0.8655999028125276,87.0,11.357816691600547,2.4125506715341047,0.35485480262030744,Safe
8.89167317299189,0.5285688112374889,2.9417377959282263,1677.0,174.69115604403103,18.498964592663928,2.1469471256686083,0.11166204813027668,0.045591889761326,1.4290201881467648,155.0,17.86057109949175,1.4807434997173274,0.1782268035372003,Safe
9.856554926558644,0.5840467500792271,2.942937313665847,1681.0,175.9232787325202,20.44059339195791,2.372288081854487,0.34189793251867706,0.08075458400547977,2.1100424467068004,362.0,42.44997055358225,2.886773909583236,0.3312511239401971,Safe
8.443512962280455,0.4723110292577535,2.9422773507537436,1778.0,180.67097165842662,16.530042676010517,1.9184385932882975,0.3253088907979407,0.09816898746060501,2.0947742229312096,280.0,32.12475680841802,3.0159218798984178,0.37022713331028245,Safe
8.132375717486635,0.46974626708532,2.9386077422008645,1726.0,176.34625031454453,16.44028057955732,1.908021011590206,0.5311363129550755,0.08532435605527346,2.2312681736271713,316.0,42.40283009422838,2.2612648859168547,0.2862178032815904,Safe
7.70192032308999,0.46974626708532,2.938851484579177,1636.0,171.30090484291085,16.44028057955732,1.908021011590206,0.393043301774041,0.07492913089800103,2.286878060299509,431.0,48.03123983409131,2.3020996644039347,0.2806998481927533,Safe
7.578010695810387,0.45317813020144504,2.940283240666855,1668.0,173.49927953740902,15.860425372316381,1.840724354836584,0.24111630406573023,0.09918068041226051,1.4814894923042976,206.0,22.891046284519195,3.0158224557385283,0.37295453744194296,Safe
8.048047818297281,0.5114326612762325,2.9411622116743334,1567.0,168.77499814842244,17.89922994194609,2.077343306596856,0.5002114843286921,0.1006925721620433,2.1493334666206945,282.0,30.983866769659336,3.7115418453409217,0.4160972829324285,Safe
6.946746178068254,0.44249428342557,2.9397659308067676,1566.0,168.00595227550718,15.48650981199862,1.79732857809212,0.25764482291200497,0.08153944261844964,1.6856138012505046,219.0,23.93741840717165,2.9009030220484493,0.3289918055910336,Safe
6.1948163710043405,0.4227695583224716,2.932654604239154,1460.0,159.38632312717425,14.796179653418184,1.7172104535180361,0.2521461343210312,0.06004235824177112,2.0164233354578553,179.0,29.68164415931166,0.9137697418530784,0.15989759500614817,Safe
7.065380726861657,0.4141778811066773,2.942423614395938,1699.0,176.41145087550296,14.495486291972075,1.6823126761407892,0.3604051616088413,0.05648368908775379,2.3367647414278405,381.0,43.162483709814474,2.279413813894445,0.2574523607610249,Safe
7.198778263017214,0.4517947020459234,2.936560685851655,1588.0,167.75577486334114,15.8120078570915,1.8351051297916698,0.09528559511342923,0.03342674984768708,1.7005086063132493,75.0,11.269427669584644,0.4553867169100829,0.077024634308596,Safe
8.431075890900225,0.4976245950607905,2.9412300782299203,1686.0,174.8828179095934,17.415972279779844,2.0212575379286672,0.18696510586826634,0.07514007587479805,1.5512981168343831,210.0,24.413111231467404,2.616308492241483,0.2984426648134273,Safe
9.548539983522785,0.5619176737091278,2.940252219414302,1693.0,174.85136545077364,19.66611523218829,2.282403934518485,0.4225793074482934,0.10595068654171691,2.070219291875661,313.0,38.19685850956856,3.6028046240710254,0.4111272807464987,Safe
8.411670343880898,0.4979006569185368,2.9364755549971053,1683.0,173.1790980459247,17.42563395187108,2.022378849287557,0.2882022153130704,0.06937249039032475,2.179469525306849,245.0,31.0322412983658,1.7142107294063376,0.23039444617236274,Safe
6.8469820166852084,0.44350235174825353,2.9349765422454923,1540.0,164.23763271552596,15.521790403308291,1.8014231620740921,0.17672871110960722,0.05290270317744993,1.7087541995128575,114.0,15.297058540778355,0.8739515877131253,0.1394612032615543,Safe
6.225470827597526,0.4019264665941366,2.9400125239620514,1543.0,166.79028748701165,14.066708659884906,1.6325497339961461,0.15625195978852893,0.05290270317744993,1.3599334682896846,158.0,20.54263858417414,1.221691767675708,0.17519484220133966,Safe
8.254253129098165,0.47109483979712313,2.942802997078515,1744.0,178.99161991557034,16.48747821648916,1.9134986603765245,0.38006911095638696,0.08070278552865989,2.2252970906605904,229.0,25.15949125081825,2.3582963196918216,0.2750469455951075,Safe
8.875950396522022,0.5732162744173828,2.9351131433625604,1542.0,164.46884203398528,20.06154608244848,2.3282967261455076,0.4569605569742067,0.10545836920426116,2.1333056642998165,376.0,42.09513035969837,3.566532135009765,0.41203960992407895,Safe
8.665371254370072,0.5138695077634354,2.935773937307839,1678.0,172.4818831066034,17.9845152178196,2.087241318833233,0.3717848950004797,0.08632142405049568,2.2054566751854123,418.0,45.12205669071391,3.0192150389305272,0.3495522019103753,Safe
8.199678102192076,0.5019784066588143,2.932126423516084,1626.0,168.6297719858507,17.568347911642057,2.0389419020026573,0.20406357654695392,0.05630658803031101,1.8354585134942025,188.0,20.54263858417414,1.4927478167745805,0.18426204340725522,Safe
8.046178837373489,0.4827031776950846,2.939640384800067,1662.0,172.84675293449976,16.89374931532927,1.9606495462289637,0.09180173661551871,0.03932625496799947,1.2482252837894867,133.0,14.247806848775006,1.2252451030894962,0.14245319870030873,Safe
8.066846239963807,0.5064076611156727,2.9350632879039615,1589.0,167.08381130438698,17.723363908854395,2.0569327007838862,0.18253677864207524,0.055927097806318916,1.6379372654449442,213.0,22.956480566497994,1.9825745369448806,0.2230264907461063,Safe
7.618378567992485,0.5036467475102695,2.936471081479256,1508.0,163.02760502442524,17.62673686249088,2.045718388846975,0.2942092791907826,0.07753182523409426,1.8732163322159383,260.0,29.017236257093817,2.1604527090535015,0.26921375236254624,Safe
7.6709679304246805,0.4600522390467233,2.937812948779259,1662.0,172.0232542419774,16.101006907646102,1.868645692443226,0.3940921260992346,0.09351905210494361,2.155986627909496,316.0,37.469987990390386,3.1038390331798134,0.36210642106487945,Safe
6.835032183947187,0.4378636091796781,2.9327641870533405,1554.0,164.34719346554112,15.324444481820773,1.7785196500003366,0.1380934326495196,0.05357340705122804,1.1871031656633533,102.0,12.165525060596439,1.4742548646348894,0.19260037305674343,Safe
6.689878859144153,0.43183875933189425,2.9324005790193124,1544.0,163.68872899500442,15.113585494985484,1.7540478427573007,0.06975564739013729,0.05318890135226315,0.8088761350280776,89.0,10.14889156509222,1.3054281792255367,0.17922431553423818,Safe
7.656072939132991,0.4465735083055454,2.941756160827453,1709.0,176.41145087550296,15.62927539902504,1.8138976225473065,0.16360112683679778,0.05553374126916674,1.644660439058205,142.0,17.832554500127006,1.3814672695265875,0.18863647186239288,Safe
8.317951726448255,0.5296394676302111,2.939894590911887,1566.0,167.80941570722425,18.536435654669095,2.1512959306227866,0.2464056492601504,0.05358234218311235,1.9495033934936585,218.0,24.899799195977465,1.6405363341774604,0.19798406231589488,Safe
8.924403656902177,0.5876908087483276,2.932913314188068,1513.0,162.2682963489788,20.568128938626764,2.3870895629844013,0.2891209744637594,0.06059772726459917,2.0885217501467124,196.0,22.891046284519195,2.1531672116481895,0.23570429971019052,Safe
7.432813854386266,0.5925769350430441,2.9055858166036796,1252.0,142.14781039467334,20.739134634384,2.4069360892664484,0.043751062932339935,0.024785128616407408,0.6935241652548567,138.0,14.628738838327793,0.9141501754221288,0.10269775614347156,Safe
5.497145447335836,0.3321501040279562,2.9370127506352466,1648.0,171.09646401956996,11.624660561181077,1.3491312691413158,0.27099399424086046,0.05845687809448831,2.1669381422766674,358.0,42.04759208325728,2.1217021779580545,0.24248615079218427,Safe
6.557568943487844,0.4792201621341443,2.9215670281423853,1366.0,152.0,16.771849989891052,1.9465021919238308,0.5532590672978982,0.12392066975391275,1.8270955609649366,388.0,42.04759208325728,4.744309441609816,0.5437968242273044,Safe
7.751014826696814,0.4569048388404753,2.942620336898649,1691.0,176.21861422676096,15.99085352035484,1.8558615446038695,0.5334180168929098,0.08558187329967502,2.3574808932366085,310.0,44.24929377967517,2.0256381251595235,0.27871262300292254,Safe
8.551970838399539,0.5480745834625732,2.9378610560887726,1555.0,166.1896507006378,19.18163179147123,2.226175904821405,0.5009280229002259,0.09910490037863792,2.148613979777477,345.0,40.7308237088326,3.0063940232450306,0.3601815505496433,Safe
7.877229886589963,0.5043608415645896,2.9365672874148228,1557.0,165.9487872808958,17.65172887932171,2.0486189046261605,0.132597399310002,0.05285644701120922,1.5889298606119608,97.0,10.344080432788601,1.11868733649302,0.149695049010409,Safe
7.3815918832337335,0.495835292754109,2.915307780618603,1484.0,156.73544589530474,17.35334989398417,2.0139897283973247,0.08916203734643291,0.04681195673201936,1.017738195418428,55.0,7.681145747868608,0.65606872300909,0.11070999853681021,Safe
9.92336084246205,0.5943390947792845,2.935715990071649,1662.0,172.2207885244984,20.800807078679405,2.4140936507802144,0.43217209875676693,0.0907803077418572,2.0955285935140995,322.0,34.9857113690718,3.5258797425212283,0.39382472638920885,Safe
8.237242682112592,0.5641963430738692,2.9308632526498064,1455.0,158.38244852255568,19.745864591213184,2.291659461025104,0.10897586088728335,0.0396745565240935,1.383059299863365,58.0,8.12403840463596,0.6259773698720065,0.10498585115092647,Safe
6.645185708780474,0.46680707231071583,2.931957917337542,1421.0,156.86618501130192,16.33741401060663,1.8960825550657983,0.23024427161125405,0.047515176899423625,2.0701162605647214,252.0,32.218007387174026,1.325327455997467,0.16378337180108346,Safe
7.599358095654579,0.5718730965021891,2.9177361515036617,1326.0,148.08105888330215,20.01453725376515,2.3228409900086455,0.14469232257402176,0.05579361873708492,1.3304336105355177,244.0,27.202941017470888,1.948286502048223,0.22478527142332566,Safe
8.709023925484564,0.55887951813422,2.9341498127735193,1553.0,164.73918780909418,19.559785211929167,2.2700635178306157,0.292481595576624,0.07166304516634632,2.106490064874184,158.0,18.708286933869708,1.933975631540472,0.24004853407124999,Safe
10.13549301168793,0.6173206333073652,2.9397437132724353,1633.0,171.52550830707366,21.605119891841003,2.5074403391154374,0.134736857634112,0.07291577594463562,1.190803096392888,77.0,10.723805294763608,1.269809050993486,0.19921945346163356,Safe
9.512553571271335,0.6421798982303033,2.934394015079016,1474.0,160.5739704933524,22.475149775996357,2.608413999001995,0.3527794901609167,0.06814530060223306,2.0844859130582787,202.0,22.58317958127243,2.3326928976810333,0.261090350776117,Safe
7.801675085725818,0.4893449731113709,2.9388828923837913,1589.0,168.71573726241425,17.126200295457938,1.9876272703684001,0.5446566847825822,0.11355279790132389,2.119202694636502,367.0,43.18564576337837,3.735543502099586,0.4322447174616769,Safe
6.954122108365327,0.4346429998975666,2.941735090070559,1596.0,170.61066789623678,15.211728907594777,1.765438140660157,0.17495704725902753,0.06210574150431896,1.9164339262855021,278.0,29.29163703175362,2.170958195069823,0.2519165748891338,Safe
6.441422660336826,0.3585976940104516,2.9439247414609016,1789.0,182.62803727796015,12.55027898634323,1.4565564067706867,0.3060504362799183,0.07366864509958572,2.0609398168353383,296.0,34.72751070837067,2.833196930211,0.3157074510588075,Safe
7.656040675720456,0.5354146395474163,2.9292964177534846,1427.0,156.3809451307927,18.73855635975346,2.1747535930581794,0.1765327071906073,0.1305917572299141,0.8571392708265462,135.0,14.798648586948742,4.570478321325899,0.53043916300011,Safe
7.886689283122899,0.5232276254194003,2.9284594563779875,1502.0,160.34338152851836,18.312032626132773,2.125252233166419,0.02846939537898721,0.023742584171641934,0.4495371982438277,26.0,5.0990195135927845,0.18241368760966292,0.04449488640713302,Safe
6.461831154836742,0.446742264286983,2.9221556444911103,1443.0,155.8172005909489,15.635181557048453,1.8145830776131069,0.16322138373171463,0.06572122461012898,1.3869764553376502,164.0,18.49324200890693,2.1315749817424354,0.2433574304459889,Safe
6.68680972563559,0.43712296261079614,2.932494252820648,1524.0,162.65915283192643,15.298523174391853,1.7755112828996094,0.20733092668406397,0.07839377043299056,1.5903995298443745,139.0,16.217274740226856,1.7130239473448856,0.24078136026115787,Safe
6.54541061029024,0.4748379014133756,2.934750305172017,1373.0,155.13542471015444,16.618478689530882,1.9287022728624739,0.16557629674541233,0.04733491482834253,1.7553946297257603,89.0,11.357816691600547,0.8804308392784815,0.12586698596083504,Safe
8.121275965609655,0.5810079623015917,2.9225283419500365,1394.0,153.02287410710858,20.334241245732162,2.3599450972780094,0.08153999052748029,0.044540115156736636,0.828275039814169,170.0,18.0,1.6039188967810734,0.18418746404273204,Safe
9.96826510638992,0.6080827606102019,2.9325260487794615,1633.0,170.03234986319515,21.281810842379173,2.4699178371955197,0.4905340200015602,0.11739916144327658,2.1712234733379856,366.0,41.66533331199932,4.154079171142192,0.47395893588801646,Safe
9.186618546891916,0.5609565569756854,2.9341176606491755,1630.0,169.9941175452845,19.632477862666356,2.278500059063811,0.4097933023092405,0.09276534001302329,1.9210042500743232,438.0,47.89572005931219,3.246621260739336,0.37679536867934266,Safe
7.912006621068878,0.5289152161853999,2.9334159960832857,1491.0,161.16761461286197,18.51108814730788,2.148354157433297,0.22245877931377617,0.055223835492066144,1.8105416725813224,126.0,16.06237840420901,1.4227926971936464,0.18233332446317704,Safe
7.215672342554049,0.48255903547317736,2.932200074453757,1490.0,160.5615146914104,16.888704594939647,1.960064067626307,0.36340517428584673,0.07424972370000542,2.1992924142108023,247.0,27.2213151776324,2.4576885302861537,0.27475087342180426,Safe
7.888222079709544,0.485942837352723,2.9397320969065195,1617.0,170.53152201279386,17.007131618682784,1.9738084346125357,0.0959137938904841,0.031725408013847815,1.40609813087815,120.0,15.165750888103101,0.9500669873122011,0.11934273571564737,Safe
8.343975593089247,0.530472837265817,2.93130050274497,1566.0,164.83324907311632,18.565602103869118,2.1546809213860416,0.31646336311356527,0.0696384370044285,2.0417604814274903,351.0,36.91882988394946,2.627520498603281,0.2967739181028267,Safe
7.032966555049445,0.45059090375875527,2.9344614710129133,1554.0,164.80898033784445,15.769877066515914,1.8302155274966165,0.16832064663935067,0.06524180420831756,1.5299021711265417,145.0,15.394804318340652,1.9290710091590881,0.22723246722534488,Safe
7.32085205786938,0.44736291877815443,2.9415364118318874,1628.0,172.0988088279521,15.656903356012673,1.8171040594560086,0.41125246835153617,0.057208699175838186,2.4756777727513617,375.0,46.09772228646444,1.8849314342845571,0.21481487703449378,Safe
7.574111311533008,0.45121758524926375,2.940832938442816,1673.0,174.5021489839022,15.791809799695255,1.8327609898775823,0.46416636151726576,0.08066822511288095,2.3121811409447384,348.0,40.32369030731191,2.9377130005094743,0.3256993913562168,Safe
8.18215004975994,0.5149073317611677,2.9372989030303125,1583.0,167.75875536018978,18.020837204624904,2.0914567647723614,0.43289394783121304,0.07893716975084152,2.324164960782155,411.0,48.342527861087284,2.960545380910237,0.33109200963156704,Safe
7.572619039141207,0.4568893709470718,2.938831835701293,1650.0,171.6158500838428,15.990312171704842,1.8557987169292567,0.3058557178397979,0.07923801395551228,1.9258792659921224,266.0,32.43454948045371,2.716476857662201,0.31122944505177685,Safe
6.362067457069029,0.41340423355541134,2.9287791319180885,1536.0,162.72676485446394,14.468410009085527,1.6791702652547167,0.3280703944592229,0.1102930341969458,1.5650579217258902,283.0,31.670175244226233,3.968558659457197,0.45729842708715723,Safe
8.23626270466444,0.57697986154886,2.905652888893373,1421.0,151.44966160411187,20.19326491187317,2.343583709414935,0.14085333473055847,0.08969949395864384,0.8398383722672333,73.0,11.0,1.4786144254183529,0.24981371060905044,Safe
9.835512733117943,0.6099915070855634,2.936529572698044,1607.0,168.59715300087365,21.3486135608018,2.4776708064812274,0.2858336888673037,0.09991884031708032,1.4285068961192797,251.0,28.548204847240395,3.8340516572046766,0.44054174084186737,Safe
7.907287754542478,0.48305628399190886,2.9426281868669766,1631.0,173.06357213463497,16.906107405219416,1.962083797612899,0.4782726166859224,0.1472052441227868,1.3524384894925803,235.0,25.942243542145693,5.825338384117742,0.6539141387244428,Safe
7.072342964767172,0.43412206484997196,2.935139257883034,1623.0,169.1892431568863,15.193497111098935,1.7633222004470466,0.10251458042316926,0.0424871843126195,1.1623246285423021,238.0,24.939927826679853,1.4962440175239486,0.17362909037635335,Safe
6.933075594872654,0.46511942820264257,2.927259624369061,1487.0,159.6151621870554,16.278349480243644,1.8892276620226458,0.010167547881616586,0.010167547881616586,-0.0,100.0,10.0,0.35584602091047524,0.04129866771447989,Safe
8.758292137327524,0.6459358989290487,2.9059777225478576,1353.0,148.2329248176666,22.606603093821594,2.623670167608125,0.1422968642920566,0.054572835269966875,1.281753688834338,68.0,8.94427190999916,0.9805203634079059,0.1477245628755118,Safe
9.339174480947129,0.5821530500287841,2.9291942286842203,1598.0,166.38509548634457,20.374317271540868,2.3645962283176534,0.4082484517239222,0.13335696981386533,1.6108027391573936,215.0,26.13426869074396,3.3361415152597917,0.4542038288560971,Safe
8.470155502510737,0.5101433891802843,2.941742356326085,1655.0,173.77859476932136,17.854107720683324,2.0721065257619813,0.57399894139423,0.08072685137915961,2.444237532291796,432.0,46.776062254106,3.1209308312396815,0.348888313768725,Safe
7.5639901673316015,0.5434498940691698,2.934101992788546,1388.0,155.7754794568131,19.01977592044406,2.2073912860751124,0.2798181956198893,0.039900716513202955,2.433540312077845,146.0,22.090722034374522,0.6694637404547793,0.1043421695518244,Safe
9.864310663181074,0.6148974845459284,2.9374026639573203,1599.0,169.28969253915017,21.520314011910944,2.4975979644655704,0.42543462999436094,0.09049636442343931,2.1068239132534545,396.0,45.40925015897091,3.428062075316304,0.3927025544738069,Safe
7.621865924678822,0.5785796716246365,2.9104957888641647,1315.0,146.08559134972896,20.24925540794026,2.35008183713413,0.11824015965846296,0.029690979636226963,1.5946295166304938,66.0,11.224972160321824,0.4200784166653949,0.07318227794657584,Safe
6.992414416845657,0.4726697832322782,2.927247028963676,1475.0,158.74822833657075,16.54259842453581,1.919895784477132,0.14279651518115324,0.035547368530512706,1.8759081827404094,105.0,15.0,0.6419205912435896,0.09495008292751839,Safe
7.982670301236758,0.49128697345020733,2.9409463752671754,1617.0,171.618763542918,17.194166839724843,1.995515310594896,0.32738909065304433,0.06573340504934863,2.0092646159412277,438.0,46.411205543489174,2.4847283170680807,0.2858378429576202,Safe
8.69876843820353,0.49608775237668923,2.943031296666306,1746.0,179.3042107704111,17.362185529988217,2.0150151719148437,0.3100524902802702,0.07683277760469258,1.8376530499291492,260.0,32.7414110874898,2.568351286830324,0.30430008192556324,Safe
9.08971501855785,0.5506634536323548,2.9417281816306233,1644.0,172.97398648351722,19.272237624784918,2.2366914086717538,0.5075275871743041,0.07640511353285254,2.5009944756944953,426.0,50.457903246171455,2.8658257813164676,0.3247653133843017,Safe
8.954131135709215,0.5404190298990543,2.9424456851802105,1650.0,173.89077031286047,18.913701086333305,2.1950804857025235,0.6800418452404888,0.11986951467504563,2.4569849996711226,498.0,60.149812967290266,4.153851572311286,0.4766701539469796,Safe
8.434917681509113,0.49296226853166686,2.938048867597613,1705.0,175.03428235634297,17.25279917620649,2.002320044213903,0.6395695331677811,0.1417420853251077,2.130187596675625,404.0,47.916594202843754,5.3101448218027745,0.6090594059544977,Safe
8.428885498109688,0.5420949993300901,2.936913134123838,1549.0,166.00903589865223,18.972357023846016,2.2018879584027125,0.40563905603891576,0.08655474900385199,2.157690824146968,160.0,25.25866188063018,1.8284614748424957,0.27165382979609026,Safe
10.680388711248417,0.7474591011815447,2.93515508998717,1423.0,158.02847844613325,26.15973389509952,3.0360383259835086,0.5108452606485362,0.10328325464631094,1.9797076667759843,364.0,43.3589667773576,4.181289618665522,0.46909244088646573,Safe
12.857537697576257,0.7741310599120877,2.941762339941888,1655.0,173.62891464269424,27.093204825815526,3.1443748072799096,0.9121951162081953,0.12011017318004283,2.556608909838287,618.0,66.57326790837296,4.640040994894626,0.5283865958916742,Safe
11.014016420564891,0.7347100166817873,2.9353433114179817,1495.0,162.24364394329905,25.713538702088176,2.9842539419265344,0.4553742338899537,0.13246198148573649,2.10196317815821,289.0,33.80828300875393,4.347144998685279,0.511584779570872,Safe
7.888417830747453,0.5792544426692959,2.9183694207806075,1358.0,150.1932089010685,20.272871189647248,2.352822630241888,0.08811477245463423,0.03754466553459546,1.2241031634502284,118.0,17.08800749063506,0.6758945223056908,0.1085739810825951,Safe
7.569221455242198,0.4991911512730919,2.930544094903244,1510.0,161.17692142487397,17.470798950002653,2.027620594707073,0.148262202789743,0.05839395284966155,1.4562172969270348,74.0,14.422205101855956,0.6859687331951024,0.13580598981229486,Safe
8.28989370538416,0.5304073832100796,2.9389529493167617,1558.0,166.90116836020053,18.563311328791613,2.154415059318812,0.15668777927555583,0.037259584251267776,1.8680859845003215,203.0,21.702534414210707,1.327361339872534,0.14571948103620563,Safe
6.563747018203389,0.4250829145435375,2.9283242939425977,1538.0,163.24215141929488,14.877142990478362,1.7266068715129557,0.36232908094966654,0.09842751622937083,1.7779480265653347,337.0,37.027017163147235,3.574159473481804,0.4101769251624888,Safe
6.330994166168767,0.40295847432677434,2.9292716238443215,1565.0,163.92986305124518,14.102827087797298,1.6367415553600797,0.17083017536681058,0.04292964192828686,1.7528400771143113,164.0,17.08800749063506,1.5261549353599546,0.16714549641367926,Safe
7.328999654815839,0.4745504177596828,2.923290923821754,1537.0,161.2234474262351,16.608417274976016,1.927534568316064,0.1107951717501046,0.03623613232887774,1.5574486263654534,172.0,19.131126469708992,1.301814767447385,0.14588296413032603,Safe
9.355750014602918,0.5794131255539395,2.9414321558882794,1609.0,171.1286066091815,20.27842480726916,2.3534671702825323,0.43002973230010966,0.07754918973568076,2.0840128421525215,355.0,36.6742416417845,2.8966174137712724,0.3220111786693367,Safe
9.99129081481524,0.6533651660629125,2.938099561330794,1526.0,164.75436261295178,22.866614177973577,2.6538464537978648,0.5210228394800984,0.12503912067284634,2.1741938997951054,247.0,27.440845468024488,4.096925619876746,0.4598916655987374,Safe
8.61070856201908,0.6218560978224711,2.9289560861280775,1381.0,153.68474224853944,21.7638530514457,2.5258625431828343,0.28802646295477996,0.16896477692514267,1.2361616109920608,170.0,20.049937655763422,5.913465492653124,0.6863031538114784,Safe
8.595008186599197,0.5617194149337326,2.9301311210510814,1524.0,161.80852882342143,19.65917652905589,2.281598644650971,0.4255383112416978,0.1155154501959307,1.7806930854305898,344.0,38.600518131237564,4.229699110743976,0.48916463607161087,Safe
7.6339892338453135,0.4525830588473197,2.940251530033017,1679.0,174.01436722293937,15.839598937468097,1.838307286886025,0.44424110170895253,0.05743755656325234,2.4413472431798646,364.0,49.839743177508446,1.551652917958269,0.19556706891484502,Safe
7.889781808132386,0.46897649704411704,2.9405248862979487,1674.0,174.01724052518475,16.413340002599387,1.9048943504209304,0.2915812545987343,0.08536949533002863,1.8205679712436609,340.0,40.27406113120453,2.9877799026893843,0.34675483820068653,Safe
8.314679529423566,0.5023063512870776,2.9383823081099982,1649.0,171.461365910808,17.579825388060677,2.0402739514199886,0.25095725601823593,0.09292575091845576,1.7636706372889206,187.0,21.0,2.474818020155936,0.31840157526917723,Safe
7.622436192612598,0.483074112108829,2.934597526254887,1573.0,166.5142636532979,16.906731357478133,1.9621562120716487,0.45392514094445213,0.12890803277875237,1.9151009679106985,298.0,34.17601498127012,4.428743941013258,0.5073823030593704,Safe
8.011862789022222,0.4830157387236414,2.939779332052997,1653.0,172.3629890666787,16.904688393226778,1.96191911035683,0.3966995830292096,0.10750990920237743,1.8345737652320246,366.0,40.52159917870962,3.762654854793741,0.43668503633906136,Safe
9.776153069528352,0.6157851393224163,2.9405573041187916,1582.0,169.1389960949278,21.55138034411151,2.501203451263978,0.1664583459910483,0.04715330405810909,1.6682497464828079,286.0,32.83291031876401,1.6790952712598473,0.18995715833646998,Safe
11.463945323774087,0.7323556937239688,2.93509312320042,1560.0,165.4267209370965,25.631141602390947,2.9746911247498073,0.14005659070630852,0.04686767486575076,1.675138912374567,73.0,13.152946437965905,0.4840291563910667,0.09753122737674665,Safe
7.95378219799124,0.5177047866842297,2.924423484341331,1531.0,161.5704180844996,18.118743131859134,2.1028195006708237,0.012249644344903263,0.009710085987879343,0.5103800051878211,11.0,3.3166247903554,0.028758992450405918,0.011342866547682805,Safe
6.512922154657526,0.506219348996526,2.9263664690402775,1285.0,147.7734752924218,17.716773320930173,2.0561678123638076,0.034191462267068734,0.03307794252941092,0.14355572740545883,104.0,10.583005244258363,1.1576689252949728,0.13435638298499997,Safe
6.810558330880457,0.4239496279339281,2.938115786838046,1602.0,169.29264603047588,14.837479982713257,1.722003674393997,0.2344018474826112,0.04422245435951003,2.1918804276557906,185.0,22.869193252058544,1.2052717895218819,0.15122287231365877,Safe
8.042000082710755,0.5409122323203288,2.927051171301441,1481.0,158.76082640248507,18.9309622904267,2.197083781202023,0.29437377834052064,0.07774230659555767,2.0647319860918927,111.0,14.38749456993816,1.4711056670757259,0.2087028285734816,Safe
9.805006169816183,0.6400009904559871,2.928610003404942,1527.0,162.92636373527768,22.398891894504278,2.599563685317741,0.6844989587642129,0.11580145870992561,2.2521745848810353,540.0,60.332412515993425,4.312890731927119,0.4974886690872349,Safe
11.079012592940089,0.6581659028425458,2.941087462473344,1677.0,174.35309002137015,23.03463139317253,2.673346143925239,0.4224757947883507,0.12276087277658997,2.1738479350061253,342.0,39.7994974842648,4.296411348111702,0.49863158277390324,Safe
9.405885166046325,0.6593401983357564,2.933625502621525,1422.0,157.48650735856708,23.075729638639125,2.678115911418579,0.23528739491667358,0.05871511183531456,1.789058033648497,202.0,22.22611077089287,1.754740673484223,0.21627531750390408,Safe
6.766987656459744,0.4954542852435705,2.923235362990697,1363.0,151.4562643141577,17.34001531143381,2.012442147529484,0.03155751604280467,0.026118886710958904,0.459577596755262,17.0,4.123105625617661,0.12691818975438973,0.03888812766876525,Safe
5.599687718238477,0.44603398649775744,2.922061562348865,1253.0,145.6193668438371,15.610393099110533,1.8117061864091166,0.05795937669466572,0.055834964795474104,0.18238648761941972,101.0,10.246950765959598,1.9087032007448599,0.22410636767851863,Safe
8.393843702100488,0.5441869160090798,2.9254082312961547,1539.0,161.74980680050285,19.04557037233102,2.210384930614486,0.036019160352743655,0.021357578308107462,0.9472124617881976,44.0,6.6332495807108,0.24421782927079627,0.046476301630201146,Safe
10.48711304204631,0.6411395454216604,2.9405659916909066,1628.0,171.48177745754796,22.438739285324562,2.604188281508434,0.85119480224662,0.1161360625402536,2.2950263678545215,434.0,54.147945482723536,3.807003568519245,0.4732817705783806,Safe
9.27743969492998,0.6195567343551107,2.9380188079510074,1494.0,163.06440445419105,21.68337943578007,2.516522961122442,0.3253272246770429,0.06503090137836905,2.130356915578043,230.0,29.120439557122072,1.826596702590133,0.2284883178174916,Safe
8.495570010015959,0.5161338893465317,2.9399640916751566,1641.0,171.84586116633707,18.063764529998856,2.096438811057308,0.3785852468608639,0.06430133943064548,2.301736429937137,310.0,37.841775856849004,1.8996044288982046,0.22859854020662232,Safe
8.543885977037089,0.5633552605649859,2.940016221867554,1512.0,165.17263695903145,19.716428205220392,2.28824314202083,0.3753655648094197,0.0963571365899702,1.823804432536106,262.0,30.430248109405877,2.7948066821002007,0.346097749026639,Safe
8.734030683303866,0.5181652831510598,2.939106890274713,1678.0,173.4358671094304,18.13485968594599,2.104689950732995,0.23282538676090972,0.08742036097856873,1.813050406996698,217.0,25.709920264364882,2.6001478367381625,0.3218325557483284,Safe
8.336421655577487,0.5510598025957513,2.9354048265072743,1507.0,162.71754668750387,19.286109130791942,2.238301303636486,0.42880937030147676,0.07737229941248053,2.176413964765216,307.0,35.79106033634656,2.7420772693373947,0.30430379910204136,Safe
8.242066009603027,0.5084610555751234,2.938278999427028,1614.0,169.82932608945958,17.79522904843995,2.0652732029831373,0.18910582859783168,0.04906757177062538,1.6926963821095535,136.0,15.620499351813308,1.357843283450965,0.16370198234165087,Safe
8.017171964308867,0.5464320364824066,2.932372972710942,1463.0,159.39573394542276,19.12414558006055,2.2195041878322996,0.2416554465518816,0.04405711227280179,2.032526188612044,89.0,11.090536506409418,0.9750776917043363,0.1343672601180071,Safe
7.911679645818131,0.562531711145083,2.919541405475358,1402.0,152.47950681976906,19.68760544603521,2.2848980391272877,0.16598625914087778,0.04775861709642255,1.4969349347006573,56.0,9.16515138991168,0.6882876223988004,0.11972773156516983,Safe
8.995309491788177,0.5363083213232414,2.942078235423236,1671.0,174.7312221670758,18.769833626169145,2.1783835603946513,0.5572722059194085,0.10122303239740142,2.365347542052132,469.0,52.009614495783374,3.34131891498662,0.3891543196170834,Safe
8.271014214254523,0.4731706563799817,2.943042787767428,1739.0,179.0446871593793,16.56012809035754,1.9219302370250775,0.4647957404060789,0.076942780879306,2.3829955389186908,348.0,39.7994974842648,2.2272033239855915,0.261049081728158,Safe
8.270175386602034,0.5220065047774941,2.9387080287143976,1578.0,167.89877903070052,18.26929558407177,2.120292270723503,0.08340743309130098,0.04501928267745699,0.6899834878014643,65.0,8.06225774829855,0.9405600542973988,0.13685700858229916,Safe
9.01879337860366,0.5678254396117484,2.9370668859323774,1581.0,167.20346886353764,19.87287649000534,2.306400168791292,0.4059619430453577,0.08312374265397415,1.9994456491333747,359.0,38.379682124790975,3.033215769011565,0.3396959799515964,Safe
6.93800490061367,0.4644103074764468,2.9179911505984197,1487.0,157.14642853084507,16.2535315210169,1.8863473469671777,0.35829754522878127,0.11475457313976352,1.7522976594995316,121.0,18.303005217723125,1.7575670339242375,0.2969874494267873,Safe
5.514372107654269,0.458820792426932,2.926616109781663,1200.0,143.47125147568764,16.05790847479695,1.8636437878197099,0.14194184031362508,0.03668663999261069,2.038206627323957,57.0,13.30413469565007,0.28260508691421654,0.06422908593624597,Safe
7.778064969099045,0.5367994585489388,2.9202837277070897,1444.0,155.3512149936395,18.78702255210491,2.1803784674580315,0.1441070714355995,0.05299919838711562,1.736675390297169,49.0,9.327379053088816,0.462109703909267,0.10057597671896774,Safe
8.5508482992363,0.5210864390745014,2.9418188928491835,1634.0,172.62097207465843,18.23709492731576,2.116555136835784,0.4063817678033747,0.08047392814124574,2.0479925947281203,272.0,29.631064780058107,2.61998175731813,0.3048497017652526,Safe
8.90499988005049,0.5704177658231079,2.937500486944484,1556.0,166.0963575759565,19.963603278603216,2.3169297104326985,0.16238080698501334,0.04970474782641308,1.821928139496496,77.0,12.041594578792296,0.6787450421940194,0.1152988144682278,Safe
6.923139791437575,0.5067656143000757,2.9275776380726057,1362.0,152.73506473629428,17.7358916311553,2.0583866393138175,0.21408363153220664,0.061251635619245695,1.7556940133627577,272.0,30.066592756745816,2.0550818461360345,0.23520455308595842,Safe
7.349304236260751,0.5152513764855621,2.9243952121647,1422.0,154.7384890710776,18.03287815566015,2.0928542097529133,0.1576921176021462,0.07434084518648597,1.045815230007574,188.0,20.0,2.5335715545548334,0.29254682861918935,Safe
10.582956155671843,0.6603299749261862,2.9377517615766906,1599.0,168.40130640823426,23.110370051981224,2.6821361978234886,0.4286834355181262,0.12252451325014088,1.9884232292216508,259.0,28.231188426986208,4.242412201683932,0.4788800019869297,Safe
10.051619181571006,0.6224326667101001,2.927134470248372,1610.0,167.5768480429203,21.784031933004204,2.528204457593462,0.09367874651395139,0.0476621008133326,1.0307347505500875,62.0,7.874007874011811,0.7769618010280108,0.12093382748653793,Safe
6.771829128168463,0.4848036080374735,2.928663481637367,1395.0,154.58007633585902,16.96726062683144,1.9691810993406607,0.09790253508431915,0.04521686710327606,1.048553827136835,95.0,11.789826122551595,1.1857095541376057,0.15948280228003234,Safe
7.397138043334916,0.5031157815127293,2.935933247919322,1465.0,160.682917573711,17.608154000657976,2.043561704801282,0.30137259971054264,0.05989282122325447,2.0744007294733895,298.0,32.341923257592455,2.4329820413782137,0.26912588755365197,Safe
7.673288051214933,0.4934196461317071,2.933380396632022,1550.0,164.35936237403698,17.268806575524685,2.0041778260256082,0.32396284689704824,0.09705003077948929,1.9490580593423354,332.0,37.12142238654117,3.3965777869176383,0.39419897693217587,Safe
8.33389436195338,0.5332939787177422,2.940482069781565,1556.0,167.70807970995315,18.664337017319422,2.166139867511022,0.5513576543741777,0.08356472512994363,2.4879247760437786,402.0,48.062459362791664,3.2470369140307103,0.360600658951245,Safe
6.772880586671689,0.4115093533932101,2.9400191780618354,1641.0,171.8865905182833,14.402092586864127,1.6714736183258148,0.3525755415609725,0.06720142192983158,2.030130917194837,369.0,39.761790704142086,2.5781176559852828,0.28639689705032684,Safe
6.970858832643246,0.4237948647061961,2.9401955562510227,1638.0,171.88949938841523,14.832063546084395,1.7213750552627236,0.6561157536904304,0.08546204980935855,2.5944742494713418,687.0,77.51773990513398,3.2323360316681136,0.37172868967005607,Safe
6.9241750866243965,0.40096682500039205,2.9423823397534363,1718.0,177.31892172015935,14.033122917618414,1.6286518502815577,0.28385379851165593,0.06259932324723004,2.2136003302911345,236.0,30.854497241083024,1.3172286592348659,0.18956739890108512,Safe
6.291459579328578,0.44080529061834445,2.9341832604437927,1425.0,158.0601151461051,15.427398079573504,1.7904682068866034,0.3044225353296092,0.07446490443507778,1.8313763941436556,377.0,39.786932528155525,2.691724051128734,0.3100013938122108,Safe
7.596106276631145,0.551118934624212,2.9290252389436797,1375.0,153.33949262991578,19.288178646203242,2.2385414868176343,0.12264168148900116,0.03491668308939569,1.6933170591186029,56.0,8.602325267042627,0.42892452502491496,0.075094241843987,Safe
9.16586008603539,0.5782267339152063,2.936735742416397,1579.0,167.089796217483,20.23690321830788,2.3486482705204894,0.11199269015684464,0.04899196032439684,1.5767874593979758,80.0,12.884098726725126,0.6771602004465431,0.12012122691097792,Safe
8.228867976872932,0.5236020158747225,2.936867432059497,1567.0,166.57430774282088,18.325135623565828,2.1267729368001618,0.19166734546292977,0.04754168726713698,1.8324901621263314,189.0,24.269322199023193,1.2491528181114582,0.16032070218300046,Safe
8.65068379416045,0.5941593384703856,2.9318173308523994,1452.0,158.56859714331839,20.794515928836784,2.4133635144526324,0.2771038121352422,0.05984940996928825,2.145683965464504,177.0,25.39685019840059,1.0944215528892747,0.16441541431708073,Safe
11.305579762753009,0.7224001023435135,2.937023137817246,1559.0,166.0873264279969,25.282713680556327,2.934253384489351,0.1953756780760093,0.08686162020785981,1.0822267274255786,135.0,14.317821063276353,3.0707095813269567,0.344217687373194,Safe
11.534996860315388,0.711043465424859,2.9350669717368674,1615.0,168.52596239155557,24.88525166656032,2.888124860688101,0.3974568776032533,0.09130785984466806,1.9520469997701795,372.0,39.293765408777,3.0269417997562518,0.35657958306806714,Safe
8.646178822890242,0.5477917359622165,2.9388602670635615,1572.0,167.5231327309754,19.17173263400492,2.2250270314581218,0.21662367457798842,0.056983044948910856,1.6641713206522395,352.0,37.92097045171708,2.105076154675147,0.2430111963431498,Safe
8.090533738204446,0.4927160044958177,2.941784538735308,1636.0,172.68468374467957,17.244180374675324,2.001319766004744,0.3702664283423292,0.06474523003916222,2.3471911204312375,483.0,57.0350769263968,2.1143386436231224,0.2498825633595898,Safe
6.404351282837585,0.4278883773678167,2.9346393314461285,1492.0,161.77762515255316,14.975329179956457,1.7380021340004541,0.3596269621979361,0.06424469406624683,2.263382790760333,382.0,42.89522117905443,2.338565421224845,0.26426125414559926,Safe
8.308552916010054,0.5662635616996317,2.9284547034488706,1461.0,158.00949338568236,19.81821355193552,2.300056114388586,0.24851678490206108,0.07186151467598412,1.8585115750010102,338.0,37.76241517699841,2.5319359037611218,0.2929309766938803,Safe
10.017559617866352,0.6781350796670075,2.9306859911226724,1471.0,159.37063719518724,23.73351692551314,2.754457185427805,0.05726226782029553,0.027139282986831905,1.2054649390092003,120.0,12.727922061357855,0.7851814862453554,0.09293618055391015,Safe
8.902362330270677,0.6345967950993747,2.931802276845296,1399.0,155.59241626763176,22.209754706633213,2.577612859917607,0.1173299141711732,0.039938480089468716,1.3299762030697928,182.0,20.591260281974,1.3344660112352078,0.15692444128238367,Safe
9.418947949539549,0.6373687090322392,2.9303778668639606,1472.0,159.14144651849813,22.306766744815945,2.5888718531163,0.009520340875883299,0.009520340875883299,-0.0,100.0,10.0,0.3331949313481648,0.03866983455003618,Safe
9.672147122870625,0.6386740390774701,2.9317227969829722,1511.0,161.63848551629033,22.352450965630887,2.5941738583218212,0.08044552116534939,0.05417749783093469,0.8579186792291149,147.0,16.941074346097416,1.8961156859542383,0.22005880931892702,Safe
8.123012563282273,0.5227983176204684,2.9406124843227284,1548.0,167.45745728393226,18.297007619732558,2.1235084656089156,0.42931841993779135,0.09530772220889744,2.0295167966505216,254.0,27.964262908219126,3.691115140914917,0.40731683645814354,Safe
8.493101426951826,0.49403890977687764,2.9410103560791527,1712.0,176.21577681921673,17.290479697362343,2.0066931585135714,0.2785793733016086,0.07316385229497074,1.9176095462178362,225.0,25.942243542145693,2.2487563611281036,0.25835313749572075,Safe
8.02470457551528,0.48763225162843366,2.9382437753219954,1638.0,170.9912278451734,17.06625810175231,1.9806705177437909,0.33334001492854004,0.1024369880750607,1.7037633601913864,311.0,35.02855977627399,3.592907777940385,0.4149677008450996,Safe
7.689034493140239,0.505501377432143,2.9305875353140283,1517.0,161.76217110313524,17.691645598170737,2.0532515468678256,0.08291933043869631,0.0630089063210589,0.6003296537483297,51.0,7.14142842854285,0.9416554841128262,0.16234197067223144,Safe
8.99352596359974,0.5596562002585788,2.936691054587553,1603.0,168.49629076036067,19.586967699455492,2.273218254582007,0.11766156772210541,0.06186095260816769,1.1695891497883855,190.0,19.595917942265423,2.1650228837523793,0.2512675579217147,Safe
10.397703644845967,0.7435422259620332,2.9292606497031963,1396.0,154.70617311536085,26.022650256301418,3.0201287153228935,0.3932834123700076,0.12952662207434676,1.4581157568772167,139.0,15.652475842498529,3.3219894405567287,0.42702413096434694,Safe
10.613156353531778,0.6201953012568993,2.94146278062674,1702.0,176.01704462920628,21.705728137131892,2.5191166998092407,0.20753521245879628,0.0971796744855088,1.421623713763606,213.0,23.130067012440755,3.4011150851394194,0.3947255652894192,Safe
9.679382598795035,0.5935256184561758,2.935717267323983,1625.0,169.30741271426953,20.772336859895724,2.4107894629118287,0.3608477878119027,0.05544253548898917,2.38164893214802,284.0,31.906112267087632,2.01617075337304,0.22012520597194327,Safe
8.03533774070582,0.533790257858958,2.9256791020567308,1500.0,160.2934808406131,18.681705901117038,2.1681556600684146,0.1427971052370324,0.06286940025248786,1.4041332504477841,153.0,17.175564037317667,1.8922447225060124,0.22422282783664563,Safe
8.90116447468915,0.562518350594105,2.9399952696623974,1576.0,168.4102134669985,19.687137850607286,2.284843771081369,0.18802290747219277,0.04813932957902145,1.937528758965885,101.0,13.45362404707371,0.857592117304754,0.1334972700509066,Safe
9.861044451008873,0.5902236236095898,2.940973360460446,1664.0,173.45316370709415,20.656772936233367,2.3973773807114944,0.6562451445153589,0.08953276102593474,2.4087980125064403,602.0,70.6257743320383,3.54176877303557,0.40356846878745406,Safe
9.144707699659259,0.5612979464486236,2.9324039443274392,1623.0,168.98816526609193,19.644425884641787,2.2798867189122083,0.36766394474047853,0.09233489424918152,2.1558184079974745,344.0,39.4715087119811,3.2443836289222796,0.3702337115378301,Safe
9.459436762103449,0.6390311914717515,2.9234442128975773,1477.0,158.08541994757138,22.364950661707404,2.595624544192849,0.3829208510203311,0.16007082251182828,1.4524780050153658,213.0,22.38302928559939,5.817578445781361,0.6651543653551828,Safe
9.79474905988148,0.646956737746831,2.9353046379922594,1509.0,162.76056033326992,22.642330629657014,2.6278166229399815,0.2167861085321494,0.11142488781370587,1.3605948921573758,93.0,10.816653826391969,2.2957774388669723,0.3252799918969737,Safe
8.695085773021193,0.5883010108210683,2.935731880814714,1473.0,160.9192344003662,20.58948492160951,2.3895680890689817,0.48936903896187056,0.10727215882992748,2.1308536043314628,269.0,33.8673884437522,2.476118949326602,0.3410261945578903,Safe
7.139294645546152,0.4201433881917578,2.9394493090888902,1693.0,174.66253175767264,14.704268388073851,1.706543444239807,0.5288458003259024,0.17508508938480363,1.6257083086405935,302.0,32.0,6.127665500448208,0.7111627122343439,Safe
8.437698804528377,0.5307955135380165,2.9391880884038306,1583.0,168.4606779043703,18.576895197232567,2.1559915717316382,0.4527729725467098,0.08804286993107463,2.2246662558381014,425.0,47.57099956906519,3.2224874550646003,0.3674994813942982,Safe
7.479888428131357,0.504975721937515,2.9353195601011883,1478.0,161.0527863776346,17.67324859445745,2.051116433086441,0.16866696729356467,0.09152419961807448,1.4442379672437786,100.0,12.806248474865697,1.8100234239992465,0.2742467556611916,Safe
7.099068829316961,0.47222656697333765,2.9342813481652583,1497.0,161.61373703989398,16.52708664686993,1.9180955233702495,0.14078990372354958,0.048441522482844564,1.643541124228133,73.0,9.433981132056603,0.7920561179970251,0.12144626863372948,Safe
6.950748210995181,0.4390352072745839,2.9400312488658127,1576.0,168.6238417306402,15.365448323163118,1.7832784611689485,0.25602094698572875,0.0899117454877447,1.8092575469875554,260.0,27.712812921102035,3.0830449209068758,0.3576550811939163,Safe
7.281304026184516,0.4384375649626994,2.941575178978108,1654.0,173.5453831134669,15.344531909383907,1.7808509504713832,0.5116844465492366,0.08275988891077961,2.2486137713074026,594.0,65.25335240430181,2.904898857829547,0.3356733686085171,Safe
6.986453250885973,0.4127157647849859,2.9409316957677456,1686.0,174.6539435569664,14.444314831435076,1.6763738345604482,0.60454714578232,0.09044068843655642,2.3389405406597192,404.0,47.265209192385896,3.149359792169898,0.3624320942296721,Safe
8.295716650754152,0.49897797251332376,2.9379784681012073,1657.0,171.87495454544853,17.463338074057994,2.0267547026684074,0.5488568711177839,0.07135229645227549,2.360576668953961,540.0,59.21148537234985,2.9420202211900195,0.3284395324164529,Safe
10.601119803652946,0.6156826381868379,2.9417704771602797,1716.0,176.80497730550462,21.547792987390004,2.500787110924311,0.463347279663305,0.11007340696935554,2.211642862445834,260.0,31.906112267087632,3.08124559395241,0.38937708646948155,Safe
9.898497067826321,0.6495783981647542,2.9350852775302565,1519.0,163.1349134918703,22.73408406310611,2.6384653146128056,0.2354778143782458,0.13806738589713988,0.9958239770671695,136.0,15.165750888103101,4.61429524602312,0.5303500582481103,Safe
8.038263406342052,0.5451000274820683,2.9287232020112777,1470.0,158.88989898668825,19.077527643454196,2.214093817727515,0.31848540031772393,0.08882718063501387,1.812225426833332,269.0,29.478805945967352,3.535156027837233,0.39711414051194166,Safe
7.724942828354823,0.47671406837483804,2.9373879055349,1613.0,169.66732154425023,16.684141183140298,1.936322910288575,0.2629041595502854,0.10377397040352328,1.312239651326628,235.0,24.677925358506133,3.53113311649573,0.4109002252852988,Safe
8.187833889456423,0.5080225176163676,2.9389380868213597,1605.0,169.28969253915017,17.779881002927066,2.063491944251955,0.3851480590830408,0.09310710880759814,2.045126717420996,324.0,38.67815921162743,3.244908849398294,0.3677282318897802,Safe
7.7656661881306865,0.4806177516307656,2.9376567231047033,1610.0,169.1862878604528,16.82076312676825,1.952178937673567,0.49846163147221684,0.0802827078895518,2.182171038168403,489.0,57.0,3.1199355522791543,0.3522200281153798,Safe
8.398038746520172,0.5071966922666451,2.940920815376456,1650.0,172.78310102553434,17.750978590262058,2.0601375969594233,0.3434103721774905,0.05116534686155811,2.5619717292122566,270.0,38.1051177665153,1.3890321724342574,0.1782635879246088,Safe
9.445455619854597,0.5595422773270539,2.9421383531083793,1681.0,175.31970796233946,19.58298060027036,2.27275552105482,0.36703157342542103,0.12653701966892353,1.742717003576435,237.0,26.77685567799177,4.16892830410389,0.4830098379154442,Safe
9.336845382878145,0.612336937058346,2.9367976903924338,1520.0,164.0,21.430699421901895,2.4871975020248667,0.2985273081144207,0.09814875697331979,1.9495911712236176,132.0,16.3707055437449,2.075221338055351,0.28550130754810854,Safe
8.130708830701455,0.5730205444528982,2.936288139739083,1416.0,158.29718885690926,20.054695883182568,2.3275017078324263,0.2940498798097144,0.08605952353384899,1.796489189166583,160.0,17.72004514666935,2.6393715197389778,0.3020872002667752,Safe
8.848085239436712,0.6154137834401868,2.932468513519446,1432.0,157.48650735856708,21.538383551318237,2.4996950734955545,0.3209697884500471,0.08241205097001919,2.019406645179858,102.0,13.038404810405298,1.5517549906114134,0.21694139403039792,Safe
9.320547660174316,0.595224979388135,2.935078082499358,1558.0,165.45694303957148,20.831811458173426,2.4176919474905194,0.11923575251398731,0.08093665839104684,0.7175875792039901,97.0,12.36931687685298,1.887298657436563,0.26789303252950286,Safe
5.738294330915465,0.5129774275678538,2.8888972706050122,1117.0,131.51805959639154,17.95329400385269,2.083617856814568,0.09820597132017332,0.05309706336935792,0.9321825582551801,183.0,19.621416870348583,1.8583024089986628,0.21567028768760943,Safe
5.425306291562987,0.4858629690747948,2.894513625585988,1115.0,132.75918047351755,17.004336371566307,1.9734840246850398,0.11723740183869177,0.036288836962940614,1.5058489777570498,129.0,14.035668847618199,1.1675373893795589,0.13586542673928417,Safe
8.74476068087886,0.6292658509654743,2.920507268930686,1388.0,152.0986521965267,22.02318118076132,2.55595956721087,0.04081349081140338,0.02414259991085883,0.8526784238835774,15.0,3.872983346207417,0.09602317725769205,0.03114385952379136,Safe
8.67401816503084,0.5693764857837977,2.937397770288887,1519.0,164.26502975374888,19.92716033651371,2.3127002267025123,0.29224603684029665,0.06633930814354125,1.9214386237068681,326.0,34.87119154832539,2.482656640235824,0.2793466429157058,Safe
6.710354324986352,0.430268999959106,2.9379644261545557,1553.0,166.27387046676938,15.058646719865123,1.7476717753432802,0.16777581432865035,0.0434547916607326,1.616821352990275,104.0,11.661903789690601,1.239951286051009,0.15256410381793775,Safe
7.115613195378275,0.4148647904437079,2.9427895347534156,1707.0,177.25405496066938,14.519526892238193,1.6851027727098242,0.5361314310000411,0.07960582950246685,2.4471064068733006,462.0,51.84592558726288,2.625914851824442,0.29964102518602337,Safe
6.798764546849048,0.4284725326881777,2.928922501124887,1579.0,165.19382555047267,14.995773573114416,1.7403748630743787,0.16985774220454297,0.0493810178830009,2.016639498203521,214.0,26.076809620810597,1.5301358103752136,0.17854634805893432,Safe
6.75501413719286,0.5015292476942337,2.9149879489140225,1344.0,148.71449156017042,17.552628149889934,2.0371175027428583,0.09088559056943742,0.024158109951110836,1.8278323122571432,56.0,12.727922061357855,0.16874302396870644,0.04106093872731577,Safe
8.193554607645352,0.5573522427847307,2.9322028041501293,1467.0,159.3518120386461,19.50633330176575,2.2638600125310617,0.13490228401451726,0.029267656689783542,1.8821363377905636,97.0,12.12435565298214,0.6263867839418269,0.08647373963983382,Safe
8.873102850069506,0.5740161373084225,2.935669119408273,1542.0,164.69365500832143,20.089539855417577,2.331545618812531,0.14105247858977246,0.046049478095608776,1.7383019093267857,100.0,15.811388300841896,0.5826265739672113,0.10776398388270003,Safe
8.500629275564357,0.49971436225050614,2.9397853456721204,1696.0,174.8999714122332,17.48911039997833,2.0297457793191733,0.31364719498976434,0.06593608924383752,2.4288613609512373,296.0,32.18695387886216,1.9962774659648086,0.231972157041792,Safe
7.886840379574811,0.5203448652749522,2.9286647116387363,1510.0,160.81044742180154,18.21114116846913,2.1135430034984313,0.41454552806623784,0.07557448344239984,2.2172316227311275,315.0,36.53765181289022,2.402498003208276,0.28345384848303856,Safe
9.258761602515952,0.6050002665506607,2.9321991523923225,1525.0,162.4776907763032,21.173929054327687,2.4573973259199327,0.3719489726817326,0.06698305910769664,2.1520224771580803,187.0,24.020824298928627,1.6829404186720798,0.2189591925736022,Safe
10.502061349101366,0.6311052237281868,2.9367202750957846,1656.0,171.4467847467546,22.087555943113387,2.563430753519977,0.40244925610306576,0.13393029339415902,1.725529910504809,298.0,33.406586176980134,4.687321125858959,0.5439996691619952,Safe
9.771561802585818,0.5696946523432065,2.9387559461796973,1707.0,175.37103523672317,19.938295597981927,2.313992559442704,0.5559597109099308,0.16033942437738818,2.1268163224558623,342.0,39.89987468652001,5.611593554718326,0.6512685935677044,Safe
9.220123099821954,0.553403251666654,2.9408542051279114,1659.0,173.32339715110595,19.36812566386329,2.247819953129153,0.3916409075366895,0.05107624842380608,2.431347753071665,288.0,32.2490309931942,1.994773203676397,0.21667560524894752,Safe
8.057145531649722,0.5002713328535776,2.933183370031523,1606.0,167.97618878876852,17.50860337657158,2.032008089182948,0.4204904253423965,0.13652510626958073,1.6982099516321523,180.0,25.337718918639855,3.2039833761224843,0.44766184825845556,Safe
8.032651300581737,0.5425403650783047,2.927151468553214,1477.0,159.34553649224065,18.98794402979841,2.203696950330863,0.11261519910935054,0.04012405266346218,1.4421289825539245,190.0,20.54263858417414,1.2143478279161926,0.1436984598847041,Safe
7.98845461902009,0.5468194081670702,2.9240530390552704,1456.0,156.7801007781281,19.137702897341565,2.2210776187787964,0.0,0.0,0.0,0.0,0.0,0.0,0.0,Safe
8.910734886021064,0.6073419876007745,2.9353150942132658,1460.0,160.1499297533408,21.25588510975694,2.466908956517071,0.3278190728015525,0.06370260130069971,1.9979602319309502,168.0,19.849433241279208,1.7546144254279858,0.2192231831309819,Safe
8.091952232537928,0.5127543021518371,2.931830465425663,1573.0,165.1151113617406,17.945485012699855,2.082711563328467,0.29487456719452704,0.08303519212525276,2.1109556761389747,329.0,38.691084244306204,2.8862413505111073,0.3327654285884246,Safe
7.989946090621769,0.5048945892541316,2.934400041952733,1577.0,166.35804759614126,17.670409095407738,2.050786887381729,0.214244611420094,0.09146869221858564,1.1131512151649574,222.0,23.49468024894146,3.3011256191465588,0.3811639775829548,Safe
9.900228376069451,0.6178870869513516,2.938546243212521,1596.0,168.8431224539513,21.62494475793357,2.5097411673083343,0.4873302273120046,0.10989145902433402,1.8404356486921083,425.0,43.94314508543966,3.940833045376672,0.45523557483087773,Safe
8.536466319384685,0.6246608441503255,2.9310153077864265,1363.0,153.89931773727915,21.862014164828288,2.537254895396577,0.023082859551900908,0.022106864980934136,0.1751305516905069,100.0,10.0,0.7431890386523619,0.08792335376643169,Safe
6.858463956184486,0.4251422573062409,2.9401233917482092,1607.0,170.09115203325538,14.87921988121187,1.7268479106569736,0.13390711262747804,0.04388978928421354,1.5444530399081615,110.0,11.916375287812984,1.2120650543106926,0.14561606288945428,Safe
6.859173898774228,0.44053576152211726,2.9363754567338813,1553.0,165.85234396896536,15.41796504247068,1.7893734303766644,0.2580451336791615,0.1062145258133951,1.6441486893949826,209.0,22.293496809607955,3.325277436863292,0.4015998598145733,Safe
8.038259086290081,0.5028319224880085,2.934898638543519,1592.0,167.27821137255145,17.598219441645078,2.0424087228162255,0.204810502996264,0.09541178277787084,1.4360919299793475,161.0,18.083141320025124,2.79991995565819,0.34265684706017613,Safe
8.742594585746492,0.5395177195436489,2.93999637784441,1614.0,170.34083479894068,18.882156833253724,2.1914195325101797,0.5941630473930545,0.08811506748257379,2.2768832780437434,519.0,57.7148161220323,3.5962066355377735,0.40819843006305845,Safe
7.716146401748963,0.4973725990535438,2.9374765716027125,1547.0,165.59287424282482,17.407152869484644,2.020233977529461,0.49601150872773303,0.08806238392193518,2.087301944817602,266.0,33.2264954516723,2.987722877300147,0.34909056841511377,Safe
8.504562735568758,0.5296518588036733,2.9377642952797682,1600.0,168.64163187066237,18.53686932361487,2.1513462612395062,0.45185463486450594,0.08280646117838414,2.027538213270769,245.0,28.61817604250837,2.285178535514408,0.2744839855959074,Safe
8.867036864897575,0.5265895109377202,2.941013306010225,1677.0,174.61099621730585,18.42969261636638,2.1389075800142323,0.6607165036738796,0.15673426724946335,1.8692966526968395,295.0,36.91882988394946,4.061262410096448,0.5497907124239314,Safe
10.69915889452644,0.6471542378789531,2.9398234416545526,1647.0,172.11333475358614,22.649242781629464,2.6286188313411656,0.43620352911053095,0.07441940691211027,2.331387895100582,317.0,36.91882988394946,2.9333411750167313,0.3241524317720034,Safe
9.93420556375869,0.6204493203128745,2.939009750858919,1596.0,168.8431224539513,21.714618350520283,2.520148477451993,0.043008414388153726,0.030936461156572392,0.7861949205038476,52.0,7.211102550927978,0.4354112605855921,0.07734902025662498,Safe
9.632012533495034,0.5912515430979219,2.9366555600366135,1624.0,169.5582495781317,20.69274828289494,2.4015525963957622,0.43293095276420557,0.0729215079160331,2.288090232373341,286.0,37.44329045369811,2.2817772488401395,0.28054651100565225,Safe
8.37141175847699,0.5148771546176338,2.940811284853649,1617.0,171.0,18.019781058484856,2.091334190889466,0.1278750978154474,0.07085222409469373,0.8461624256000426,105.0,13.0,1.7443575913255867,0.2397157724686236,Safe
7.3665206548949955,0.47004074711586563,2.9328684296943694,1562.0,164.99090884045702,16.450586854809462,1.9092171341038795,0.14784621339494047,0.06324627737187226,1.2789991793207711,227.0,23.345235059857504,2.2095548239621245,0.25569874931945274,Safe
7.859779869047846,0.48371811595407543,2.9424482187839494,1617.0,172.22369175000284,16.929270342142896,1.9647720346004778,0.2799918406357542,0.06854910955781593,1.9825004093105816,219.0,30.14962686336267,1.4203453226522964,0.21437775761074188,Safe
6.778683912683699,0.4447070351192404,2.933558794381782,1519.0,162.70525498581785,15.56395217023715,1.8063163594131968,0.1337077580340215,0.07442897424672225,1.2268146821381043,84.0,11.575836902790225,1.2846144841174887,0.20702741384974585,Safe
6.031843442944597,0.3645594078791661,2.940197378908973,1646.0,172.19756095833645,12.758928326645284,1.4807717675380558,0.16444463278947055,0.03430563807968475,1.9597619165687727,138.0,20.54263858417414,0.7211876740359292,0.10583976960154512,Safe
6.251068631746921,0.3800913644924007,2.9407434157182704,1639.0,172.2875503337371,13.302519074594134,1.5438596548629306,0.21667897124323474,0.049851671740322054,1.8843780751850463,169.0,21.142374511865974,1.3977960083219743,0.18092705653589639,Safe
5.145036513534728,0.3508656439168855,2.9294724729887824,1461.0,158.30034744118535,12.27967103924414,1.4251502731302197,0.17419551692670845,0.05757562963897403,1.695389789398194,133.0,20.12461179749811,0.9726186786035093,0.1586784089320768,Safe
5.662372536367911,0.3590893791451797,2.9395085256426055,1573.0,168.1992865621017,12.567487088116733,1.458553539337527,0.10003653539154699,0.051005230984065224,1.1989392454258119,195.0,21.79449471770337,1.7850920106425425,0.20717365786098343,Safe
7.678564267666042,0.49719756319167807,2.9349320832656747,1538.0,164.23763271552596,17.40102692685946,2.0195230147701535,0.12518857339766598,0.055085973150587005,1.1801207371533722,219.0,23.643180835073778,1.939196891254849,0.22381235439011074,Safe
8.383760595429862,0.5239828969447154,2.935029829880024,1594.0,167.18851635205093,18.33846578092286,2.1283200040902814,0.1548825033132887,0.06136235539028381,1.6716798516967013,206.0,22.67156809750927,2.0713365379005975,0.23787719192682863,Safe
7.844522815254024,0.49008738984789024,2.9353077322881957,1594.0,167.41565040341956,17.152183555593393,1.99064282755723,0.2970934723280801,0.07427581259923366,1.8790175010451926,252.0,30.0,2.6308859809480527,0.2932354731922145,Safe
8.257753467013842,0.5006023120549337,2.9418443960943588,1642.0,172.9335132355785,17.520187057629983,2.0333524644655983,0.4946837987059428,0.0969955349043647,2.0279619505897752,344.0,38.67815921162743,2.969579254738008,0.34698436634154567,Safe
7.980635430317228,0.5243807210478099,2.9349116216306523,1518.0,163.24827717314508,18.352388914185344,2.1299358907950996,0.3641486868404274,0.09350535437917756,1.9583351933738808,294.0,32.83291031876401,3.124441467150293,0.35989658507907263,Safe
7.342393059262206,0.4723045807899313,2.9335143898398566,1550.0,164.31676725154983,16.529816991150987,1.9184124008244943,0.11390097301687238,0.0538804468426299,1.5502053189129732,211.0,22.516660498395403,1.8857194317711725,0.21885224405824724,Safe
8.456023874939277,0.5122676324920818,2.937277730702996,1645.0,170.98830369355676,17.928452443594885,2.0807348026779184,0.06994412809667801,0.035787141951691186,1.0313571478531078,178.0,18.275666882497067,1.2376501325405012,0.1425542662089831,Safe
8.646513363500297,0.5641625413013636,2.930220063382309,1528.0,162.56690930198556,19.744681589531176,2.2915221645808552,0.0880307316387035,0.03332146702010686,1.389920842326463,77.0,11.789826122551595,0.433491932623314,0.07804845896851194,Safe
8.861209430888216,0.5638675133617873,2.9411560944513906,1567.0,168.6979549372191,19.7343561384413,2.2903238165637214,0.4376551930137917,0.07673541838463241,2.3409170122289047,355.0,43.669211121796096,2.455174794702819,0.29697187319678986,Safe
8.605099891226917,0.5044253683896598,2.941631634709579,1699.0,175.76973573399945,17.653987202981504,2.048881000456765,0.39884350891926174,0.0804355323622523,2.221845447585471,349.0,40.13726448077895,2.809630668524539,0.31518183394534915,Safe
7.655571159828045,0.496818157261383,2.9384686084812315,1535.0,165.53247415537533,17.387748396757875,2.0179819392201193,0.27815857916607584,0.08738381966090979,1.9058225884002171,178.0,20.149441679609886,2.4691616399119605,0.29313680845367696,Safe
7.281298526020786,0.4418094392841165,2.9411115618752066,1643.0,172.68178826963774,15.462541489890128,1.7945468699592049,0.4963686189751658,0.09323392867476742,2.508352508007629,330.0,37.54996671103717,3.095313232956511,0.3482405577613106,Safe
7.345870553585992,0.49141387761107364,2.9321223719580667,1490.0,160.89126763127948,17.19860825875793,1.9960307714348373,0.35250873880608274,0.09553223847091498,1.9239502324000144,317.0,34.07345007480164,3.37219399213791,0.3843931725170217,Safe
8.923596586900041,0.5728286919984765,2.9250396768593974,1550.0,163.56038640208698,20.047981389845262,2.3267224392361414,0.35957908337802774,0.08754760231422312,1.7995011780374939,289.0,35.199431813596085,3.4266519751211613,0.3811850042650884,Safe
11.347560089065437,0.65268255570443,2.9420295954095037,1731.0,178.05897899291685,22.842724034280486,2.651073818871365,0.8040390115244488,0.1172847327495695,2.2931729102873035,480.0,53.40411969127476,4.719121465177246,0.525104777315414,Safe
11.410076635902191,0.6599976048788293,2.942827249637058,1723.0,177.98033599249104,23.098737693796256,2.6807861731859006,0.5072657709513545,0.16322829581487042,2.0908881249162987,265.0,34.77067730142742,5.21500679399028,0.6201199745587747,Safe
9.074976392074136,0.5625552290865521,2.9389496674221034,1606.0,169.48746266317164,19.688428531993516,2.2849935645835107,0.17660675920344093,0.13014597001321435,0.9053909245261031,122.0,13.2664991614216,4.164754033088686,0.5006717641285637,Safe
8.458451322679263,0.4972935315657374,2.9402853947760788,1693.0,174.92569851225406,17.40438564859255,2.019912820260869,0.4894879773683683,0.09196842740137931,2.2195339904520126,304.0,41.737273509418415,2.388227148489518,0.31288135565418873,Safe
7.902632824785267,0.4713338545750284,2.9408669931880804,1673.0,174.39323381370048,16.4958433069364,1.9144694934629767,0.5985331276746035,0.09505087931407205,2.322351112808059,411.0,49.42671342502959,3.7096272706985465,0.41005039670151905,Safe
7.426493955525482,0.5287815263819233,2.924924070425431,1402.0,153.79206741571556,18.506409242899732,2.1478111345889617,0.10629207601465515,0.04362207250247234,1.4156679339332965,76.0,11.40175425099138,0.590524100896084,0.10454549062000713,Safe
7.202796606774516,0.4688187413901408,2.9235021479520245,1532.0,161.20173696334663,16.407818836395187,1.9042535766169115,0.012010334539058407,0.006339433925069103,1.138114403950221,53.0,7.681145747868608,0.08073155627106154,0.014372350108288525,Safe
7.285340240205586,0.463337459447602,2.9289353072896223,1568.0,164.37761404765553,16.21598375566078,1.8819896399991578,0.2357791643450987,0.06030598677920677,2.0342081246987753,203.0,25.709920264364882,1.2525318897131719,0.1802916356030599,Safe
9.177692855901672,0.5528297173521177,2.9416429749618507,1653.0,173.32916661658533,19.348052986944566,2.245490364583845,0.3205745774515604,0.08279078255073809,1.7078959980970176,332.0,36.30426972134269,3.1558612284034195,0.3641621558601996,Safe
9.72635998190746,0.606724789151181,2.9337706924571423,1595.0,166.97005719589367,21.2342842660769,2.464402012465227,0.33098046576150614,0.06317188818425054,2.337570997455119,221.0,34.0147027033899,1.2775584922896495,0.19332479926987303,Safe
8.856963852397168,0.5355943537094668,2.941127730696284,1646.0,172.78310102553434,18.74484603453164,2.175483558193188,0.2147065408797734,0.06763861118943508,1.7258311685595182,203.0,23.895606290697042,2.0529995566666734,0.2501189935800429,Safe
8.910246741221611,0.5363348738378032,2.9404539961004184,1655.0,172.89592245047308,18.770762916767236,2.1784914117161933,0.46236011617748285,0.08722429383929606,2.2235666392635407,407.0,47.275786614291256,3.1507452142359034,0.36189346879055106,Safe
8.506322640448603,0.5390323564361974,2.9367939108250747,1572.0,166.5412861725284,18.86516999114643,2.189448078829421,0.21911805151340868,0.11792022293141677,1.31749126570217,146.0,17.029386365926403,3.3651386704107726,0.4259357943180289,Safe
9.11490197522796,0.5390323564361974,2.9425097483686584,1682.0,175.5562587890275,18.86516999114643,2.189448078829421,0.3632050189022685,0.06914742621927658,2.2914095731971815,495.0,51.894122981316485,2.4676766648437036,0.28450774726943834,Safe
7.560377929533127,0.49700794452022756,2.923774719663095,1516.0,160.95962226595836,17.394390611937553,2.0187528193802837,0.20943295860669628,0.06961074652495684,1.9526680407800847,194.0,24.24871130596428,1.860205199983385,0.23469922209645083,Safe
6.031816553255247,0.370528918914855,2.9348116238885487,1621.0,168.8520062066187,12.967850553868995,1.5050187989315917,0.27186668688612703,0.07761080842820368,1.8086566457100341,262.0,28.53068523537421,2.6143362142822957,0.2998138782845291,Safe
6.458364976941781,0.3916903457899928,2.939826439611091,1643.0,171.99709299868996,13.708462709128252,1.5909725359639695,0.4432630419424087,0.07345382261272569,2.284975634824347,511.0,58.489315263559035,2.656495820392262,0.30967252984339266,Safe
8.143513654408368,0.5166259116560479,2.9292326692790684,1570.0,164.4506004853737,18.08098443228789,2.098437313164739,0.3238010029987664,0.06988314160688275,2.192601842421513,285.0,30.380915061926625,2.434103765270926,0.27174815107109884,Safe
8.043059949510258,0.4667345797312771,2.942632659856526,1717.0,177.65978723391515,16.3348768997674,1.8957881038387312,0.33390263320931196,0.11152549234110137,1.8117132494655432,192.0,23.706539182259394,2.608070902752154,0.36488744769845327,Safe
9.170155439954529,0.6371786267454551,2.9296012547524333,1435.0,156.87255974197654,22.300114204185178,2.5880997746081182,0.13604749818225528,0.07762834151718422,1.0280287928315153,81.0,9.643650760992955,1.6776404687852569,0.23413539123724625,Safe
11.534705035536298,0.7297819542728025,2.9330061713696027,1572.0,165.83726963502505,25.541065317211725,2.9642370790334804,0.32773924667047283,0.10941751771282901,1.7648961767495939,198.0,24.939927826679853,2.9800950824612316,0.3749442233607881,Safe
11.707540452588136,0.7078972874772178,2.94143008240147,1649.0,173.16177407268614,24.77514105613786,2.875345677433387,0.7117910240768968,0.15136185061662819,2.06801619415757,286.0,30.757112998459398,5.385368764400482,0.5985383069559849,Safe
10.696274069186416,0.6746957282411244,2.9348816493006997,1580.0,166.76930173146374,23.613145766836226,2.7404871866292075,0.24589175273625707,0.07851869369197685,1.6172073917088976,113.0,14.247806848775006,1.8032694242217326,0.24643428837593395,Safe
8.957220626145608,0.5555223952097817,2.940362065158213,1609.0,170.3789893149974,19.44229190397744,2.2564275157436504,0.49279907593423267,0.112090808020178,2.08442758851163,436.0,47.32863826479693,3.922978133866282,0.45529178600109693,Safe
8.271466407792195,0.46488205715182923,2.942941462416662,1772.0,180.64883060789515,16.270041917309612,1.8882635054465744,0.5252666056566603,0.06666594621950067,2.3579504706573116,376.0,45.16635916254486,2.6571658819612836,0.2949463022445311,Safe
7.708378295026496,0.5045817331976352,2.931116980307048,1523.0,162.2004932174992,17.659459692059137,2.049516124905846,0.19544871856447868,0.06249640064316644,1.9457424972819344,104.0,14.0,1.0052817758887702,0.15708083630868996,Safe
5.960422067807612,0.4398156826153086,2.9271710548981074,1352.0,152.65647709809105,15.392763566489172,1.7864486052519888,0.1856313688471391,0.06015375236238542,1.3702543884130765,242.0,27.85677655436824,1.6739541656441155,0.2177090988560293,Safe
5.332911864890284,0.32407436745820806,2.9386187532352803,1640.0,171.32425397473645,11.342024201094501,1.3163291456571746,0.11059065416770548,0.0300636842176088,1.6193160185004534,245.0,26.43860813280457,1.164478526874022,0.13459463683690573,Safe
7.1968773137088276,0.4713388279031527,2.9322469756655734,1523.0,162.84655354044187,16.496017364540485,1.914489694186694,0.0,0.0,0.0,0.0,0.0,0.0,0.0,Safe
9.391949099851955,0.5724256416861668,2.9417374853763008,1633.0,172.3745920952389,20.033875348592044,2.325085324652163,0.11742154141983588,0.07171459076207513,1.076778154336869,121.0,13.527749258468683,1.9789293372269832,0.25309149355803906,Safe
10.073120101310899,0.5837899914780988,2.9417358744337494,1720.0,177.23430819116257,20.43160729938083,2.371245176694433,0.8188703189280384,0.1406940617900358,2.6888824986797433,530.0,60.71243694664216,4.902905741725304,0.5639826069383347,Safe
11.088208065907649,0.7807181908658554,2.9351299657200354,1415.0,157.610278852618,27.32374264736368,3.1711304946510284,0.29691729850130455,0.1031813435666116,1.634501628131935,263.0,27.910571473905726,3.596191453211236,0.413872857849822,Safe
9.642988162903151,0.6388243347392599,2.9273454740575464,1503.0,160.0656115472652,22.35771104542896,2.594784331040264,0.09958600665438978,0.05453675756764155,0.9463927472660363,137.0,14.66287829861518,1.644462753425945,0.20106865687671704,Safe
7.540952868522941,0.44149974424125843,2.941250707297127,1701.0,175.76404638036757,15.451702716374637,1.793288946926362,0.44191961114612394,0.0689006564212453,2.514541477079224,549.0,63.631753079732135,2.551148697583362,0.2898095660256463,Safe
7.860346449132378,0.45758129575907514,2.9432399036740047,1710.0,177.78076386381065,16.014528304639487,1.8586091854145834,0.39257728407005604,0.09000097036604227,2.17364733116346,391.0,46.24932431938871,2.9777405370365493,0.3544742985202696,Safe
6.9891880123718755,0.47391682418601855,2.9349531414448062,1470.0,160.49922118191103,16.586242631228284,1.9249610303529827,0.29203222587780087,0.07671080462510205,1.7800841750929235,319.0,33.926390907374746,2.8734655259835598,0.33208482343336926,Safe
7.129607508517287,0.46786807707512906,2.936883701564252,1516.0,163.82917933017916,16.374547282854714,1.900392156920559,0.3386270420462921,0.07047559985640038,2.2352355565457898,239.0,28.442925306655784,2.0879842759382843,0.24840236922166176,Safe
8.556178463653504,0.6092023073471968,2.924074202082508,1401.0,153.60664048145836,21.320992979136378,2.4744652255353947,0.11987967206553675,0.04285622211818089,1.2486506614807813,53.0,7.54983443527075,0.6730678003243727,0.11042684049947578,Safe
9.258391848213966,0.5758254172212981,2.9368210598292706,1600.0,168.1903683330291,20.152861421758477,2.338894573623891,0.4064456624257172,0.12494787274582027,1.9031170524160963,247.0,28.89636655359978,3.782497660078184,0.4549561097243635,Safe
6.953635438705572,0.4762952551411853,2.937126525648722,1453.0,160.80111939908875,16.669483467785998,1.9346217696819668,0.10192094206189331,0.03148327436915273,1.4157797863623038,301.0,32.60368077380221,1.1218980496579947,0.1302269022519112,Safe
5.974052485056581,0.37299181215443766,2.9400435042570505,1596.0,169.51106158596258,13.0540474195673,1.5150226081786242,0.20118444103147773,0.06919075317954577,1.4922916516491356,290.0,31.272991542223778,2.42155281582264,0.28103982963710683,Safe
6.480491924896031,0.3747771948042076,2.941573575748363,1721.0,177.12989583918352,13.11653262436992,1.5222744968005961,0.2905691823254422,0.07312958690713138,1.9334048635825751,352.0,37.17526059088221,2.6319950602271343,0.30037024430113674,Safe
6.991484825954901,0.44495241407127084,2.9402959381839158,1565.0,168.08628736455572,15.572539995415042,1.8073130425783044,0.2068339310464235,0.04838314909765697,1.7502691824431476,278.0,30.364452901377952,1.9552471156072126,0.21669614090182354,Safe
8.81556376174819,0.5688379755003741,2.9416054229734394,1544.0,167.82133356638542,19.908313438145807,2.310512899186095,0.25764372709394373,0.04934624673297942,2.0211670537674418,221.0,27.622454633866266,1.411305791801876,0.18749494669023553,Safe
8.929858597064397,0.5476267731971449,2.9338250993388524,1624.0,168.9733706830754,19.165959231781237,2.22435698372397,0.21271092974963107,0.06069959619745,1.9516132519450895,249.0,31.416556144810016,2.1210585037867222,0.23838027028155473,Safe
7.443583406778588,0.4840979854997041,2.941219342560169,1533.0,166.9820349618485,16.94256509795333,1.9663149932688244,0.03972007512048526,0.021185577019334503,0.9476724316833409,155.0,17.349351572897472,0.7569370107217266,0.0856872086010435,Safe
6.920548518897428,0.4081594797267157,2.939502605107428,1686.0,174.26990560621763,14.28485298999632,1.6578670613615563,0.17743996025165282,0.032486285070014984,2.0732722235695875,328.0,38.36665218650175,1.365328958540252,0.14997148997395057,Safe
6.96463039244373,0.4539838936512763,2.935852984946904,1528.0,163.93291310777101,15.88862565430728,1.84399721446395,0.25055053893010576,0.08764255916391817,1.497272288869343,167.0,18.627936010197157,3.1200015346209202,0.35011993846698225,Safe
7.8457197014580355,0.4785710163733795,2.932923011687379,1632.0,168.78981011897608,16.74913104736444,1.9438654839009888,0.4380869874767858,0.11169049725302152,1.9222746391823788,276.0,32.09361307176243,3.478820329362696,0.40696188445572934,Safe
8.693104070351058,0.6090425707913405,2.9363171987543475,1424.0,158.7828706126703,21.315402484903434,2.4738164056804037,0.07017172107863684,0.029315071894358297,1.2242950664613912,46.0,7.745966692414834,0.337588720249407,0.06453156368519129,Safe
9.068010908861286,0.5435573685328726,2.936683243837003,1660.0,171.6624594953713,19.023537334769664,2.207827827138497,0.1078463674940399,0.029519526256484647,1.9021732851311226,87.0,10.535653752852738,0.49882626533508323,0.07430566771837073,Safe
7.614874500080713,0.4653817080409259,2.93106752112291,1629.0,168.25278600962304,16.287528806262543,1.8902929934098776,0.6877148897461396,0.08735971166356156,2.5588226969694077,559.0,67.01492371106603,3.402252223756579,0.38400526414644803,Safe
8.095172883966887,0.509271960940473,2.940191846620459,1584.0,169.091691102786,17.823609288292705,2.0685669481045164,0.3549236689320599,0.0641172841431984,2.347510400180162,343.0,38.118237105091836,2.2940538597829416,0.2624374395158747,Safe
10.283300913597573,0.6265491072573106,2.9363848666732095,1638.0,170.5813588877753,21.928100001932396,2.544924665091381,0.14145009195862424,0.04600256865321615,1.5514475734012507,89.0,13.892443989449804,0.6870609154604902,0.11843296245385289,Safe
12.88225867868923,0.7443998300355329,2.9408928943879737,1722.0,176.72577627499618,26.05266486755525,3.0236121418161273,0.6739233029484653,0.11966425952279756,2.618722177347093,515.0,70.02142529254886,4.309866170690517,0.4943404802322965,Safe
11.437314416073994,0.7486682942653222,2.933000012535315,1523.0,162.79742012697866,26.202053493923614,3.040949840928018,0.2855821564753907,0.09015843099207896,1.981890561481087,230.0,28.178005607210743,3.007909729023174,0.3437400359630195,Safe
8.463946597375507,0.5666498797130824,2.937919197820649,1489.0,162.64993083306246,19.8317339926055,2.301625265520736,0.28058636408084886,0.05341303829264409,2.1228133070913375,212.0,24.657656011875904,1.4521117288656908,0.1826544063616398,Safe
7.896112665173783,0.5748238395132853,2.931471749071613,1370.0,154.0,20.117807990372786,2.3348263532982956,0.41286922146041405,0.08827417183570242,2.3118073103201593,236.0,36.193922141707716,2.180405183271928,0.28843844129128454,Safe
8.647244484881416,0.5432834140175518,2.9360927425643335,1585.0,167.50820875407868,19.013949415900488,2.206715075408301,0.4951656636249679,0.11368758352286172,2.34688350787317,413.0,50.049975024968795,3.951734899270414,0.45740749928263114,Safe
7.830607948924455,0.46423864336246196,2.939581116763331,1679.0,173.75557545011324,16.247523583547036,1.8856500796137798,0.28221896440476685,0.14397342377897146,1.2282884947839252,188.0,22.494443758403985,4.972143376114394,0.5769732260539928,Safe
9.052813092463046,0.5579976796228265,2.9396113510691957,1617.0,170.32615770926085,19.52892243862152,2.266481655607403,0.2855069243507987,0.07935868038279896,1.9470836524011206,208.0,22.315913604421397,2.5994170199741014,0.29862837682027,Safe
9.327301292253127,0.5670067792262727,2.937195563649617,1638.0,171.34176373552364,19.844224838295368,2.30307492423632,0.26406947776476314,0.07225023505980009,1.8556367062472767,218.0,25.80697580112788,2.52854025604749,0.29240813815826294,Safe
7.9592334713776385,0.5394075476816415,2.927162779597467,1470.0,158.05062480104277,18.87830101480388,2.1909720351220674,0.109142804554235,0.03300549209682069,1.5673210625600928,80.0,9.899494936611665,0.6766429489309134,0.09777406669064465,Safe
9.442098539077007,0.5408952049935305,2.942015827710898,1738.0,178.4992997185143,18.93036636439237,2.1970146194021773,0.6210646221542849,0.09811377508905575,2.3039180048464143,476.0,55.87486017879597,3.8276801657195043,0.42838209363495633,Safe
7.485142960028907,0.5419036104910021,2.912968595212806,1376.0,149.83324063771698,18.96565875621757,2.2011105729247404,0.09491516646186697,0.0470245454359083,0.8334012960604967,60.0,7.874007874011811,0.907550026069989,0.13954007127492057,Safe
6.084437272942735,0.47968681204085695,2.914615115815771,1267.0,144.5441109142811,16.788181903386356,1.9483976361017887,0.06285249936623498,0.05431249418671508,0.4489032803118305,69.0,9.219544457292887,1.1261383156583764,0.16978096900091025,Safe
8.218078109699627,0.559602842348364,2.9294281291492346,1465.0,158.4897473024675,19.585100267872665,2.2730015247834796,0.029408174282718864,0.029408174282718864,-0.0,100.0,10.0,1.0292335893168598,0.1194504743850212,Safe
8.106214367825801,0.5289110857942458,2.9299295811692723,1527.0,162.0401184892186,18.51094359099263,2.148337380561057,0.21774794176201653,0.05617466839447191,1.9124555572534925,157.0,17.46424919657298,1.9291986064477396,0.21845436252967115,Safe
6.699493777548095,0.40850129066813906,2.938200772120469,1633.0,170.5080643254154,14.296815762616166,1.6592554331356928,0.522646504672132,0.0872027989465555,2.2983625945441046,524.0,57.879184513951124,3.2594342087254375,0.37257066946485157,Safe
7.147275319899084,0.44650055211077305,2.939897439674419,1593.0,169.1655993398185,15.626722062476958,1.8136012882019268,0.39313585625337094,0.09353688022186371,2.0449020619175746,319.0,40.58324777540605,3.668436763262508,0.4114456619370689,Safe
9.401702259919013,0.6819727609581668,2.930692822921333,1374.0,154.02597183592124,23.867828918225833,2.7700451252421066,0.4322841672269574,0.08744699778682762,2.0555522472535572,292.0,33.436506994600975,3.3740367401729934,0.3701588368358594,Safe
10.537935018533052,0.6173976355995946,2.9409737220650887,1700.0,175.46509624423885,21.60781483457546,2.5077531079479094,0.17573625819429695,0.05516933961694156,1.4734028029619166,83.0,13.674794331177344,0.8565186009262545,0.14774369024418274,Safe
11.091361703847477,0.6907683024802084,2.9405687832658742,1600.0,169.97646895967688,24.17565716637505,2.805770961099193,0.36073125177577003,0.0948371104984248,1.9366458086153444,204.0,23.49468024894146,2.696338864890013,0.3259667970526661,Safe
10.430529380633889,0.7808490146836332,2.894146197594037,1333.0,145.75664650368435,27.328321247389823,3.1716618764003406,0.10597740764367282,0.08414833254127399,0.5085796079126335,120.0,12.649110640673518,2.882482768911304,0.33599451222505744,Safe
6.1824999239045475,0.5923304602729523,2.8908666449241234,1045.0,127.35383779062177,20.730508457530625,2.4059349550944202,0.07350441990436302,0.03706398072732872,1.008540294523087,59.0,8.774964387392123,0.5595135237231401,0.09367418231189124,Safe
5.7006231826884886,0.36050037133962737,2.9355705788093656,1574.0,166.3249830903343,12.616869295486296,1.464284724325756,0.053396032039269944,0.024307204427718124,1.0592207594472869,33.0,5.744562646538029,0.2185884361917323,0.04597774445521314,Safe
8.54058887122493,0.5488808526745865,2.937413808965208,1550.0,165.90358645912391,19.20984977423543,2.229450818759658,0.4055827899961537,0.07800660948256949,2.063764018280625,194.0,25.69046515733026,2.0403043248436665,0.26710008267989965,Safe
8.971977375774182,0.5770136633213658,2.939818029612752,1550.0,166.93112352104984,20.194447913555187,2.3437210058591837,0.5313517676446632,0.10990671618349496,2.083117152805771,291.0,32.66496594212215,3.8401983813806013,0.4318281188476681,Safe
8.955647958640274,0.5125347170710954,2.9422812664283606,1739.0,178.41804841439108,17.937799926960107,2.0818196500185717,0.4623710322112472,0.09783472080506511,2.0094512476423745,323.0,39.585350825778974,2.4818453355269003,0.3316385436756148,Safe
9.715258206981751,0.5846230239389166,2.9413960498704963,1654.0,173.28012003689287,20.46076194806532,2.374628797917097,0.3286210851818663,0.07235720376132074,2.1039775795630735,233.0,29.13760456866693,1.723986687082233,0.23507458560921315,Safe
8.18168420064335,0.5064928820433617,2.934272332433614,1609.0,168.062488378579,17.72634648915493,2.0572788521682637,0.4123021356137,0.07875104926781741,2.165895796876633,371.0,41.43669871020132,2.8966296164676395,0.32404909873852117,Safe
9.01236322358717,0.6523435686018569,2.9118661440860034,1378.0,149.9266487319716,22.830860090978213,2.6496969169996785,0.23695910751600968,0.08677033013398522,1.1801915164417687,107.0,16.522711641858304,1.505488289125038,0.2527702661006636,Safe
10.236588760602828,0.7339322387393673,2.917422871886888,1390.0,151.71025014810306,25.68631786288637,2.9810947541682222,0.15207320512579506,0.07223021530675741,1.4141289693559236,75.0,9.9498743710662,1.1358831916192569,0.18238190339221316,Safe
8.362050606247932,0.6361928541056338,2.931872101282126,1312.0,151.18200951171406,22.265613921965013,2.5840957514977267,0.10639676878635622,0.04115690333307015,1.2185233800568187,78.0,11.313708498984761,0.776393954199974,0.11968655177367381,Safe
8.325822060351786,0.5483443654398914,2.936499643560579,1512.0,163.43806166251483,19.191073678960702,2.227271708486787,0.3300188854127301,0.09412676751362219,1.9326455871853858,334.0,36.24913792078372,3.1849613225821294,0.37567829666039887,Safe
8.780385641757482,0.5469409596781757,2.9320596892670814,1601.0,167.10774967068403,19.141956983190596,2.221571338161856,0.24805729995959533,0.0749375181208547,1.99757666886849,236.0,25.099800796022265,2.167514288666272,0.2648228761661573,Safe
7.453612797290786,0.45432680041076096,2.938901971535294,1634.0,170.90348153270605,15.9006267786026,1.8453900372450072,0.212393479686647,0.0424492942958082,2.060447481386715,139.0,19.82422760159901,0.83118387123551,0.1214075568572289,Safe
8.323159538564232,0.5461526028767794,2.9359098374577717,1519.0,163.58789686281807,19.114365902814,2.2183691810675,0.20411857818426063,0.09021339048253717,1.6555803354516792,150.0,16.186414056238647,2.529813293254737,0.31104851779234827,Safe
6.875179965286361,0.40537125496347753,2.940615627392288,1690.0,174.75697410976193,14.187270101874764,1.6465418166367733,0.19702800312503038,0.0774294083922128,1.090735705826393,193.0,20.566963801203133,2.874626482375945,0.32205412754489093,Safe
6.656455860365984,0.4889868091927253,2.916322030287015,1358.0,150.28639326299637,17.11366519783482,1.9861724758755996,0.1458569664389233,0.06685594421258778,1.3701744073433575,185.0,20.808652046684813,2.3072698766534976,0.26380662524827175,Safe
8.22848635823309,0.5761165255039629,2.9143953850684983,1423.0,152.9477034806342,20.163049691855303,2.340077000731654,0.2103966884447464,0.04931134914241239,1.8749479970317853,95.0,14.933184523068078,0.7485772678346344,0.12639701419640678,Safe
9.026787287067023,0.5687801921710656,2.9354486984242456,1580.0,166.5653025092561,19.906291124796628,2.310278194167311,0.22965282488610067,0.05840596470148715,2.1462122929628693,155.0,18.193405398660254,1.259649920945216,0.16701384928572716,Safe
6.417355250403712,0.40426650177031,2.9351742764315882,1581.0,166.59231674960284,14.148605712736494,1.642054516890329,0.15494184607599204,0.052463722676784716,1.4835274597611279,166.0,18.05547008526779,1.7662959080753906,0.20030888257618418,Safe
5.863512744281877,0.34592847778862235,2.939988915895774,1687.0,174.33014656105811,12.106879040448352,1.4050964326412083,0.11855010758241208,0.04643044345929875,1.4013124526354335,253.0,26.739483914241877,1.6249826159140075,0.18859173112216002,Safe
7.11446165918326,0.49396043234495035,2.9307013768178103,1434.0,157.13051899615172,17.287733127372434,2.006374397941014,0.2666410677266553,0.05981615610581315,2.1440671508036835,224.0,26.267851073127396,1.8866318795416097,0.22025195725022545,Safe
6.4052277265523685,0.44362533625220835,2.9228692308702646,1438.0,155.56349186104046,15.526094641348326,1.8019227020046629,0.006827915899310365,0.005029299139107963,0.576604896690835,38.0,6.164414002968976,0.05445377754442615,0.01094055519745974,Safe
6.095112100293028,0.4383941537087332,2.921344963924537,1388.0,152.190669884852,15.343012593009252,1.7806746221202907,0.035090285958412064,0.01545988550228104,1.354000325715158,49.0,8.426149773176359,0.16133415277558116,0.032336933280516816,Safe
7.550376903849977,0.42664820635038364,2.9433382610188796,1762.0,180.55470085267788,14.931925408767931,1.7329647925141456,0.5980028781734881,0.16961632505627258,2.344513963318725,339.0,51.79768334587948,5.894501966659469,0.6826280503397998,Safe
6.8739605726652435,0.4198088265082783,2.940689157512513,1631.0,171.67119735121557,14.692559326537932,1.7051845175883775,0.2965357009348869,0.06958503694736519,1.7780250841342415,289.0,32.29551052391029,2.949806912980898,0.32819823944999227,Safe
7.108430255500533,0.4812102941739802,2.9278712932056523,1472.0,158.43610699584863,16.84150105775005,1.9545857340696935,0.23047409837618396,0.06911800771901598,1.5570472583464232,115.0,13.74772708486752,1.7796294731323163,0.23441568671877047,Safe
7.235045331132899,0.43713000113449746,2.9387261928225406,1648.0,171.48760888180814,15.298769510153566,1.7755398720594466,0.1134862901743737,0.05797897497922328,1.389713988572897,173.0,19.05255888325765,1.9471249478031887,0.2262282700752428,Safe
6.802749426008631,0.42644939966595774,2.9341608520446716,1590.0,166.73332000533065,14.924967529797794,1.7321572771431712,0.23963311431978337,0.04227113956715266,2.1982495826336086,322.0,35.21363372331802,1.464714422370448,0.16460043533735272,Safe
7.216895675905501,0.4699109769693006,2.9320557477783113,1529.0,162.83427157696258,16.446045131394357,1.9086900321689146,0.39282632979790694,0.08945006890915637,2.0434842006534253,415.0,44.37341546466758,3.0745509128377897,0.3571074527982639,Safe
7.485154950807308,0.46633481687315126,2.9381878315784844,1600.0,168.89049706836676,16.320885913540614,1.894164342275515,0.7082845327213358,0.08301824909215139,2.5268017355196255,553.0,65.35288822997802,3.424528261627814,0.3800426263916812,Safe
7.499531051173556,0.4788656649913192,2.9393673052825484,1559.0,167.28120037828518,16.75944322287434,1.9450622911849578,0.12291487736104878,0.055926760631530834,1.2226533193665259,112.0,13.490737563232042,1.3172999879326481,0.17658707978791122,Safe
7.925804298086162,0.49101044797712734,2.9349273293047626,1608.0,168.27358675680506,17.18448894192474,1.994392116117694,0.4295238436774334,0.08125866031367007,2.1693225999514745,369.0,42.95346318982906,3.1531376254678984,0.3520122418684787,Safe
6.466413086252331,0.4058749098031827,2.936347601242126,1587.0,167.38876903783,14.204897121949628,1.6485875678945945,0.1194681923835249,0.0488857924129979,1.1720664336139104,136.0,14.422205101855956,1.8603333752564712,0.2083175334976412,Safe
6.941570650438237,0.4553189372247074,2.937092747189493,1517.0,163.8566446623389,15.935349795553421,1.849419910434054,0.06085170417372582,0.030600803655031632,1.1288984529827835,64.0,10.198039027185569,0.39367116581309924,0.07250709584237564,Safe
6.749033752270255,0.48002891801021985,2.936664812671442,1403.0,157.75614092643113,16.80015500145729,1.949787206223942,0.3470282787270899,0.1624500331836925,1.3852108437925588,152.0,16.1245154965971,4.769624431927998,0.577559280484105,Safe
7.361797299729228,0.5157444524662911,2.9285546675556624,1423.0,156.17618256315527,18.05013493456022,2.0948569916746917,0.2621523440665481,0.0853138825634185,1.802061414665448,94.0,15.874507866387544,1.028526262201444,0.19533156755741482,Safe
8.141714363298588,0.5286574460599073,2.9388011675336827,1535.0,165.924681708298,18.502066653184215,2.14730714365147,0.25820145634028835,0.10106354872263619,1.5348117197838456,212.0,22.22611077089287,3.31732439994812,0.38585006988202747,Safe
7.650317133692677,0.4753277320867692,2.9394596646980298,1603.0,169.44910740396364,16.635621888468968,1.9306918729560638,0.23612704443270763,0.05727845221012371,1.9417009689870866,263.0,31.448370387032774,2.118112329882803,0.23426992320117443,Safe
8.308694339760232,0.5055934261492907,2.9412829474998547,1637.0,172.2875503337371,17.694867138910773,2.053625431449171,0.09238863148103292,0.035452495974514685,1.2963151373619164,121.0,15.264337522473747,0.7269415650704893,0.1045484942904523,Safe
7.52163296389979,0.49423034076281414,2.9211412416860374,1516.0,159.43650773897426,17.29717944005523,2.0074707151841173,0.08462577204120539,0.05111864815340804,1.0521952326246202,53.0,8.06225774829855,0.6512850342374864,0.12031251501336188,Safe
6.517578222379647,0.4573775578933735,2.9255863415967305,1424.0,155.24174696260025,16.007397843129706,1.8577816405124654,0.1600211945977067,0.05111864815340804,1.5420720760411821,121.0,14.866068747318506,1.1696811164870404,0.1553740970284678,Safe
7.700000218038955,0.5032645177411242,2.937926311563816,1524.0,164.81504785668085,17.613359503071713,2.0441658433944907,0.4256765529048135,0.08331226550736338,2.190119547251909,303.0,35.53871128783372,2.634982266209342,0.31118745184494206,Safe
5.881867148899341,0.3945432238188467,2.9312443432594475,1486.0,160.38703189472645,13.808308346102937,1.6025603900970786,0.21026219785114814,0.06656091627301153,1.7286379436840789,159.0,18.57417562100671,1.8416281640529637,0.229738485550322,Safe
6.237454799282841,0.40309060469685604,2.9280393060569585,1540.0,162.52384440444425,14.107451414821124,1.637278244079182,0.1317540830181475,0.049949852823928186,1.3862881418703696,126.0,16.492422502470642,1.0402818650308285,0.15033588260439168,Safe
8.61503006805772,0.5210670515241863,2.9387670667467956,1646.0,171.4467847467546,18.236416397672713,2.116476388251801,0.6160390740846945,0.08249811483467843,2.461849789235457,550.0,60.81118318204309,3.3452830152078112,0.3750877015831186,Safe
8.984396745478039,0.5549780686612635,2.9368688353192676,1611.0,168.94081803992782,19.423241446716617,2.2542165636520393,0.5155782674426126,0.14130982724677996,2.3487938136636033,352.0,41.27953488110059,4.899729544466193,0.5691908927734383,Safe
7.477225421655044,0.4688063502166786,2.9396060192196165,1588.0,168.99112402726956,16.407385167449412,1.904203246000192,0.141660025411057,0.13544142650066862,0.1801403872315567,50.0,7.0710678118654755,2.2510759421069215,0.37872736453245437,Safe
8.721739250358663,0.5914036932210462,2.9283040663555355,1472.0,158.7072777159258,20.69807326552844,2.4021706015874553,0.4229833692849673,0.09869999560499376,2.1091059750563668,305.0,35.14256678161116,3.2283690716281086,0.37034459064113423,Safe
8.79306406706571,0.5481160981083564,2.924679946669259,1599.0,165.32090007013633,19.18308472994602,2.2263445295066737,0.10249021954472996,0.049977901551612185,1.2978095326570493,112.0,13.711309200802088,1.0977531629379347,0.1547646025844394,Safe
6.5466968056662465,0.5388599336789394,2.921594754794041,1214.0,143.12931216211445,18.85913550251662,2.1887477300096934,0.10873912203919767,0.054658435519292496,0.6931330656273904,193.0,19.467922333931785,1.9537330251751528,0.22659051759455986,Safe
6.351164046285837,0.4243321105841645,2.9348013478183743,1491.0,161.67560112769027,14.85086619251906,1.723557247001924,0.38752979856581565,0.0804616001880563,2.1104533945681743,294.0,33.19638534539566,2.123073986985467,0.266455645890618,Safe
8.175008940629345,0.5147409781500951,2.9405192875422794,1581.0,169.21879328254295,18.015015125274658,2.0907810676832717,0.4644774474061247,0.05852422875840872,2.3888170164552194,361.0,45.59605246071199,1.9494902726375694,0.2303665057188168,Safe
8.856235512708052,0.5480577247231688,2.9416567628014163,1609.0,171.12276295104635,19.181041765694665,2.2261074277918547,0.28872542629048464,0.0776967458523174,1.9331337297551727,255.0,29.206163733020468,2.11538718324719,0.2699198354896606,Safe
8.888854897525663,0.5711769991521831,2.938483343418353,1552.0,166.4692163734785,19.990175089450794,2.3200135734585055,0.45789465757775366,0.10052600781672826,2.0887731416538773,431.0,45.68369512200168,3.591726828705181,0.41394086178881206,Safe
8.359972387294707,0.4962176489637998,2.940560716558611,1680.0,174.16658692183182,17.36673167859665,2.0155427874275307,0.3560583463876702,0.13593998157170398,1.7438343605298405,261.0,34.044089061098404,4.757656623618771,0.5521626446621365,Safe
9.534048674746133,0.5504600107945927,2.941968026544152,1722.0,177.2794404323299,19.26511748872622,2.235865062117653,0.4082813262657607,0.06702520595620753,2.178347556742733,351.0,43.069710934716056,2.0482483265375855,0.26347689165799526,Safe
9.197648925056248,0.5527645161774715,2.940161522400944,1658.0,172.82360949823956,19.3457710622537,2.2452255296720582,0.38143517461032206,0.0874028278895882,2.071253051600213,360.0,44.13615298142782,3.247883838234526,0.3677217456465547,Safe
10.796028747528545,0.6403845267774363,2.941204536943751,1677.0,174.4448336867561,22.412314980921117,2.6011215377400148,0.49015318107841577,0.0938865304771101,2.394391962560796,385.0,44.73253849269008,3.127257609608198,0.3559549422118903,Safe
11.088330376062029,0.6648347565355761,2.9400329030648984,1661.0,172.89013852733186,23.26802936467257,2.700433773697104,0.7393908878242557,0.15690888164284397,2.0180850807722956,355.0,39.96248240537617,5.549567955912966,0.6437577864068578,Safe
8.366294309204221,0.7053197969565341,2.8964575067065907,1185.0,136.31214179228496,24.684933490223358,2.864876395577985,0.09125711503906095,0.02991663386315429,1.3832314345934793,35.0,6.557438524302,0.258466340074636,0.05727714218093543,Safe
5.769005348579353,0.38012815869115074,2.934098089194276,1512.0,162.48076809271922,13.303806805851483,1.5440091059799246,0.19909610683461143,0.04757553118649122,1.895530202966802,183.0,22.11334438749598,1.429476908963136,0.1697185256381307,Safe
8.889801747550885,0.7776683606139101,2.8783652297919513,1144.0,131.6662447250623,27.217004034254288,3.1587426576201953,0.05279373250062501,0.03211383336972422,0.6695073999869741,164.0,17.08800749063506,1.1239268261976918,0.13044035285758074,Safe
12.177353480281498,0.849186757796167,2.9292617109776757,1429.0,157.03184390434953,29.720020233982744,3.449236939534766,0.1957056457530011,0.0492162237053233,1.6839760059971645,93.0,14.177446878757825,0.7276932386436852,0.11883932260239902,Safe
8.621556170374845,0.6745336314617515,2.9194969559419444,1276.0,145.94519519326425,23.607472668994554,2.73982877999008,0.20126110614891904,0.04935067215207306,1.5792153429191282,173.0,19.209372712298546,1.762269789522346,0.2040305016028257,Safe
6.606039083680828,0.40419919325323805,2.9410097780267823,1629.0,172.26433176952216,14.146250034823563,1.6417811223498486,0.4050993234968852,0.082484796430549,2.150352366046136,488.0,54.662601474865795,2.886820592061438,0.33503773367430056,Safe
7.779529319203708,0.5019315815101187,2.9359438302998284,1543.0,165.38137742805264,17.566709115047647,2.038751707053081,0.5759326809507583,0.10242223667808188,2.1057019969572544,289.0,31.192947920964443,4.102184055429516,0.44668493186204966,Safe
7.782335667111806,0.48441492980050604,2.926405981002941,1600.0,166.0421633200435,16.953657582552747,1.9676023614243736,0.7403173598482222,0.12312978414160583,2.377368745716145,473.0,56.1159513863928,4.440147033243468,0.499721857571654,Safe
6.1276307541427,0.462151742158445,2.9128752501834807,1324.0,146.98299221338502,16.17448576773056,1.8771734793182973,0.1897384949408287,0.07829207008753376,1.2963599741025627,182.0,22.22611077089287,2.644658147084593,0.3119425901656713,Safe
6.990654364451842,0.4167604713960309,2.9337478555068603,1670.0,171.40011668607463,14.585872340683984,1.6928026722976302,0.26533240808039205,0.08983916861460894,1.8614043883016187,295.0,35.199431813596085,3.1442104867010396,0.3649098106602624,Safe
9.021766396224193,0.5632432763884925,2.9375325336902285,1596.0,168.30329765040256,19.712508958999557,2.287788283352041,0.19217639509924436,0.07112697940013625,1.2963941579963434,269.0,28.687976575562104,2.48931727626107,0.28890441648098164,Safe
9.490306820900193,0.5919878906882557,2.940109720392878,1596.0,169.54055562018192,20.71851913375084,2.4045435018539543,0.4576680339733106,0.09502403177157061,2.051733798079321,322.0,35.38361202590826,3.731746647093031,0.4148460985416358,Safe
7.687542937244863,0.4620380721080111,2.941608012228783,1659.0,173.77859476932136,16.170507518932073,1.8767117729465532,0.14605788046577473,0.04923481046551661,1.6234788618259124,155.0,16.881943016134134,1.4662293707481537,0.17450465204504734,Safe
6.9158960336574316,0.4421968109687801,2.926289963626384,1560.0,163.5726138447387,15.476098807171136,1.7961203009057014,0.05112859480965661,0.03664466173149383,0.7817941418063978,43.0,7.0,0.41620111947107785,0.08268262549615547,Safe
7.67654414814349,0.6000612881079116,2.9161569051393292,1277.0,145.68802284333466,21.001073627760917,2.437336124150245,0.0921989706627339,0.04908421977578718,0.8163836580707398,145.0,15.329709716755891,1.8467283911175196,0.20709595137466588,Safe
8.669575550023003,0.5516815107581354,2.9364598866485214,1566.0,166.30093204789924,19.3078678063672,2.2408265652937343,0.5143377171035429,0.09194575239688045,2.278375562568868,429.0,48.11444689487763,3.262758070772344,0.369827758360458,Safe
9.916129328341398,0.5739744119283967,2.9413540956220574,1721.0,176.7286054944134,20.08807954162058,2.3313761381643934,0.3728008026369863,0.08783630822652275,1.7455400536031591,375.0,41.09744517606904,3.22722378282836,0.3680026962990314,Safe
9.352865652878227,0.5889546241477752,2.9395138075491154,1582.0,168.4102134669985,20.612360220966913,2.3922229435046543,0.20841962192794886,0.0667248253668704,1.6585207445336907,118.0,15.231546211727817,1.4595766892336837,0.21448406345495577,Safe
8.41611590916813,0.4913402892135736,2.9420517769600907,1703.0,176.43979143039135,17.196032796243223,1.9957318692008494,0.15503587569501984,0.08895298897781888,0.9590703095612013,138.0,15.0996688705415,2.9027695565512697,0.34219715094199094,Safe
9.020827427659643,0.5125742929618471,2.9408860507649384,1750.0,178.4432682955566,17.93918501247059,2.081980399845442,0.533546396193474,0.09876174073806222,2.29763705971844,435.0,49.58830507286975,3.1772176677530464,0.37240093330668517,Safe
7.597869447891751,0.46583111988659753,2.939043113481381,1623.0,170.51392904979934,16.30325741840131,1.8921184198251197,0.451520283915269,0.09014709348982954,2.163035423691681,325.0,36.373066958946424,2.9657007835128093,0.33852022241933616,Safe
8.063865404102874,0.46413306550694217,2.941217841174404,1729.0,177.22584461641028,16.2438285471213,1.8852212422162198,0.5659828636885491,0.14639884847022785,1.7730086840073975,382.0,40.718546143004666,5.123698289948281,0.594644595447249,Safe
8.679052943260254,0.5044616989730762,2.9420145002247184,1712.0,176.7484087622856,17.65525870853,2.049028568455446,0.4909740331000139,0.06412027656944268,2.4246493668567837,298.0,38.07886552931954,1.9526439814856555,0.2385007336000493,Safe
8.345549988615371,0.5280504471476534,2.934505314212223,1574.0,166.0963575759565,18.480822775099014,2.1448416282025042,0.4490761460232738,0.08612641058243578,2.2879553508570303,505.0,57.21013896155121,3.0182054349870393,0.34952148401697447,Safe
8.220409146523643,0.5499941195311533,2.9355641853101107,1492.0,162.1480804696744,19.248812126390867,2.233972699406025,0.27270949741579936,0.06995466480880573,1.8117895947897378,259.0,27.910571473905726,2.5767104312626996,0.292209545015111,Safe
8.620603230130014,0.516471654190498,2.940507569184805,1663.0,173.20219398148512,18.075585696432327,2.0978107483443527,0.10908590630874529,0.043361394244432465,1.675662456656489,77.0,9.848857801796104,0.6527618266115285,0.10464142659017198,Safe
7.710060312530294,0.4679587770931245,2.939808634317221,1642.0,171.84877072589143,16.377721621532633,1.9007605633395406,0.6024813601494071,0.09732571331559904,2.4252664508081385,610.0,67.14164132637808,3.406226183428909,0.39531874755790036,Safe
8.074801246885995,0.5103315748588855,2.935124682405492,1576.0,166.20469307453385,17.86069388341422,2.0728709006043387,0.22076224222066715,0.08578084857149496,2.0029337991904472,172.0,20.92844953645635,2.0766054590543117,0.28607835247748736,Safe
8.59508971967764,0.5526057068522824,2.9364647828634607,1550.0,165.3420696616563,19.340213019438465,2.2445804760536925,0.2969621848949687,0.07837450932322108,1.665813585123205,174.0,18.547236990991408,2.5625664031866826,0.2976356199280237,Safe
7.53958712097037,0.5335364495372253,2.9330874916192635,1409.0,156.85343477272022,18.672823063050856,2.1671247383885324,0.1362816239257333,0.042964455225156864,1.7291159460006993,83.0,11.958260743101398,0.7370368091747013,0.11028254732994197,Safe
6.505053085159451,0.4203275699197504,2.9397003433730853,1544.0,166.54729058138412,14.71071441968282,1.7072915557876462,0.3353655503211251,0.05921290826307673,2.297749604565854,333.0,40.70626487409524,1.9103553999554028,0.21985022938191986,Safe
6.4594021265899375,0.4016727004192525,2.940854080300901,1602.0,170.28211884986632,14.05782729688317,1.6315189835088368,0.175955042484917,0.1161750905219747,1.014420049710266,140.0,16.0,3.778377927915014,0.4546154910829844,Safe
6.936899978833108,0.41931659346451955,2.9414570263916904,1647.0,173.27146331695823,14.675332048926691,1.7031851595180767,0.574820931380738,0.09612781558722241,2.3283969536094355,463.0,56.22277118748239,3.6831287831971133,0.41353781340838663,Safe
6.768274652625872,0.3957332400865518,2.9408499753325765,1704.0,175.73844200970942,13.849956790606182,1.6073940124204749,0.332502346314386,0.08740156348413287,1.9934791773608131,248.0,34.17601498127012,2.1725087093584468,0.2941336006485476,Safe
7.169980543688327,0.4417167162173925,2.940779215606812,1619.0,171.15782190715095,15.459296348119022,1.7941702462966769,0.2476788212599675,0.06821096539221302,1.7735706484122293,190.0,22.494443758403985,1.8411670447600006,0.23413472558335363,Safe
7.238189928573721,0.4414138489639932,2.937185494057513,1633.0,170.06175348972502,15.448696535043041,1.7929400564608022,0.30985385218323835,0.16371981236220445,0.9878576987043536,188.0,20.493901531919196,5.72990109824171,0.6649990939554488,Safe
7.805337457200596,0.5752218743506221,2.9343154388258106,1354.0,154.14279094398154,20.131738498957464,2.3364430959659828,0.3089076975810173,0.11436526270006839,1.643316523583382,236.0,25.099800796022265,4.023756086826325,0.46597042593420057,Safe
8.581252529989877,0.5990039501193187,2.93573260523345,1428.0,158.56859714331839,20.964068686119234,2.4330414160494116,0.2239204741669825,0.08512820462230376,1.5500327561612328,109.0,12.922847983320086,1.9681327993219548,0.26835635290049326,Safe
8.114355748112105,0.5329137719973255,2.937460134912227,1519.0,164.20414123888594,18.651030460993447,2.1645955393020846,0.08050735059211488,0.035024621168432093,1.291450006892316,42.0,6.928203230275509,0.34675563284845,0.06834559417414077,Safe
9.161824251335958,0.5644186676997642,2.937456190042246,1618.0,169.65848048358797,19.753645556141628,2.2925625018523013,0.37183032930317444,0.11001988047174671,2.0176249673716358,193.0,22.20360331117452,2.825746220169645,0.36491970730725615,Safe
7.654354675339475,0.4727111292906674,2.9405980520713526,1613.0,170.6546219708098,16.54404546275283,1.9200637243921046,0.08985252916558689,0.03845971576261548,1.2112537216008397,79.0,8.888194417315589,0.8265904188156127,0.11498006689563171,Safe
6.21895654747141,0.40357790655933895,2.935214897089865,1536.0,164.66329281293994,14.124506109892717,1.639257572618339,0.2350724038424195,0.06179545640558176,1.9788944280261658,257.0,30.773365106858236,1.727914111180739,0.21424799907908912,Safe
6.514221246969178,0.39215290745239983,2.9410048790030032,1656.0,173.11845655504212,13.724651541372742,1.5928513744622612,0.26610154591886737,0.06387734213462588,1.8791655391896225,209.0,23.515952032609693,1.9794145136168502,0.23582548203047318,Safe
7.598608956495722,0.4629760923684696,2.938204068952154,1633.0,170.92981015609888,16.203336553140122,1.8805218348707429,0.2269045553352508,0.07154334811657538,1.6898301930266355,222.0,24.289915602982237,2.226052083752372,0.2596665459682333,Safe
7.8610408184615945,0.4629760923684696,2.9407503598195848,1691.0,174.85708450045712,16.203336553140122,1.8805218348707429,0.475207107806331,0.19823390875462407,1.293831428831861,209.0,22.338307903688676,6.985869289648652,0.8180567111467875,Safe
8.59098486951377,0.5824313035226532,2.9358594265470765,1471.0,160.96894110355575,20.384055646983057,2.3657264416903843,0.796199234086089,0.14742664151801452,2.169385441941752,326.0,37.094473981982816,5.263471445049902,0.6000679544300846,Safe
7.5133367150186325,0.49504824250501656,2.939706920425733,1513.0,165.0605949341029,17.325804540605258,2.01079287827276,0.4725960262473841,0.0957192018909093,2.125551664338431,349.0,43.278170016764804,3.168648167089983,0.3912850095778294,Safe
6.527224266231213,0.4315313823657043,2.930250977371292,1507.0,161.60136138040423,15.102827850014274,1.7527993353160214,0.3977567524304083,0.08827682708715862,1.9994072293382696,240.0,28.071337695236398,3.155348760311049,0.3635124712255838,Safe
6.805869557203893,0.5094881742733339,2.903089213889499,1333.0,145.98972566588375,17.83117636887714,2.0694451660085016,0.035047591200870525,0.018338346668181058,0.8274735646479081,87.0,9.643650760992955,0.49785897105631205,0.06336053191658586,Safe
6.640618739496106,0.4490317653917918,2.9273501321852384,1474.0,158.62534475927862,15.71531000763479,1.8238826006112125,0.15703304625855707,0.04647676284581222,1.6828312459786279,198.0,21.6794833886788,1.4128163727847012,0.1731777657276372,Safe
6.044021732674971,0.4061983868655038,2.9337927721173527,1482.0,160.82910184416252,14.216218241537458,1.6499014708990947,0.15252636804098418,0.06795332170726594,1.4450205423518985,123.0,13.228756555322953,1.8673596707257356,0.22564199350487021,Safe
8.167348476957976,0.5480727290012387,2.92043092788948,1486.0,157.797338380595,19.18156688863581,2.2261683723481545,0.08615869506839512,0.06795332170726594,0.6509914978591141,70.0,8.94427190999916,1.342166306394519,0.2047841879449733,Safe
7.519460462446447,0.4757744043872877,2.9346180850907944,1577.0,166.12946758477256,16.651254621419042,1.932506171854004,0.2553712111690848,0.08865138612987493,1.5343518699418428,201.0,21.656407827707714,2.781740029652913,0.3251936187856702,Safe
6.6521924537580155,0.40166469251803544,2.9405435405687914,1650.0,172.56303196223692,14.057547034639299,1.6314864569198004,0.28426974575960995,0.08865138612987493,1.8756910212340885,209.0,25.079872407968907,2.2488221598393987,0.301470556223958,Safe
8.030547919959952,0.6128472932469645,2.9267228123383124,1307.0,149.04697246170417,21.44856097722294,2.4892704729019344,0.47523741139041037,0.1665530921065008,1.8194048259218554,267.0,29.206163733020468,5.659571380928309,0.6603540665784188,Safe
10.963376602757416,0.6234901732860869,2.9423197038185305,1753.0,179.15635629248547,21.821042774903653,2.5324998504645904,0.6180046766586971,0.11231073027570784,2.1549757708590085,447.0,49.24428900898052,4.477258133767831,0.5091173162973819,Safe
9.195394005440642,0.6070687074350298,2.9334827248842585,1510.0,162.52384440444425,21.246320791918823,2.4657989438680574,0.27103175781712624,0.10837889292497505,1.5938304063626227,110.0,16.911534525287763,2.0777940334695764,0.3115503984484144,Safe
8.554629314089636,0.5386099607204212,2.9362597217777675,1581.0,167.34096928128508,18.850386895314614,2.1877323868540333,0.25786891770553744,0.052050430680286884,2.2575882907005114,192.0,22.360679774997898,1.4629245725545015,0.17101799582728375,Safe
8.822526336828492,0.5380237823513317,2.9404763457922476,1635.0,171.8342224354625,18.829871699063464,2.185351440536562,0.36761336852226545,0.04788463617347012,2.5511917232849477,380.0,46.411205543489174,1.6448826988538103,0.18986360959222437,Safe
7.570871483287975,0.4514597610408074,2.9347699371387304,1673.0,172.3629890666787,15.800285519975603,1.8337446624070755,0.12288347795890817,0.05558874290647346,1.0854411767772993,219.0,23.043437243605826,1.9455067437104503,0.22579102146259927,Safe
7.636785887978254,0.5024402096779482,2.9362718470685856,1514.0,163.44418007380992,17.5845101927266,2.0408176590346194,0.08930091121227632,0.045185973463317576,1.261725160135037,137.0,15.264337522473747,1.311042672455913,0.16064452719031078,Safe
6.5621578291334375,0.4512980435830711,2.9349488713957217,1452.0,159.74354447050436,15.794625697713911,1.833087796501112,0.19510163926699145,0.05545631750845223,1.8469880670003653,189.0,26.664583251946766,1.3275573584768514,0.1881648174169989,Safe
5.403004223453174,0.3564357714160853,2.934177513044956,1511.0,162.4776907763032,12.474615555821043,1.4477750836937044,0.09390244091242296,0.03302886252431998,1.4799862399494077,73.0,12.68857754044952,0.3551024198532105,0.0712705773400488,Safe
5.724954284379312,0.39748595892872585,2.9230033908672706,1434.0,155.3512149936395,13.911298820466708,1.6145132267976925,0.03213488572055541,0.023563712946561698,0.5799740273830117,17.0,4.123105625617661,0.11037793725427963,0.03379332443574688,Safe
8.63219430889351,0.5616770994978276,2.9339987075093967,1532.0,163.46865142895135,19.657695564356715,2.281426767306799,0.13723738800941485,0.0796938742690061,0.9858762144615387,80.0,9.273618495495704,1.6388826809748258,0.23192330340895925,Safe
10.546771526791845,0.6917859802843523,2.9357656556001683,1520.0,163.682619724881,24.211274072377375,2.8099045769880093,0.6380747108916452,0.11401346295554796,2.1590709166398088,368.0,41.15823125451335,4.203593700823159,0.47750013185404944,Safe
10.732607855763293,0.6313697794962896,2.940610518068226,1692.0,174.79702514631077,22.096814922612122,2.5645053293061983,0.5541404421939581,0.11401346295554796,2.1516291404916137,432.0,47.138094997570704,4.1557507135651335,0.4743862061433909,Safe
9.097393204979019,0.5839890510436158,2.936301484227077,1552.0,166.0301177497625,20.438574028737612,2.37205371922085,0.26063838712118825,0.17032439211125558,0.9828083042922644,112.0,13.490737563232042,4.417155105658251,0.5920867554792874,Safe
9.10072592487817,0.5264525336800598,2.937708640295616,1720.0,175.64737401965337,18.424898656931788,2.1383512041491346,0.4077056846087989,0.10844236607883245,2.1119442880508177,368.0,45.86937976471886,3.7946258994063946,0.4396172102416654,Safe
9.976968009138934,0.6241897266776707,2.940823549885564,1591.0,169.7439247808298,21.84552589450219,2.5353413048057885,0.3225996913756604,0.09834642569283587,2.1480869089676964,212.0,22.44994432064365,2.622809865257957,0.3311753563922908,Safe
10.440656551834632,0.7346358382284082,2.9378540904217543,1416.0,158.88989898668825,25.710942588671287,2.983952642996512,0.3347868740910705,0.08201056009110441,1.8882869641898135,260.0,29.765752132274432,2.587263448671861,0.3067960539772931,Safe
8.239374891178757,0.5355023471391676,2.9340935659985807,1532.0,163.62151447777276,18.741625968856038,2.175109844804416,0.28337522104681473,0.06297518884225019,2.255128772278378,295.0,33.45145736735546,2.011361297934947,0.2361130392547296,Safe
8.093694878283308,0.5444355824152941,2.922449346491508,1481.0,157.67371372552878,19.054273252535346,2.211394966800356,0.38351183413015083,0.0848045168257401,2.0697769454208794,331.0,36.069377593742864,2.7875770149808945,0.31928742587267056,Safe
9.182297441248336,0.5936898647248227,2.938442895153652,1542.0,165.80711685570074,20.778085186023905,2.4114566003722246,0.25996757788028885,0.06824202761956556,1.8935193294812394,167.0,20.223748416156685,1.765288029656266,0.22430991554271315,Safe
7.409219247799745,0.4846015560457123,2.933014785938232,1523.0,162.82198868703207,16.960189167899312,1.9683604021414975,0.22654790870315164,0.05939156875391441,1.8344477212916894,156.0,19.949937343260004,1.7164274201248628,0.21678064892206397,Safe
6.998686689767624,0.4235117643247484,2.939835201995927,1647.0,172.15980947944848,14.822155538231437,1.7202251547439968,0.32595458051712756,0.07646694295961802,2.0925453041977513,242.0,28.319604517012593,2.2684615152050744,0.26396753418879765,Safe
6.70767899055685,0.4895295341610001,2.89560767852241,1366.0,147.0374102057024,17.132659602646875,1.9883769226494041,0.029405645471808208,0.022110573903603093,0.5602204506763796,96.0,9.797958971132712,0.6209499835968018,0.07776277129677243,Safe
5.75355838108614,0.411866969402825,2.9197334309308918,1395.0,152.7776161615307,14.414608508649497,1.6729261873151544,0.07590282846572395,0.02896691785223406,1.2531344230873591,42.0,6.928203230275509,0.319487810134888,0.062240621132071,Safe
6.500844975216729,0.41043165847678653,2.940520725476223,1576.0,168.76611034209446,14.364375189097242,1.667096224211799,0.14157944063670416,0.03243490806168021,1.9991869022205633,100.0,14.2828568570857,0.6176597469984885,0.09124043459613257,Safe
8.140856948885908,0.622134435610037,2.9181076713006187,1306.0,147.12579651441143,21.77359437701678,2.526993098940713,0.12731521907982868,0.05012360320691434,1.3708001016371927,146.0,18.65475810617763,1.1038995005867696,0.1571538552770611,Safe
12.507565187526165,0.7185927246364333,2.9422683309917397,1734.0,178.31993719155466,25.149462259177007,2.9187885321356664,0.6340780938347512,0.10692904133620029,2.455814558681409,426.0,56.19608527290847,3.169698255230682,0.38985366405639843,Safe
10.216152217375228,0.6271148865517209,2.9374458146128086,1624.0,169.96470221784287,21.947901266993902,2.5472227542030956,0.20150783380010182,0.06746125725090124,1.6344999963410596,268.0,29.086079144497972,2.4268561162129796,0.2773968642239665,Safe
8.723398044948931,0.5910955997584316,2.9210110064262658,1472.0,156.7928569801571,20.687290544461725,2.40091918387242,0.32763560756998455,0.08027592224694155,1.81186763139638,201.0,25.11971337416094,2.2181929747263585,0.27845232730525454,Safe
7.2078634587556465,0.4930445813268086,2.9168235470657815,1458.0,155.18376203714098,17.25567997706057,2.0026543833106834,0.05908718421396873,0.04322399551828695,0.6915298531140853,115.0,12.206555615733702,1.3503770015456462,0.16281642090523804,Safe
6.639726427492858,0.4501839759363826,2.92823129358741,1469.0,159.0,15.75563531933409,1.8285626631958414,0.047520993164518126,0.03493598634601368,0.7025936289204686,93.0,11.532562594670797,0.8338737054304645,0.11695869242852484,Safe
9.512431471851198,0.6023067457560265,2.938636306116661,1575.0,167.64545922869488,21.079660636005976,2.44645675090865,0.3433741680346196,0.06638727125714665,2.1578276471871716,258.0,28.74021572639983,2.3809039056903183,0.26536029293817065,Safe
9.635014147752283,0.598666227422201,2.937732768754726,1605.0,168.8638504831629,20.952248994750203,2.431669649954941,0.7471536629703862,0.11563295560957906,2.527480575929459,609.0,74.33034373659252,4.11520717902617,0.47379584340826486,Safe
9.558213486046157,0.6553750649747,2.937012446529266,1454.0,160.44936896105264,22.9369570510556,2.6620102852608754,0.06486543285111528,0.035434457123352026,0.6888580287224165,33.0,5.744562646538029,0.3624395144106164,0.07510013461442999,Safe
8.218086623363027,0.5071301423928465,2.942116246460467,1617.0,171.985464502091,17.74864946350907,2.059867283885273,0.2705922926277031,0.06668099264441907,2.0803649156334814,209.0,23.473389188611005,1.9388531109299325,0.22879002286632988,Safe
7.5495400149525205,0.49308795043392634,2.9350344323270536,1526.0,163.82917933017916,17.257197818370777,2.0028305404692017,0.3408651239959176,0.10263002064124059,2.042977481729191,147.0,21.517434791350013,1.8384538985262013,0.2836291969686429,Safe
8.761657015272089,0.613555149567705,2.9364182134964447,1423.0,158.5780564895408,21.473334684516438,2.4921456521801857,0.26992165197419776,0.08487515494384436,1.530981920826392,148.0,16.24807680927192,2.73651774844738,0.3165664931075494,Safe
9.713735104170265,0.6161905920050912,2.9384664837109162,1571.0,167.3170642821586,21.565570464037883,2.5028503238246675,0.4560395218936981,0.1058771402910654,2.1813499082634893,239.0,30.773365106858236,2.2075706130326385,0.32304371792235753,Safe
9.399183774986245,0.5914457136290117,2.9410427643345085,1586.0,169.4815624190431,20.699543904776526,2.40234128058361,0.544340625565599,0.08560623417811432,2.345718768187762,343.0,38.92300091205713,2.9355530991698755,0.33096208282303874,Safe
8.492755822794038,0.5177588189440208,2.9398642839496016,1635.0,171.40886791528612,18.120634164473024,2.103038969550533,0.6157119723934015,0.08800232466280715,2.499178751462728,460.0,56.0357029044876,3.2901392145590345,0.36698451305755064,Safe
9.43048244615892,0.5932528019057648,2.940374528508481,1583.0,169.07690557849702,20.762788767766473,2.409681333381128,0.39444127059229883,0.137893825174972,1.8609549930106497,214.0,28.071337695236398,3.991164573515304,0.5009399653710578,Safe
7.817715670506882,0.48987374747278856,2.9374904147686283,1591.0,167.9613050675661,17.144706453939882,1.9897750524002515,0.06216322980568782,0.018657314017711504,1.5165026247500077,94.0,14.212670403551895,0.35396480439889333,0.055000756479107286,Safe
8.657145517166473,0.6128828651871077,2.9261819429723577,1407.0,154.39883419248994,21.4498059316115,2.489414959434286,0.008945542155891726,0.008733796388972993,0.11199937205900282,91.0,9.539392014169456,0.2687794909332738,0.03325622528790391,Safe
10.856401368475249,0.735234913533142,2.924876434952416,1471.0,157.82585339544343,25.731909154641507,2.9863859742415895,0.2477109793053813,0.11536751475765746,1.3706734774416278,93.0,14.247806848775006,1.8264893178987984,0.30902763946533784,Safe
10.98705347999223,0.7154553132332824,2.930736217567433,1530.0,162.48692255070867,25.039658462158357,2.9060449569363183,0.030337849467172162,0.028994376524038905,0.18132687805346837,35.0,5.916079783099616,0.32941905236003355,0.06709156448611597,Safe
8.425801908232085,0.6146035524244134,2.90918164717201,1367.0,148.79852149803102,21.51002691249655,2.496404067455358,0.1482386005545769,0.0979828669775809,1.0038466410383602,150.0,16.792855623746664,3.4292253881993915,0.3979879821697789,Safe
6.677799677728053,0.5641124708453326,2.9243780981244596,1179.0,142.20759473389597,19.74292921297478,2.2913187878030903,0.25430613923379025,0.08395999934870306,1.5479666190179062,268.0,30.430248109405877,2.9593012796507945,0.338153972550767,Safe
6.537699022491625,0.3915594798253665,2.9399155152094663,1663.0,172.98843892006195,13.703882634037672,1.5904409830220838,0.07822404507403719,0.03538105706628872,1.3546399401318001,42.0,6.782329983125268,0.3517570892969766,0.07067201023835697,Safe
7.28603737015338,0.5173338522704853,2.935133854050101,1405.0,157.4833324514058,18.105761089710274,2.1013128348281382,0.39440220046372926,0.1329533294456765,1.9106023936441918,170.0,19.44222209522358,3.102267150927072,0.4190223408573645,Safe
7.5553365553219205,0.467113395605693,2.94071719275272,1613.0,170.76006558911834,16.348134778966806,1.8973267826927307,0.2179818989181005,0.05184188807385498,1.9196280510731905,113.0,15.394804318340652,0.9337654198058932,0.1447348011177175,Safe
7.350041679669145,0.467113395605693,2.938513884522359,1567.0,167.46044309030117,16.348134778966806,1.8973267826927307,0.40013547841351466,0.07698703507024245,2.068163805000406,277.0,28.722813232690143,2.6921828569787913,0.3050347612738566,Safe
7.642562218933794,0.45599939809391576,2.941415731428931,1669.0,174.14074767268,15.959164710960003,1.852183814539286,0.5268813778636582,0.06913288555654032,2.363984241650477,422.0,47.56048780237646,2.7951187774388484,0.3101070922538213,Safe
7.5888954566131135,0.4455471061037596,2.9404522728421916,1699.0,175.30829986055994,15.593353154683353,1.8097285697956984,0.33474160837576983,0.06209246524703803,2.3974409555778897,335.0,38.24918299781056,1.9362546789525736,0.2264056941277755,Safe
8.411003370003213,0.5232600363459051,2.939232025721484,1602.0,169.71741218861428,18.313166950688213,2.12538388025573,0.3040888376565242,0.056755620554346076,2.1368973009766243,266.0,35.52463933666322,1.345793274315921,0.1803990713749316,Safe
9.623170124677449,0.5658422196550682,2.9424499950008434,1691.0,176.04828883008207,19.80346733271474,2.2983447022275456,0.5331062566544746,0.09417279187219608,2.194167188532373,354.0,40.0,3.922244202006947,0.432080815692629,Safe
8.422037562457335,0.5590451973957163,2.935630841424388,1503.0,162.53307355735325,19.56558369024835,2.270736475838523,0.3392573481657725,0.06984638955498125,2.0111266136035173,402.0,46.08687448721165,2.368022211874374,0.27189526496511446,Safe
9.293671752843828,0.54367744490428,2.938621948273821,1702.0,174.78558292948534,19.027739793363242,2.20831555478147,0.34232462721300133,0.06910342490943121,1.9079291022400102,367.0,42.485291572496,2.7430625925160417,0.3066356862065165,Safe
8.76018233918954,0.518104338808113,2.9414843435235825,1684.0,174.94570586327634,18.13272674276371,2.10444240627117,0.1422260997334068,0.05553466849983398,1.4312140283178107,140.0,16.1245154965971,1.5972737471262612,0.19108286250744982,Safe
8.51455025318696,0.5518973026225112,2.93847936525213,1538.0,165.58381563425817,19.31542013630723,2.2417030712719805,0.1430713547802928,0.05553466849983398,1.0786813393197165,118.0,13.416407864998739,1.630929469460189,0.20430388948408146,Safe
11.446830457971329,0.7151974588140927,2.937694184054226,1595.0,168.47848527334284,25.030634017905804,2.904997600769344,0.5463520839107815,0.09556730464887604,2.37043434939279,530.0,58.22370651203855,3.2537995655127245,0.3784851897419091,Safe
10.367567383755222,0.6449825793625807,2.9395419376401253,1602.0,169.49336270190642,22.573238611221313,2.619797962779618,0.24813097265079237,0.08090930508636326,1.657307762382598,217.0,23.600847442411894,2.7637244011416575,0.33113167012406247,Safe
10.572366085633904,0.6706478184695926,2.937437461008161,1568.0,167.03293088490065,23.471476152689764,2.724045338256411,0.4911665177571632,0.11525346538558698,1.9465605732088231,264.0,31.52776554086889,2.998269116035615,0.391431074243613,Safe
10.812002866729507,0.7426458467879036,2.925020376701892,1452.0,156.8884954354525,25.99127858576149,3.0164877916616937,0.08647437496374172,0.0325404859172,1.2925686411172013,32.0,5.656854249492381,0.27883998251924647,0.05997833952596989,Safe
8.554684168212974,0.6599734968814811,2.9147711919167,1294.0,146.04109010822947,23.097893956935764,2.6806882510336436,0.10663704796971682,0.07788042181812786,0.8369112630589817,136.0,14.628738838327793,2.7256757020950317,0.31633562974861607,Safe
6.9425753259396155,0.4345811283239526,2.934515250466473,1592.0,167.23038001511568,15.209563512994787,1.7651868299617066,0.3445547012614098,0.08374068822247661,1.9126314182843394,279.0,36.53765181289022,3.348228398597603,0.3725671263638891,Safe
7.02766346998241,0.4855841676718953,2.9324353701259627,1444.0,158.23400393088713,16.99457882028637,1.9723515858088485,0.061371374815865146,0.02214488143829096,1.3894834970859522,55.0,7.54983443527075,0.3263681494828423,0.05388001898844076,Safe
7.541024265284318,0.5159599071558787,2.9246896057914045,1458.0,156.93310676845724,18.057675463984715,2.095732128112347,0.0,0.0,0.0,0.0,0.0,0.0,0.0,Safe
9.497475430849441,0.5691807558193132,2.9347110323275936,1663.0,171.72943836162744,19.9203101372478,2.311905208389431,0.30769829376299723,0.06557421640252299,2.0501498298497385,377.0,41.84495190581536,2.175505939758185,0.25083621251610505,Safe
7.942961015709492,0.48732310449460625,2.9397082400665315,1625.0,170.80690852538723,17.055438504074562,1.9794148202144088,0.25528207058448427,0.04155417952713384,2.1842203082495275,241.0,31.160872901765767,1.2981287373436827,0.15836917767777633,Safe
6.8077597801393335,0.46504099291756384,2.9349240454099337,1458.0,159.84992962150469,16.275604385318182,1.888909072642662,0.19631407765810435,0.05426158079371392,1.7023806690736945,155.0,18.57417562100671,1.4620184193957937,0.18375817388869733,Safe
6.373191106209116,0.41620598745702153,2.9363566915357655,1526.0,164.25589791541734,14.566466392892778,1.6905504627957142,0.22861575953164162,0.06649651588848687,1.7380619815779972,253.0,27.184554438136374,2.339502354462941,0.2630629503885131,Safe
8.663183095362507,0.5658830178044267,2.932176766465224,1524.0,162.40073891457513,19.80489519509402,2.2985104166390578,0.01955854007941995,0.019092943843920105,0.11250011945290661,103.0,10.44030650891055,0.6682189426036801,0.07755194789167899,Safe
8.775774102180813,0.5193483873356091,2.942460619820572,1684.0,175.69291391516052,18.176266219880844,2.109495497474276,0.22920939789291755,0.06142953746681018,1.8306075388538428,259.0,29.03446228191595,1.8948918382326765,0.23253873840433936,Safe
6.438643728953685,0.46055602032697407,2.9318049278566383,1393.0,155.1418705572419,16.118638352914292,1.8706919572787688,0.1358997313313761,0.04745322103211261,1.3404219916175042,112.0,12.884098726725126,1.1676711662851202,0.15165678335823482,Safe
6.5120377451883735,0.48163821112691135,2.9235753210981956,1348.0,150.43270920913443,16.856477387023695,1.9563238522722588,0.027385378435287017,0.027385378435287017,-0.0,100.0,10.0,0.958439346515771,0.11123425799440453,Safe
6.161168244834849,0.4409093090404693,2.931923821241597,1393.0,155.49598065544973,15.43103853861491,1.79089071015893,0.03819374807508749,0.02390931710435103,0.8783425683510783,91.0,10.44030650891055,0.5708508732342963,0.07650159505891702,Safe
6.177286969873053,0.4269868984250172,2.93177224834778,1443.0,158.14234094637652,14.943779026619112,1.7343404960378148,0.03271453132812573,0.018430100357389272,0.9387823769808581,52.0,8.0,0.2484979015408142,0.04394736311203354,Safe
8.518838990050883,0.5323997911797351,2.937766794062974,1592.0,168.76611034209446,18.633042050130435,2.1625078458636637,0.42154295859025903,0.07570231483393337,2.455094922377996,382.0,45.58508528016593,2.320372488763597,0.27328632234541955,Safe
6.8721068278271895,0.4908005988183916,2.932259849040453,1396.0,155.58277539625007,17.177144596070956,1.993539748292364,0.4009576791342652,0.10474789977891302,2.058563193693744,298.0,32.64965543462902,3.262156267960866,0.3877443455432151,Safe
7.28752275153545,0.5000014665825623,2.937201262621521,1454.0,160.8166658030193,17.499158538953225,2.030911943132418,0.2847333610932298,0.07063263901395198,1.708410272660599,221.0,23.811761799581316,2.443800641430748,0.28544631600667314,Safe
9.23081428014947,0.6871566547376128,2.930516647392102,1340.0,152.2366578718805,24.04925594426165,2.7911011270585897,0.18921140645335147,0.11937728163128689,1.1633113687682686,54.0,8.12403840463596,1.5404495319934806,0.2859979782149443,Safe
10.84799066982696,0.6831922378729811,2.9399172196853285,1580.0,168.55266239368632,23.910508432773632,2.774998411174642,0.7881144991641836,0.10588249294082629,2.537535262924424,524.0,60.58052492344384,3.6843918429480658,0.41440162098728217,Safe
9.339731388329929,0.5150704822117533,2.9437285567360947,1803.0,183.1256399306225,18.026547179077617,2.0921194512258365,0.5250601282458054,0.11685420269203073,2.139863187354066,241.0,34.741905532080416,2.4439831165352253,0.3604803181361992,Safe
8.97552228398216,0.5830828095069345,2.929784726228534,1534.0,163.03987242389513,20.40685719311839,2.3683727364973635,0.20076908383940287,0.06361329212870513,1.5561673612055953,148.0,16.24807680927192,1.7421302127115652,0.21819081304042948,Safe
9.769579973475139,0.6045844457432522,2.93358488131069,1609.0,167.621597653763,21.159376068548717,2.4557083399860695,0.23706413746249885,0.08271045065747633,1.592094026419947,149.0,17.349351572897472,2.2711216319691045,0.27966869800829003,Safe
11.724301790625585,0.9083450015967252,2.9128510505974616,1288.0,145.0241359222664,31.790453135365187,3.6895266024640923,0.0686251846193781,0.05829600357372223,0.4359624340329929,35.0,5.916079783099616,0.5983869108286772,0.1267360956737504,Safe
12.438636924919145,0.777950238736751,2.934730687700089,1591.0,167.16159846089053,27.22686926523844,3.15988759355428,0.23448850140314959,0.1111905934828338,1.2125258359402582,115.0,13.601470508735444,2.567770694241379,0.3491813404680405,Safe
9.188145147891829,0.5924763305156485,2.934702883813965,1545.0,164.59343850834395,20.735613655562354,2.4065274525926057,0.192397455319684,0.07441359064701576,1.4400499662376651,76.0,8.831760866327848,1.3975039112447485,0.20128505625680432,Safe
8.889490113752995,0.6127715132133419,2.9285436273650887,1445.0,157.3944090493687,21.445908811357285,2.488962668654105,0.0701359805510996,0.0701359805510996,-0.0,100.0,10.0,2.454634086050168,0.2848791654914294,Safe
7.365894415946396,0.5372790475381443,2.915599329506959,1366.0,149.83324063771698,18.803807310383732,2.182326467756169,0.31417634867281863,0.05560758254775783,2.1139862242413088,251.0,29.30870177950569,1.7160720746926588,0.20862633533899339,Safe
7.750054110358432,0.5602262785315371,2.9261410786555073,1378.0,153.36883646947317,19.60691942109002,2.275533805336257,0.25074428799271037,0.05089927380690884,2.224290505084814,191.0,25.787593916455254,1.0304945147398743,0.15165563693598397,Safe
10.345354224422344,0.6381641465041853,2.939586596914489,1614.0,170.1117279907532,22.334605636018694,2.592102770563067,0.3821702156483521,0.11581325982750867,1.7495753018048927,193.0,21.79449471770337,4.19431101733988,0.4649736236924964,Safe
9.954414935472816,0.6701556697195309,2.930067074788766,1480.0,159.93123522314207,23.454251825207415,2.7220463225712583,0.34478317932718733,0.08388668490571835,1.988548222109063,248.0,30.166206257996713,2.7582144394065393,0.31482189205018696,Safe
9.013401152952024,0.5707982675714642,2.9355257388149574,1575.0,166.37006942355947,19.976920160380274,2.3184752369896535,0.5936838377254856,0.11775749394931621,2.31886315088357,334.0,41.036569057366385,3.8582839965820304,0.4579307681098598,Safe
10.332435541004179,0.5932231305244131,2.9425817921234243,1737.0,178.4852935118185,20.761750322399713,2.409560813809119,0.5911836866718194,0.12485548685388438,2.080707452701456,353.0,38.768543949960254,4.465039784258062,0.5129151712223335,Safe
10.277559501306024,0.6004503035196671,2.942035246382688,1706.0,176.62955585065598,21.014688472555143,2.4389162316071227,0.4483346565174216,0.10196089727428163,2.249132957194294,437.0,50.20956084253277,3.568449345501986,0.41414599325508844,Safe
9.69948173542688,0.6065240015648751,2.932460177971325,1593.0,166.8382450159435,21.227257059078024,2.463586451043281,0.37659726431030205,0.06766347783005651,2.1460084539478235,291.0,32.63433774416144,2.817810194058852,0.30741395894992574,Safe
8.805272007104012,0.523472287875006,2.9387278480384325,1676.0,173.26280616450836,18.320595375215163,2.126246006057771,0.336382722363087,0.06434226402054956,2.1944685460317945,223.0,27.477263328068172,1.9552142060164244,0.24015950674654513,Safe
7.8053741249588,0.4899060319587479,2.9373808018829415,1588.0,167.8809101714665,17.145836353302002,1.9899061859118408,0.1888510508985833,0.03920272255501404,1.9122024050006596,319.0,35.17101079013795,1.5390237341023456,0.1704141022672715,Safe
6.895755845995137,0.4352301476441719,2.938708410560079,1578.0,167.88686666919483,15.232278030328075,1.7678230244068271,0.30118639493382154,0.09623588010680435,1.8832668500038923,225.0,26.851443164195103,2.8081843244909037,0.3549520325279745,Safe
8.683092339368386,0.6109606738670713,2.926849447472887,1417.0,155.10963864312237,21.382532667632056,2.4816073797175116,0.13691568111473118,0.07091287340970091,1.1275354284625314,94.0,11.832159566199232,1.4012678241488903,0.20726664288782876,Safe
7.32737571566929,0.4916216194273838,2.9152413901250065,1488.0,157.0668647423765,17.205878851389645,1.9968745796314735,0.02663632357012715,0.02663632357012715,-0.0,100.0,10.0,0.9322237637307906,0.1081917379751889,Safe
6.281156065713665,0.5512396431983473,2.869217360394098,1137.0,129.94229488507582,19.292403230763448,2.2390317823492163,0.014636483596347958,0.014636483596347958,-0.0,100.0,10.0,0.5122507912944061,0.059450644304013076,Safe
8.352163292762064,0.5854969809896385,2.9137497928920713,1420.0,152.97058540778355,20.491348884322427,2.3781786471289945,0.004373114854641854,0.004373114854641854,-0.0,100.0,10.0,0.1530512113763829,0.017762770272825572,Safe
8.059311521414969,0.546772119403041,2.937011625824343,1469.0,161.2854612170607,19.1360478750383,2.2208855407109076,0.05355342944503388,0.02710371104668871,1.1645517181111038,49.0,7.14142842854285,0.33140375939282485,0.0599708219209914,Safe
6.998173530813579,0.43089812596682814,2.9385834671230775,1620.0,170.15287244122564,15.080665006782072,1.7502271668935308,0.1446773182959519,0.04894816974879402,1.6391086357195106,164.0,17.4928556845359,1.750978402417116,0.19939700126028545,Safe
6.661460524672137,0.4372250422778895,2.9393672785677243,1518.0,165.74679484080528,15.30209578046895,1.7759259113135377,0.19946649333932517,0.06388779455305658,1.746516821964431,290.0,32.55764119219941,2.1637850789108666,0.25269445376186966,Safe
7.361526084759061,0.48349376827945195,2.9403841890343645,1517.0,165.6713614358257,16.92141857412126,1.9638607765297345,0.02129010120364152,0.014254822809657557,0.6344956820679806,81.0,9.0,0.3337931735347016,0.04495023833008229,Safe
7.902374274943077,0.4796545697017461,2.9403286946243714,1641.0,171.9912788486672,16.787053479088677,1.9482666737827732,0.27969293518611493,0.07650538088545995,1.9763380280770273,233.0,28.337254630609507,2.0563176183989555,0.2591594953665324,Safe
6.727132142441569,0.43501460866088715,2.939732435609845,1539.0,166.66433331699977,15.224734550774702,1.766947545584024,0.16730680419842112,0.031970407644241645,2.2760323986986304,188.0,23.15167380558045,0.7071456258947199,0.09501856482304237,Safe
7.808778452353571,0.539649639179488,2.927753309239285,1442.0,156.83749551685656,18.886773784955345,2.1919553652664123,0.11759712519073226,0.033016534571130546,1.8386489965623842,71.0,10.344080432788601,0.4311169849501717,0.0739775914058208,Safe
7.846060774829611,0.5630429945643687,2.9372344010370934,1390.0,157.30225681788548,19.70549945277397,2.2869747762409807,0.3891145411432495,0.0872105539666815,2.0042413605149214,257.0,33.77869150810907,2.8922757723114705,0.3481126022627046,Safe
8.219054947207564,0.49293794980007605,2.939999004910461,1659.0,172.7744194028734,17.251948064023797,2.0022212660987764,0.33494564126941107,0.071888151484243,2.0996068852044427,321.0,41.38840417314975,1.9920540879471136,0.26066595313119195,Safe
7.148397121492474,0.4724354467545576,2.9374345110832176,1507.0,163.56344334844508,16.534397066241564,1.9189439537663802,0.12230239935848847,0.04374189599278881,1.584695404557737,114.0,15.165750888103101,0.9015367380296341,0.1269354262522659,Safe
6.876628404955711,0.4520587520518442,2.9341791574727436,1516.0,162.77591959500643,15.821249135816938,1.8361776512670045,0.1607823456083892,0.042466616650546185,1.6629970468065904,212.0,23.194827009486403,1.7300728150088385,0.18910043503515248,Safe
5.517412813113512,0.3647878859449436,2.9372997877548404,1507.0,163.70400117284856,12.76692465098217,1.481699802481039,0.25561416667732584,0.061650197292188964,1.8209169311888804,175.0,22.38302928559939,1.4125651419162748,0.1925106553376578,Safe
6.732456912062163,0.4488171957860228,2.925153090554548,1494.0,159.02829936838285,15.707800454563563,1.8230110592176085,0.22810588803178108,0.08208488605845338,1.8654669706634164,121.0,15.198684153570664,1.6684972707069283,0.23379321906817996,Safe
6.075256698886123,0.3610587327886997,2.9422861758942807,1675.0,175.01714201757494,12.636410949206113,1.4665526835444689,0.09844212011237986,0.024490922540377113,1.7393841592015808,119.0,14.38749456993816,0.6313854766012439,0.08010690263341061,Safe
6.138827780946044,0.39996090616698254,2.9329102682042496,1530.0,163.13797841091449,13.99791755459525,1.6245659971208533,0.07715819342204519,0.039755562766931436,1.003876746336558,126.0,13.341664064126334,1.2422908490354363,0.14460618475065182,Safe
8.209884930936504,0.4979048294565394,2.936468597008847,1643.0,170.61359852016486,17.42577998325078,2.0223957973523707,0.6051167182930963,0.11041610299459763,2.351485595514986,447.0,54.616847217685496,3.9797264542242496,0.44965034616671895,Safe
7.20664589952244,0.4898077455080205,2.931799953580261,1469.0,159.55876660340542,17.142396503024628,1.9895069648295614,0.10711828068601421,0.059337115025638335,1.0140470386452685,99.0,10.816653826391969,1.5901831310204768,0.1995306302947653,Safe
6.268138526862318,0.41238516490526644,2.935659834941149,1514.0,163.17475294910057,14.432744425956649,1.675031000010963,0.18714924544941045,0.08259176513206964,1.5760169974763714,226.0,25.768197453450252,2.890564305613739,0.33547222042679853,Safe
7.344791804998356,0.5584648352917213,2.9188305856215133,1312.0,148.31722759005442,19.54527205289012,2.2683791540962472,0.14940526746820695,0.08660578883739868,0.9751007206969065,105.0,11.180339887498949,2.3890093691421277,0.2953682164638413,Safe
9.336471582478701,0.6645427631690927,2.92239845805188,1399.0,153.20900756809309,23.257810118222476,2.699247751545289,0.22342773536104163,0.06594089398456776,1.7132944464926743,74.0,10.488088481701515,1.0183151653318694,0.16323607602738635,Safe
9.644149013551687,0.6624376966733675,2.929991266798171,1452.0,158.0379701211073,23.184136549631752,2.6906973672504657,0.05986163255535641,0.05965553446613814,0.022963216032777227,98.0,9.899494936611665,2.0287459113381114,0.23886897392653395,Safe
10.63725925111134,0.6309331381457167,2.9431576017867873,1680.0,176.18740023054997,22.0815332549991,2.56273177424084,0.7012404034891646,0.11690448388230422,2.3748908633317907,562.0,59.89991652748775,4.009680986404419,0.4722487156175235,Safe
9.518337088264545,0.5949750064296169,2.935239205729823,1594.0,167.25429740368406,20.823062850971414,2.4166766043348593,0.300636926469785,0.05072647172801417,2.182425533050005,176.0,21.447610589527216,1.4142957943858523,0.1775270213988322,Safe
7.687778833155979,0.49432685704590407,2.9400046144705243,1549.0,166.97604618627187,17.30055733762606,2.0078627461782945,0.47658948229063985,0.07873254680132112,2.257241357784304,386.0,47.138094997570704,3.113226983282301,0.3430547460105124,Safe
7.565580115044827,0.4782907398307821,2.939997602889801,1577.0,168.63273703525067,16.739321868829055,1.9427270532847118,0.6837147745008192,0.12018194926305688,2.3314094586528116,535.0,59.08468498688979,4.06905099478635,0.4772370587451675,Safe
8.859871858503874,0.5171173439096849,2.940646208564615,1707.0,176.05964898295122,18.09818368367474,2.100433418576136,0.7433011038417024,0.1330284772765714,2.388204182534117,553.0,64.8459713474939,4.68439467145939,0.5429905772786765,Safe
8.967845593774113,0.5250491700651926,2.9409040482662054,1700.0,175.4821928287882,18.375783436226122,2.132651005016777,0.3124982297525089,0.07819652318195958,2.0143945018462324,227.0,27.730849247724095,2.5126816413619304,0.2957452807234837,Safe
9.612514052674744,0.6157212025532254,2.93649939797529,1558.0,165.79505420850165,21.549142671353884,2.5009437521294076,0.3202470121449338,0.12924090858829143,1.5616900220379633,143.0,17.69180601295413,2.813443683012567,0.40325280533305635,Safe
10.576379182108566,0.6160843397999952,2.939413177925703,1708.0,175.29403868928344,21.56185182658109,2.5024187473459256,0.10871716353112348,0.05600679749685302,1.344617318578125,113.0,12.449899597988733,1.315138415856795,0.1769641131993982,Safe
8.871548937911756,0.5281838419231903,2.9407495771822285,1674.0,173.99425277864785,18.48549135405608,2.1453834526988227,0.3005409580957257,0.06445437463758853,1.9444197977919864,210.0,24.24871130596428,1.8654855357276066,0.22738878915139563,Safe
9.204993477024605,0.6229083781892425,2.93286219169873,1473.0,159.8155186457185,21.80068098535441,2.5301367081748025,0.2177320102532794,0.07785302636659579,1.4108782713116756,132.0,17.029386365926403,1.496476470822035,0.22389577224588933,Safe
10.016376113286743,0.6254693892921586,2.941663794579886,1597.0,170.53738593047566,21.890311801072322,2.540539053733819,0.3847461045887924,0.0635168179924637,2.22142774744639,336.0,37.52332607858744,2.365314716642553,0.26377987857328467,Safe
9.330758071400869,0.5413742460737053,2.9430103998100794,1718.0,177.9494310190398,18.947131946833448,2.1989603941968547,0.527385243437606,0.09640910365418412,2.185994130487588,459.0,51.66236541235796,3.481165421731544,0.39457327127254893,Safe
9.641946882863841,0.5983824105443286,2.9357794143773646,1605.0,168.5437628629431,20.94231591080174,2.4305168391624585,0.25418216427889545,0.09715135180330947,1.5686448340144532,224.0,24.124676163629637,3.1998345851898193,0.37408838203112205,Safe
10.26042415213489,0.6548518961441342,2.9341094056492723,1563.0,165.3027525481654,22.918647076144367,2.6598852718413495,0.2702893832274553,0.08657114412792273,1.7062440893077826,96.0,13.92838827718412,1.301115861444762,0.20968242022973166,Safe
6.862772776021724,0.48438787152376206,2.924184632972011,1411.0,154.31461369552787,16.952710591181358,1.9674924557919453,0.19487864029152033,0.055227502267886586,1.948227753639908,154.0,20.0,1.2186845553041705,0.16191822291006538,Safe
7.424255304593401,0.5199415620815514,2.9286224842912363,1425.0,156.00320509528,18.197026276829263,2.1119048617590095,0.09256025344816927,0.027632443261257876,1.5893423098379522,124.0,13.711309200802088,0.7615641849209563,0.09543364865119118,Safe
9.117123914934606,0.5783528794327994,2.937389214230077,1571.0,166.8022781619004,20.241318086181025,2.349160649894101,0.19123150490247862,0.07601774184818891,1.3126486243270539,211.0,23.388031127053,2.271924289790067,0.28313890445967244,Safe
8.761489186521318,0.5428565085889849,2.938168281893298,1606.0,169.14490828872147,18.999008488173438,2.2049810658275084,0.20837313395404136,0.07382661148780455,1.4829840059825852,121.0,15.264337522473747,1.4047994535378736,0.20802494012148304,Safe
9.68500791759236,0.5978482835331501,2.9288330991805753,1615.0,167.1316846082753,20.92362241913574,2.4283473156737245,0.3424551981496881,0.08753525328760943,2.118404937223037,324.0,35.35533905932738,2.8747986326313977,0.3472207924291535,Safe
9.116867872829902,0.5594549490569393,2.937331919854665,1623.0,169.65553336098412,19.579924266747753,2.2724008100417477,0.24969011101775587,0.050823283039043696,2.009164664970757,214.0,29.79932885150268,1.0812491575876866,0.1522334234824144,Safe
9.859178104263114,0.5905201266888639,2.9412740860856186,1662.0,174.07469661039195,20.66715001457869,2.3985817204687137,0.5830606402646178,0.13467013917291926,2.3429548448647135,302.0,36.76955262170047,4.009725570678711,0.4848899741612215,Safe
7.246580396734724,0.5162307428044097,2.912438383185769,1400.0,151.16877984557524,18.06715422808522,2.096832211592076,0.129303159483542,0.08936779826086311,0.7057980857074901,83.0,9.327379053088816,2.08686489288253,0.28363771133082827,Safe
4.986067030321338,0.3947392909581194,2.9225001129236863,1261.0,146.1061258127119,13.815170345884383,1.6033567779507512,0.10185043038433458,0.09521698004405349,0.2408537796931437,88.0,9.38083151964686,2.7430795184289565,0.35010193081299523,Safe
7.30017850183918,0.4790313442528155,2.9276486579235175,1521.0,161.9104690870853,16.765241701193528,1.9457352491928652,0.22004018241197854,0.09105864552942315,1.3831231633755479,132.0,14.071247279470288,2.924794799751706,0.33810400349665715,Safe
6.900433977592452,0.49239889160762174,2.936403416758674,1397.0,157.24185193516388,17.233081989818146,2.000031713078899,0.12206123509130913,0.05574026082687013,1.0703144336806023,186.0,19.949937343260004,2.12849963795055,0.24239954834838628,Safe
7.491029673580696,0.4636402424073043,2.939120214613095,1609.0,169.77926846349644,16.226580618607876,1.8832194874498847,0.17691358826060025,0.04837109509898286,1.7474006918081542,252.0,27.85677655436824,1.7004237777054916,0.1915766150054605,Safe
8.867766511138996,0.5540353279537719,2.937723896941292,1595.0,168.66831356244717,19.390247205291132,2.250387328159575,0.5150520218921055,0.0951543919740148,2.0992480969274205,366.0,39.52214569073901,3.550722048138128,0.3949357032086919,Safe
9.693803058719341,0.6072593797776932,2.9387536468101607,1589.0,168.41912005470164,21.252993983451766,2.4665734190722737,0.6019675900660593,0.08677382832241162,2.508055963541418,496.0,57.043842787806646,3.5045527815818787,0.39326524757390297,Safe
8.032703056911707,0.5063358850326586,2.938785245549152,1581.0,168.34191397272397,17.72085187411068,2.056641159830575,0.3517798512079353,0.10330719405626512,2.0078626427337616,201.0,26.362852652928137,2.6963236470415133,0.3402739022822235,Safe
7.687052937984076,0.4639310978088779,2.939345954500425,1649.0,172.06684747504383,16.23676003831806,1.884400887402205,0.5598703905427111,0.08978581070439415,2.400983229477873,458.0,54.11099703387473,3.2012782157069504,0.3589481944366754,Safe
7.582975383830728,0.506613843498588,2.9122063923179566,1494.0,156.91398917878547,17.730579924101782,2.0577701748552886,0.41422293608773547,0.08536237251263029,2.167045754598237,307.0,37.986839826445156,2.919695247303356,0.32896632284815347,Safe
8.166007553899176,0.5011834328022018,2.939400982537494,1624.0,170.67512999848572,17.540525246148157,2.035712867674204,0.474164521214717,0.11089708282980394,1.9368859871733823,423.0,47.12748667179272,3.881199883692193,0.4504430987311999,Safe
8.195027787514777,0.5369782876271705,2.9385016551376,1521.0,164.70276257549537,18.793281250529816,2.1811048375489883,0.6798738900491729,0.12359921574032016,2.2326561647963814,330.0,37.389838191679836,4.296167184006084,0.48185747933158074,Safe
7.674132357957727,0.545267139736414,2.9185381231684753,1403.0,152.77107055984126,19.083376273964397,2.2147725962829345,0.3311417617507573,0.09030417479422963,2.1339511479502615,193.0,21.142374511865974,2.483124268777443,0.29734439163976795,Safe
7.261663110089682,0.5107339929684674,2.9261164787539435,1420.0,155.74337867145428,17.874777798700812,2.074505447299709,0.08847930054740494,0.03686268737884069,1.455628739777312,63.0,8.660254037844387,0.500978461419693,0.08401700375020585,Safe
8.285335270836615,0.5113603794310364,2.9379725955502387,1614.0,169.57004452437937,17.896700206429067,2.077049711332658,0.5743981563433253,0.08503569228982234,2.3969953000737774,444.0,54.24020648928247,3.1131095735713683,0.34461982136320946,Safe
8.004376096807263,0.4797496529919867,2.9412089260647405,1664.0,173.75269782078206,16.7903812244685,1.948652884229438,0.31658727484818733,0.054308153061318455,2.31971110076764,371.0,43.73785545725808,2.002219211573552,0.22286613662920715,Safe
7.058260311833681,0.4703769103795885,2.935384333235699,1497.0,162.1141573089778,16.462351968794156,1.9105825660731164,0.49999737833825675,0.10233570919808901,2.2069121893100503,404.0,43.289721643826724,3.346091257803368,0.39052916338182275,Safe
7.160902217886202,0.4489266511516056,2.9377878003187257,1590.0,168.45177351396453,15.71163119691791,1.823455646331965,0.43652156922939417,0.10405310898121092,2.0417177758464686,417.0,45.19955751995809,3.6416730194380786,0.4226441638148793,Safe
8.03366476370103,0.4969042632728908,2.9402735453301325,1609.0,170.30267173476756,17.390761953411676,2.018331685648548,0.32949605375695246,0.07268152376061207,2.1169429247402465,357.0,41.98809355043403,2.5316022363576023,0.28829611521906956,Safe
8.364487305221164,0.5040825459238722,2.941118127864006,1655.0,173.38108316653233,17.641989028815065,2.0474885200608552,0.2972317982848929,0.060580868525194814,1.8167639373517612,220.0,28.035691537752374,2.0885701179504395,0.24326294581034769,Safe
7.912194343132145,0.5092816547156306,2.936065849687983,1549.0,165.5143498310645,17.823948553114224,2.0686063223965077,0.408143168896342,0.06022809940315863,2.3064345866784404,340.0,38.57460304397182,2.300731171863248,0.25636107075400394,Safe
7.169601053464335,0.4743636229270825,2.928506673879368,1507.0,160.8819442945665,16.601879789371683,1.9267758428286448,0.21160748310876737,0.034030672039999675,2.287900217248822,205.0,22.956480566497994,1.1289980730625113,0.12821693833576642,Safe
8.028839097060501,0.4833075213558823,2.933980675222443,1653.0,170.71906747636598,16.914900264354664,1.9631042765457756,0.31911654937417455,0.07160180579545998,2.1718729974643924,277.0,34.539832078341085,1.7093641493055558,0.23330079819761873,Safe
7.387918504516855,0.527381534514937,2.922250229502957,1398.0,153.02287410710858,18.457412027349374,2.142124630862514,0.5006304661497389,0.16577767438759736,1.9223761721115058,300.0,32.526911934581186,5.801922594658052,0.6733577425675306,Safe
8.299679824286752,0.5303946127149808,2.934144151331999,1559.0,164.9818171799547,18.56286438426586,2.1543631879689276,0.42031635885804647,0.06349321575729759,2.4763693486428124,475.0,55.018178813915675,2.389261514249475,0.2740199964378644,Safe
9.01148764388278,0.5913730524621789,2.9381764038185763,1519.0,164.53874923555242,20.69700089367953,2.4020461445862473,0.275603932237285,0.04534756448050834,2.18901536297135,324.0,38.8587184554509,1.516705638832516,0.18078369207057327,Safe
9.574931707857578,0.5692930771705946,2.941064537882532,1675.0,174.33014656105811,19.924241183984158,2.3123614365988105,0.3095826793599193,0.10396084952982058,1.805570776775701,278.0,29.899832775452108,3.4378144169094593,0.4090430184009314,Safe
7.610900853056258,0.503321584574008,2.922134355920942,1508.0,159.57443404254957,17.61535674032539,2.04439763813952,0.25736833958577354,0.1366325807332835,1.55345324118826,166.0,21.02379604162864,4.356264244426381,0.5251792909517389,Safe
6.943398959653216,0.4901189156905764,2.9299070858485443,1412.0,155.8974021592406,17.15328690379557,1.9907708796024897,0.11851044739796333,0.05345965270709714,1.1547341137173606,124.0,13.638181696985855,1.5347490334751634,0.1864652907175958,Safe
6.578183536076978,0.41249310298430286,2.9411638968010854,1590.0,169.87642567466506,14.436522065991102,1.67546942419266,0.06445011780588893,0.021465558533992374,1.334153508155429,44.0,6.6332495807108,0.2679668339816008,0.04848806132589111,Safe
6.9302458765370565,0.43560913210598184,2.9378818383154544,1583.0,167.83622970026465,15.245541809785246,1.7693623880311222,0.392791685088431,0.07480424978586324,2.1943694244636687,359.0,37.134889255254286,3.0377291091764818,0.33809783044936376,Safe
7.367906000732124,0.43156484696342196,2.942235305473484,1701.0,176.40011337864837,15.103999051180754,1.7529352622196792,0.23904938046790747,0.09055136606074603,1.5862725801003779,198.0,25.099800796022265,2.4398825915172844,0.3201942260053528,Safe
8.337571084430078,0.5739736111382749,2.93411640789642,1448.0,159.5054857990784,20.088051515396195,2.33137288550549,0.3287451233570339,0.1077283563182094,1.783566696089241,159.0,17.635192088548397,3.080846595643746,0.36244140784859175,Safe
7.58913105749629,0.4935864633581132,2.931844902436974,1532.0,162.88646352597874,17.274644880583793,2.00485540623301,0.060715696293581166,0.03774220781356603,0.8406035965462139,77.0,8.774964387392123,0.7900825540224711,0.11202627609781719,Safe
7.906732554107043,0.45792352816898363,2.9407415513890967,1717.0,176.45679357848482,16.026505827903748,1.8599992691144582,0.04883032716035756,0.01887917502827285,1.5656338332647404,82.0,12.165525060596439,0.27667149811079983,0.046808202443207915,Safe
9.282725310128306,0.616412832337289,2.9327336243048703,1501.0,161.5704180844996,21.573348478837453,2.503753022266717,0.5471843998751745,0.09842473453736912,2.2398278730166177,221.0,26.739483914241877,2.7899173389781606,0.34117420943309834,Safe
8.643098541540247,0.6067710242439974,2.9239754926566577,1420.0,154.77079827926198,21.23590241176914,2.4645898107187696,0.12654068644474398,0.04183892363567344,1.3671345770587657,92.0,12.165525060596439,0.8502311261013297,0.12364586447989959,Safe
6.787016871469909,0.5762750398012123,2.9124290570367943,1177.0,138.58932137794744,20.16859740921945,2.3407208560020023,0.1618131943026929,0.044446359492224155,1.7014912033146383,135.0,15.588457268119896,1.1699675782160326,0.14705695383883288,Safe
5.887944534793793,0.3671164993251705,2.927808203481519,1599.0,166.2197340871414,12.84842196137014,1.4911581921877017,0.24590486040614398,0.08310911769754087,1.8163736733409146,295.0,33.60059523282288,2.9086707216320615,0.33757360927112945,Safe
6.191055776299107,0.3942548972281837,2.928851211128131,1564.0,164.28633540255257,13.798217430259243,1.6013892616991912,0.3774085911441368,0.08349050452971594,2.113578836268287,430.0,50.17967716117751,2.8906529112295667,0.33696974187989215,Safe
6.62220836386382,0.44320100178140065,2.9287571676419413,1487.0,159.6527481755325,15.511243692552203,1.8001991351708768,0.2859274656052404,0.10888081974389129,1.4613490326026763,259.0,28.722813232690143,3.8106342758795226,0.4422534171895341,Safe
7.8923076266167955,0.5020355156385465,2.934484373838021,1566.0,165.66834338521045,17.570346623960166,2.03917386794026,0.17599272176748573,0.06856495677285603,1.5092255814053916,133.0,14.52583904633395,1.6552507744895086,0.2135388695808562,Safe
8.707385066353641,0.5782376499489706,2.9247061359625515,1500.0,159.43650773897426,20.237285259998206,2.3486926093971237,0.24905858263966865,0.0536784791445657,2.077794833584382,230.0,27.784887978899608,1.7797869841257725,0.2097131065375138,Safe
7.7798008292018155,0.5540864520810156,2.9322482736877054,1401.0,155.7979460711854,19.392036458458563,2.250594984751687,0.534510126031524,0.12391228253105908,2.0001484044203313,329.0,40.48456495999432,4.26774383133108,0.48263464635888287,Safe
7.682802344018055,0.4933721466334353,2.937002407885045,1552.0,165.6743794314619,17.267144177899212,2.0039848919948495,0.30461525179442533,0.055516713942368345,2.240065555887846,303.0,32.817678162843876,2.0563145755517356,0.22889714474736494,Safe
5.99025948666899,0.41269397486430576,2.932270304065887,1446.0,158.3098228158948,14.443552223118868,1.676285327999754,0.12082127480811863,0.03536594742109757,1.5719359189280544,204.0,22.360679774997898,1.1305850957981265,0.12946480807926425,Safe
6.4351048898918926,0.5030551321977221,2.914592921073279,1276.0,145.05171491574995,17.606031382926787,2.043315358687474,0.23466564460744088,0.04510890795081541,2.0641788581011262,145.0,23.173260452512935,0.8148112866011533,0.1219604425546526,Safe
11.031657089376248,0.8268318164648978,2.9094494603693453,1331.0,146.98639392814562,28.9376372038716,3.3584353711953607,0.042842018630232716,0.042842018630232716,-0.0,100.0,10.0,1.4993941543078182,0.1740162241897625,Safe
13.924495493607424,0.8613589362335072,2.938975006588588,1610.0,169.7586522095413,30.146024744920055,3.498678039640522,0.3569073525040737,0.11435257649866662,1.6779816033985004,236.0,25.059928172283335,3.5501641287948145,0.41956823084085093,Safe
9.893979431428136,0.7779214945860665,2.9182293818512584,1266.0,144.77568856683087,27.2258632712894,3.1597708402188966,0.20104055169066154,0.08347912488061801,1.0405384942584137,131.0,14.317821063276353,3.0601302963314625,0.34605764361952807,Safe
8.322516988785258,0.5142578066787663,2.940553626654993,1612.0,170.59894489708898,17.99810498651832,2.0888185160163544,0.1633420923058498,0.10644747144511482,1.0153819731392002,151.0,16.583123951777,3.696811020374298,0.4299327952671234,Safe
7.010419708580193,0.5280603516570535,2.877306437442943,1325.0,142.6218777046495,18.48116941524274,2.144881858457365,0.0551818993777978,0.021703603934381904,1.204440063687499,18.0,5.477225575051661,0.07053778930143906,0.025323564077463046,Safe
5.710131901570895,0.43472636636392115,2.8852491381826986,1311.0,142.06688565601766,15.214646585059889,1.765776759571284,0.0021144652429430427,0.0021144652429430427,-0.0,100.0,10.0,0.0740025079611577,0.00858856023879747,Safe
7.723860665872458,0.4700285245297975,2.9368937399314246,1636.0,170.43473824311755,16.450159086121452,1.9091674882574554,0.3198366282809832,0.06130882889267498,2.2045784444524332,391.0,43.80639222761902,1.9669243097305298,0.23369302809879677,Safe
7.657382652450467,0.4584478349644591,2.9396514752509706,1662.0,172.86989327236827,16.044855629554903,1.8621289047334786,0.5023216084462385,0.10187091375271087,2.281078530237071,458.0,49.01020301937138,3.555500823439974,0.4097350915695997,Safe
7.980169960522274,0.48426172600616896,2.9379793680074626,1644.0,171.07892915259904,16.94829572330822,1.9669800764183336,0.8488069303973869,0.14401139808947977,2.3388318529292356,391.0,45.53020975132884,4.966896046291698,0.56913460771883,Safe
9.517638883572113,0.5794263175175234,2.9419931834799087,1636.0,173.02023003105734,20.278886502439324,2.353520753558156,0.6532502316070232,0.14505832580649036,1.9768057021340348,447.0,48.569537778323564,5.076782390324758,0.5891996444425411,Safe
9.571815496319228,0.6304240463625537,2.9373934198321674,1512.0,163.835283135227,22.063715951611297,2.560663939140989,0.1533933708617018,0.0675779197275794,1.4210987315993933,121.0,15.7797338380595,1.336785699381973,0.20160396967474073,Safe
8.446240495581838,0.5269362952072679,2.9415585060932625,1596.0,170.45233937966356,18.441829446590308,2.1403161525120855,0.544733054872084,0.08468553627239384,2.384118293756638,489.0,56.382621436041795,2.7537610332171116,0.33429647076908,Safe
7.380457627246608,0.4750534825435088,2.93951812721069,1546.0,166.715326230074,16.626023644148695,1.9295779228778511,0.32183295590755023,0.08460402426737378,1.865507004006791,298.0,32.43454948045371,2.7165747465509353,0.31699721394024083,Safe
8.56692367624081,0.5778899805956043,2.9325180585574953,1476.0,160.11246047700348,20.225117453421007,2.3472804418552182,0.3396228034892105,0.10490270515349354,1.7846129049894432,309.0,35.73513677041127,3.5650185996835884,0.419696445679012,Safe
9.44169852333779,0.5911908094892178,2.9363248338394246,1592.0,167.73192898193236,20.69062271503487,2.4013059078968064,0.23994103919500395,0.05877580329717025,2.0582399432024068,148.0,19.697715603592208,1.0527641502293672,0.15701319913194184,Safe
9.020446082974317,0.5748675036483425,2.9389978506940286,1563.0,167.41863695538797,20.119336157134086,2.335003708804831,0.28414317877353173,0.08241057583032131,2.1276625475996482,240.0,26.115129714401192,2.5789264819838777,0.29913882660868074,Safe
9.780025943438018,0.6817108182946717,2.9297233942771923,1431.0,156.87255974197654,23.858661392722468,2.7689811633954657,0.32101872094116823,0.18071384315028202,1.2571910504110546,130.0,15.556349186104045,4.707933026732821,0.6301969019754643,Safe
9.624549843910302,0.5909524269140402,2.9375307009059837,1621.0,169.55530071336608,20.682279750554255,2.4003376426989624,0.39506453818807796,0.1007056798319302,1.9218925868266792,303.0,35.397740040855716,3.73441478640142,0.41883053884224747,Safe
9.243871584552387,0.5553726474570225,2.9405552983176615,1657.0,172.919056208389,19.437051000017107,2.2558192685286684,0.5327602731750487,0.09520943575817004,2.262694807852901,363.0,41.41255848169731,3.8172271233616444,0.4279454987629277,Safe
8.825935068568933,0.5948661411199132,2.932784346784326,1478.0,160.4556013356966,20.81925275951925,2.416234413916537,0.1866654839222024,0.05206509778356868,1.9268414669686416,125.0,19.467922333931785,0.7487002243899336,0.12758742241796905,Safe
8.811761842057992,0.561425103490581,2.9336864949390034,1566.0,165.553616692599,19.64887615406152,2.280403206907593,0.11676986684816043,0.049039839144305215,1.038902408898573,237.0,24.392621835300936,1.7163068056106567,0.1991906057559863,Safe
9.332379418516235,0.5554600178739857,2.9394625597744355,1673.0,173.20796748417783,19.44010880860415,2.256174150734314,0.24868364427531572,0.11448470686874827,1.2456759489370428,166.0,17.4928556845359,3.4671808499278454,0.4171051549875615,Safe
9.047048415111119,0.6513999428105465,2.9210564580590215,1385.0,152.9607792867178,22.797834873199463,2.6458640864631633,0.09001723904956746,0.060511874134182485,0.7425434663853258,127.0,14.177446878757825,1.8118760898859811,0.22706470237892462,Safe
9.280980809921592,0.6025772863766179,2.92062760092176,1536.0,161.47445618425226,21.089129074655393,2.447555636040361,0.07644334072445191,0.04479864392550246,0.7756497940755482,74.0,8.602325267042627,0.9823883230035957,0.13632400249947646,Safe
8.692060472235081,0.5061597112058831,2.9423589694279215,1711.0,177.2427713617681,17.714686104745578,2.055925574871772,0.1597180955366406,0.07063655867086349,1.218102788609187,205.0,22.06807649071391,2.5410739954071815,0.2907304624741486,Safe
8.075391450279119,0.5061597112058831,2.93415444951878,1590.0,167.42162345408076,17.714686104745578,2.055925574871772,0.14518308047808262,0.059037535226422896,1.271004610687633,167.0,18.734993995195193,1.8862709764278298,0.21777239950788493,Safe
7.377524101223129,0.48823992489026374,2.9314742685607302,1507.0,161.94134740701648,17.087525580868572,1.9831387722739386,0.15892278450524003,0.06746096222296166,1.5559442485764314,235.0,28.053520278211074,2.3610132210182417,0.2740137440200779,Safe
8.759392949790357,0.6222237026351831,2.912656091977719,1404.0,151.5585695366646,21.776718563503692,2.527355684812183,0.06996461146505431,0.026451994328164755,1.5302218279319688,149.0,16.822603841260722,0.6325401880524375,0.084087419195693,Safe
9.296600052658093,0.6348788839564582,2.9259408502104254,1461.0,157.3117923106847,22.219627312939576,2.5787586518145607,0.3967005945535738,0.06848580499135257,2.081043847319783,151.0,18.027756377319946,2.0615667809139597,0.25157191574573795,Safe
8.393017118107492,0.6623879212452761,2.9256953767471297,1264.0,147.0510115572144,23.182394498526445,2.690495188820718,0.2673763616457764,0.05338501063838434,2.0557506887441446,98.0,14.89966442575134,0.8903085065610481,0.14287236112153284,Safe
7.473472603043361,0.47274155931529227,2.938645219572132,1575.0,167.68124522438399,16.545110459279535,1.9201873254304431,0.2254532707536267,0.0751236386038788,1.7215226605842118,209.0,24.351591323771842,2.5107231465252964,0.2841048559656691,Safe
7.944852524123812,0.5435628054763305,2.932489691814857,1457.0,158.98742088605627,19.023727618082603,2.2078499109805265,0.4723092169432675,0.08526172583838627,2.4554194433728505,393.0,43.62338822237447,2.6453746292326183,0.3092632753061959,Safe
7.786265797515174,0.5787064493449573,2.9246535461097767,1342.0,150.92382184400182,20.25369240178002,2.350596784396349,0.053070848029584144,0.023540068564547087,1.2538478422526627,85.0,9.9498743710662,0.5250838585574218,0.07226467388197833,Safe
8.357469075227403,0.5584708622910584,2.9373469269303545,1492.0,162.77591959500643,19.545482987105242,2.2684036346343115,0.2115214192441081,0.08336098726424197,1.582614842997971,137.0,18.138357147217054,1.6617305953093249,0.25098714900277574,Safe
7.230813829689254,0.4475443609609938,2.939336308806711,1611.0,170.11466721009097,15.66325350843295,1.817841043486546,0.21202313532878178,0.06011485082120986,1.9475064292515831,217.0,25.39685019840059,1.5787828082990165,0.20611431747434467,Safe
7.2040250188212145,0.41256778719986414,2.9419116149487268,1739.0,178.21616088334974,14.439135880181283,1.6757727774335687,0.5046598734547745,0.0877015226049849,2.2634968041974104,485.0,54.415071441651165,3.4107900285961636,0.38923570419424347,Safe
6.891845419243448,0.4730794084529556,2.925295977149331,1453.0,158.51498351890902,16.556934575841886,1.9215596051026353,0.3404744227102216,0.10246914612047452,1.77445822559916,258.0,28.071337695236398,3.377272907531623,0.3891646905404796,Safe
8.568476892975557,0.5675819994147494,2.939461779271607,1504.0,164.41411131651688,19.864356517791748,2.305411360484583,0.6824933588309734,0.12143468004134618,2.2216907116964215,436.0,46.4327470649756,4.333857108246198,0.49873216623059297,Safe
8.850204593714082,0.5194091630911618,2.938175044578107,1697.0,174.21538393609217,18.178393262805365,2.1097423571658047,0.24508135313308962,0.07733293425597136,1.720351775139994,175.0,25.11971337416094,2.004593529484489,0.27958228147387554,Safe
10.33392935175595,0.5885483706749788,2.943296998879851,1749.0,179.7470444819608,20.59814207481616,2.390572818285061,0.49289066103604684,0.10906369491958005,2.1465346784203425,311.0,36.89173349139343,3.19732462276112,0.38373446871961214,Safe
8.267815437039939,0.5536498528772913,2.937809693747892,1490.0,162.77591959500643,19.37675626590998,2.248821600878903,0.279503527248907,0.05971913406054108,2.060721918220754,163.0,21.142374511865974,1.3776501904834402,0.19690803104686422,Safe
7.546413561729983,0.44357800534133063,2.938465613764447,1694.0,174.3387507125137,15.524438143980623,1.8017304527442,0.36298598173055735,0.070609542540968,2.2685033919795607,412.0,44.69899327725402,2.609396639496389,0.29398467798230415,Safe
7.361273856944147,0.46738279826137463,2.933696896580207,1568.0,165.2513237465891,16.3575633908763,1.8984210456249477,0.4984148063235212,0.08546575873202751,2.383583713620521,498.0,57.09640969448079,2.9623022621328183,0.3387302252278177,Safe
7.55767612688276,0.4811053906680366,2.9378545298213607,1566.0,167.03293088490065,16.837829622355372,1.9541596357533153,0.19295105417487457,0.07640275330933592,1.715101344202441,128.0,16.06237840420901,1.6220778106438993,0.23300171603833056,Safe
7.00283311779755,0.4264386522195875,2.940530466687356,1636.0,171.8778636125083,14.924591388365235,1.7321136230368328,0.4999708258236949,0.08454059326036488,2.4174001889645385,342.0,35.86084215408221,2.3249259211800313,0.28307615021485105,Safe
6.244721400654877,0.38873290142998335,2.9392496720711514,1598.0,169.3103658964802,13.604957437274432,1.578959953055073,0.21372199049855892,0.13570307413622423,0.8867037912638133,129.0,13.674794331177344,4.339863809672269,0.5124879197137296,Safe
6.632271535075099,0.4130407591338534,2.938879015110381,1600.0,169.36941872723068,14.455689053342798,1.677693900497608,0.34411178003040876,0.07437827158796365,2.2314521883317924,369.0,42.320207938997655,2.7802724669678045,0.31304710378152556,Safe
6.928347645700399,0.40273598111348535,2.941668382737623,1711.0,176.68899230002984,14.09504022261109,1.635837829762587,0.1333657363583556,0.038232923570778364,1.7364350925627015,165.0,24.269322199023193,0.865854525806928,0.12329918180226689,Safe
8.702249262128346,0.5375822098194831,2.9351287517316322,1614.0,168.83127672324224,18.814417448910802,2.183557855940061,0.8413138529348776,0.08625255610002888,2.6996710103225112,673.0,80.59156283383516,3.4369218831110477,0.3828497231201337,Safe
8.918737898203705,0.5314973428594199,2.9413766135478907,1670.0,174.25842877749128,18.60145797031094,2.1588422704718258,0.11044214974697736,0.040971415052773706,1.7088917173202514,139.0,18.947295321496416,0.8131967204989808,0.12152498331453528,Safe
6.504453756973627,0.46180377777713905,2.92643599155588,1403.0,154.30165261590687,16.16230763570227,1.875760113428375,0.12739856447275896,0.0684033025353925,1.157831692996558,132.0,16.61324772583615,1.8719308006040982,0.24019555154607422,Safe
6.965228350856978,0.47125874889098196,2.9287325456421502,1475.0,158.8489848881635,16.493214742101806,1.9141644282963293,0.15303663993590558,0.048629708161445705,1.4458487153585833,87.0,11.532562594670797,0.9865634447396404,0.14497013574410994,Safe
8.065299113448669,0.5527506920111598,2.9385024912993445,1455.0,161.53946886132812,19.34528724111692,2.245169378507827,0.09895452042315106,0.04698758264976425,1.233238674550021,91.0,12.041594578792296,0.9680717750029131,0.1410110806799656,Safe
7.511817405423512,0.4606620617978275,2.939735708483018,1624.0,170.97953093864774,16.122349615048883,1.8711226777946413,0.30816119260019237,0.05677007692338531,2.2361141739559347,418.0,49.17316341257699,2.025295039017995,0.22808690645743604,Safe
7.825488813777746,0.48393904973396956,2.9412529373564484,1608.0,170.95613472467141,16.93700262994477,1.9656694260727372,0.11894308479792766,0.045969356936589566,1.3460779958172688,159.0,19.87460691435179,1.0625948954110198,0.14988685540888635,Safe
10.006460561412373,0.6706932949191359,2.935919074391697,1487.0,161.84251604569178,23.473067747222057,2.724230055043624,0.2128584015725707,0.050262139897969654,1.959013404159408,134.0,20.09975124224178,0.8330861149412215,0.13604568155029886,Safe
10.9342952772849,0.6725707684329022,2.9371985454416465,1619.0,169.40779202858408,23.53877596782916,2.731855999439515,0.27153823649568165,0.10132363692479691,1.3950810484856864,265.0,28.19574435974337,3.5461463711478496,0.4115575615380797,Safe
11.160683238697953,0.6725707684329022,2.9389775307599764,1654.0,172.0348801842231,23.53877596782916,2.731855999439515,0.1662525007829211,0.0467904618392788,1.852218066910206,104.0,13.490737563232042,0.8390711768709048,0.1282431315031362,Safe
8.282455777072926,0.5327234368294502,2.9343268123383104,1548.0,164.53571040962507,18.644369069976033,2.1638224336384595,0.5015464857552747,0.08156511004919278,2.537257861297243,347.0,37.881393849751625,2.9754839900768166,0.3350249712047868,Safe
8.31733922737227,0.5237789483447712,2.9304215702778973,1582.0,166.2648489609274,18.331327944090873,2.1274916032252946,0.3846811984420856,0.07010453900211047,2.2901049602945904,355.0,38.379682124790975,2.4093441577872845,0.27286131050948165,Safe
9.052141398138328,0.5347886745533326,2.9402543764099645,1685.0,174.43910112127958,18.716648702669623,2.1722110409509696,0.36854730053841833,0.07241309048244618,2.0757894552849385,305.0,35.510561809129406,2.330719623902831,0.2792533243056022,Safe
6.857281484202664,0.4611893610195473,2.930181003778234,1483.0,160.3215518886965,16.14080414627537,1.873264468086407,0.4330866010757563,0.12169894078150949,1.8973568978971658,314.0,34.02939905434711,4.283949329997554,0.49006319930191006,Safe
6.324039072154075,0.3918102535740063,2.9383747447105586,1608.0,169.33989488599548,13.71265926746407,1.5914595788366472,0.12202890845850127,0.05287617173631232,1.008114924390163,119.0,12.922847983320086,1.8011653411267985,0.21487702667179687,Safe
6.9219961999235045,0.41286260440519784,2.9399920659079877,1670.0,173.57419162997707,14.449453955948957,1.676970269487833,0.11089442757834776,0.05323576864780727,1.14571583247801,112.0,12.806248474865697,1.472779707475142,0.18227395452627704,Safe
8.502141378048382,0.5252806827040629,2.940153452851299,1613.0,170.4494059831245,18.3838859652028,2.133591365825079,0.3598913915254935,0.08298617534043459,2.270578648285012,296.0,34.583232931581165,2.630947799995691,0.3046566286253609,Safe
7.8091447927608275,0.537156358062129,2.935258462915519,1448.0,159.3925970677434,18.799513397794783,2.1818281261736154,0.3772040524883134,0.09780648241656281,1.9965939391006113,235.0,25.632011235952593,2.7633635016402813,0.33128101108704716,Safe
7.910035202229781,0.4933680162422812,2.9362342169193707,1598.0,167.8153747426022,17.266999621583956,2.0039681151226096,0.2768062975316038,0.09780648241656281,1.5391075816592987,280.0,30.099833886584822,3.4230522435120863,0.39727154124810676,Safe
11.090388027353178,0.6641875495298428,2.9416441033996694,1664.0,174.04597093871493,23.245378275110262,2.69780494053266,0.6341361721919991,0.10215506780537133,2.4274706740822265,452.0,55.78530272392541,3.0097143740365007,0.3780402609061006,Safe
9.330389286476398,0.5494150639794622,2.9426455234446136,1690.0,176.1249556422939,19.228546216030313,2.231620684633539,0.40673171308656064,0.09447224523086599,2.048424199241429,281.0,31.416556144810016,2.9698556234138183,0.35296656162730633,Safe
7.907885417927786,0.47099402453548506,2.9372276334402394,1673.0,172.43839479651857,16.4839498623453,1.9130891677398125,0.3941473806176324,0.08437187942577577,2.290377627578348,364.0,40.22437072223753,2.7729387469966005,0.3196882281262936,Safe
8.248478926558475,0.5345670242770137,2.939015814597706,1536.0,165.88550268181967,18.708891338772247,2.171310739204954,0.7533298621511726,0.15119958524986124,2.144701783699201,465.0,52.67826876426369,5.551846098418188,0.6419380852884999,Safe
8.095922634255048,0.5048297674011218,2.9392325499155616,1599.0,169.19515359489466,17.668140446296846,2.050523593203107,0.1773207268172155,0.07234932230064921,1.4312192636587453,178.0,20.73644135332772,1.9094923644354849,0.2517779163805836,Safe
7.368897378902798,0.48813476850322907,2.9365818503553327,1504.0,163.03373883954205,17.083845295087258,1.9827116468021175,0.26197343069461937,0.048094148157417776,2.2312153227817824,279.0,32.14031735997639,1.4988014613739167,0.1814344014281094,Safe
6.846127236450559,0.4730478826102694,2.93055185721787,1442.0,157.56268593801008,16.555831227639707,1.921431553057376,0.2847510627696044,0.11691282895830939,1.2098274595873209,172.0,17.944358444926362,4.367513661432748,0.49165690909587517,Safe
7.465377204968783,0.5291258239874088,2.922837332952409,1409.0,153.6522046701576,18.518459044321617,2.149209606724957,0.437126334358677,0.09447928375456731,2.0675277111820853,268.0,28.35489375751565,3.1130201979116956,0.35715695490665766,Safe
8.901339131229378,0.5273558670841938,2.9418046933350386,1681.0,175.0571335307419,18.456513713104556,2.1420203745850235,0.3227770031673457,0.0847132267518655,1.9330970610000717,267.0,29.13760456866693,2.9858807120660344,0.33553619741197915,Safe
8.440908413483028,0.559788288481812,2.939384393949675,1503.0,164.2224101637776,19.591590551414875,2.2737547721085347,0.49549247028832133,0.13161082588005898,1.9780693047872595,348.0,39.57271787481876,4.50603985364991,0.5224539547709703,Safe
10.182399377360612,0.6573342190808804,2.938100068897278,1543.0,165.76187740249566,23.005523946550156,2.6699680008649387,0.04808828974547476,0.030400142509271266,0.6577887651866619,59.0,7.681145747868608,0.5206225393998501,0.08171069346083815,Safe
11.541594022219101,0.697533714603177,2.940899747950023,1648.0,172.69047454911924,24.412434510510376,2.8332507930578084,0.4585188945510485,0.15448885174819696,1.7211948069986462,266.0,30.919249667480614,5.328053882627776,0.6133037002689,Safe
8.95497247109919,0.6131984186419087,2.9273555536797606,1456.0,157.53729717117784,21.460849739084342,2.4906966782348974,0.13779604448642674,0.044271428997479684,1.517697980853903,64.0,10.0,0.6187557560024842,0.10570141378188615,Safe
6.117653267474443,0.39995112809812805,2.9320027052411533,1525.0,162.49615380063616,13.997575339644845,1.624526280443714,0.1836814870476311,0.0627094108155405,1.6824347891078035,262.0,30.199337741083,2.17347961423373,0.2496814628972247,Safe
5.701647351107303,0.3676942483245578,2.933033125951162,1543.0,163.74675569305182,12.868642144733007,1.4935048999903973,0.23375818081215283,0.0670931888228556,1.7555733657514812,303.0,32.69556544854363,2.462957364742202,0.28252492859566464,Safe
6.21933707029319,0.467169661648455,2.893427569072484,1329.0,144.66858677681205,16.350103989996093,1.8975553247788557,0.14110052599707487,0.02981350052484813,1.962837698288203,168.0,23.15167380558045,0.926868299643198,0.11567014799781551,Safe
8.8253621453837,0.5444456555120881,2.939070639867614,1612.0,169.95293466133498,19.05462579293684,2.2114358818255124,0.3470482352598598,0.04882573315386987,2.5006426568448075,423.0,45.967379738244816,1.5808951367031434,0.1814819169306732,Safe
9.982261653311904,0.589522173609823,2.942020594159071,1687.0,175.5363210278716,20.63222343873496,2.394528222704472,0.21878791524902283,0.05924321184715606,1.6815222375018455,123.0,15.394804318340652,1.3676803449187611,0.18756268448204172,Safe
9.293874858506802,0.557291551322875,2.94176896900436,1663.0,174.0028735394907,19.504209208970117,2.26361349522468,0.25807417285778544,0.10141589637618727,1.4076987132757908,233.0,25.238858928247925,3.2758996811780063,0.39567955674197336,Safe
9.90034558645516,0.6650515177774676,2.9397502934123527,1482.0,163.76812876747417,23.27561562109475,2.701314217104549,0.2167561842697067,0.1045725688891077,1.4531513644937823,133.0,15.198684153570664,2.7556384639306497,0.35139764782678273,Safe
9.597735808153429,0.6419525581294355,2.9235542602708824,1489.0,158.83009790338858,22.467193278399378,2.607490586258507,0.35623093773232234,0.07894648420436243,1.9137717202816993,198.0,26.267851073127396,2.2407342093159466,0.2903595209567739,Safe
9.68661824330684,0.7186587266012014,2.9215000391037145,1345.0,150.4892022704619,25.151772210092254,2.9190566197063568,0.3416806233677549,0.07523031227745987,1.9589270432866992,314.0,34.14674215792775,3.0671649298282584,0.3420891722191425,Safe
8.936706996332083,0.6512979052903016,2.922905673122737,1366.0,151.4727698300919,22.79426374218681,2.645449629241809,0.039729684601945744,0.021040086098274898,0.9972336273183711,84.0,10.583005244258363,0.4344029071355108,0.062103172360622606,Safe
7.174193268710961,0.4555248245796831,2.9401436751390806,1569.0,168.43099477233991,15.942555485349715,1.8502561861574396,0.13294494222282283,0.0398382127368613,1.6842934280416966,331.0,37.61648574760805,1.3942663115684433,0.1618153294496023,Safe
7.52465518796596,0.4663128583650771,2.9416415921633914,1608.0,171.26587517658035,16.32011740496664,1.8940751509445255,0.4263152883939961,0.09440953072028178,2.122409154515608,349.0,42.74342054632502,3.030497256553534,0.3713664276305465,Safe
8.598998903097298,0.5421294754521719,2.9351342529932167,1580.0,166.5412861725284,18.973563626559095,2.202027993928143,0.5490351944338334,0.09151286211582506,2.208182886261429,291.0,32.41913015489465,3.550050786649337,0.38485929657911383,Safe
8.483555207910957,0.5691418542781376,2.933487485440856,1487.0,161.1241757155021,19.918948652768375,2.311747197643743,0.18988512382679812,0.06742513740172741,1.605542457066433,119.0,15.459624833740307,1.7260026516336389,0.22509559834568374,Safe
6.937345639609262,0.45239550537144624,2.9385577312280113,1528.0,165.12419568312816,15.833034900703815,1.8375454799322757,0.16564828356266892,0.04841602363949547,1.5931911667922822,96.0,10.954451150103322,1.232059209635763,0.15896951866352715,Safe
6.812930713762863,0.4507591539780108,2.9370514965878827,1506.0,163.44418007380992,15.775765523766026,1.8308989282515304,0.2017127939244103,0.06672276017129336,1.8680266915788148,130.0,15.297058540778355,1.4577656135414578,0.19735652200262865,Safe
9.450255471550411,0.5986933278457935,2.9369015194387265,1572.0,166.7872896835967,20.95319746118603,2.4317797267799435,0.25537445647642015,0.05801669640864053,2.0233156733651336,237.0,25.199206336708304,2.0627704262733455,0.22624174683366205,Safe
9.905611371561262,0.6533880096548054,2.933473930146804,1509.0,162.04628968291746,22.867413662900827,2.653939240172906,0.19986406456132844,0.09242104240753779,1.272281023004892,85.0,9.219544457292887,1.869094077384833,0.25730305559366834,Safe
7.849525224703782,0.5577300471347824,2.9359614520480433,1403.0,157.22913216067818,19.51955577941856,2.265394582763289,0.08950275246979499,0.03411285839459592,1.422491605231903,160.0,20.29778313018444,0.8231658357562442,0.1139567849926674,Safe
6.53609495558415,0.4263953252593183,2.932140535043968,1527.0,163.19007322750977,14.923075022119463,1.731937637070888,0.10575609454214212,0.03724415850471279,1.3639902363265692,75.0,8.660254037844387,0.7899610014876935,0.1120958840211971,Safe
6.967030065410546,0.4609601243104965,2.9269604643172826,1504.0,160.18114745499858,16.132781270778537,1.8723333516770941,0.08382241096173924,0.03942167543302813,0.9785220525704268,72.0,8.94427190999916,0.8874889612197879,0.12663540597148876,Safe
8.482356973007793,0.5553778736662379,2.938597076541644,1522.0,164.8939052845799,19.437233908007848,2.255840496407829,0.08291043745366052,0.05469135220797951,0.6412714910596713,76.0,8.717797887081348,1.2055596799561474,0.16708013864101723,Safe
7.451247431858658,0.5171894993143356,2.9242952726762916,1438.0,155.51848764696754,18.10070899399844,2.1007265002626125,0.07904928036788049,0.039826748794066336,1.1548037187676221,115.0,14.798648586948742,0.8350491349143211,0.1234663382354731,Safe
7.41791085519336,0.47356721607762065,2.933792717073958,1562.0,165.47507365159262,16.574006971686778,1.923540987952679,0.22422060187522858,0.0558063049384867,1.8751516684784488,226.0,27.349588662354687,1.972807899870054,0.223320871377482,Safe
7.250069839690062,0.4660781004188714,2.9350644706908358,1552.0,164.92422502470643,16.311901296027983,1.8931216083080347,0.3312282049370532,0.05301445554627657,2.2132106864857595,333.0,40.26164427839479,1.5932723500511865,0.19375851080347797,Safe
8.040126802808416,0.5402208975642047,2.9235034456248377,1483.0,157.95885540228505,18.906766808394227,2.1942757094127314,0.27811988835914286,0.07571967933551986,1.8617717687224504,109.0,17.46424919657298,0.9995001705005909,0.17726990876576346,Safe
7.143484716637711,0.4575206885909165,2.936284702832339,1555.0,165.99096360946882,16.012407161972742,1.8583630104933493,0.1114454976226277,0.04171678206868887,1.4329636383499982,195.0,21.236760581595302,1.2667344916950576,0.1521349369968915,Safe
6.861420536534101,0.40900073082299315,2.941562544552051,1670.0,174.29285699649313,14.314295276246892,1.6612840651361265,0.07233545598748911,0.027370964213096288,1.1483034131580185,117.0,13.152946437965905,0.8183767205536969,0.10028117482849275,Safe
6.984410898900832,0.5113610537806126,2.9297520136374655,1362.0,152.8201557386983,17.89672380746013,2.07705245041384,0.11664650302256904,0.04437473092317989,1.3119166418245032,102.0,11.489125293076057,1.1005428036053977,0.13995142900534452,Safe
6.868129429733216,0.48514183649677345,2.9295100432968453,1412.0,155.60848305924713,16.979098018973765,1.9705549197460175,0.04437473092317989,0.04437473092317989,-0.0,100.0,10.0,1.553036347784177,0.18024181333134606,Safe
9.411844941160007,0.5825243637641652,2.9411116497232963,1610.0,170.8683703907777,20.387312589269698,2.366104434893503,0.1760548883690393,0.05884159452769575,1.448619163331504,172.0,19.131126469708992,1.9636537318277845,0.2199577958267655,Safe
9.288750433930606,0.5573940524584535,2.9400766063499586,1660.0,173.2512626216617,19.507796565691628,2.264029835564347,0.5464516347669641,0.0990030735926356,2.184436634255298,436.0,49.37610758251404,3.4421376604022402,0.39159721478208126,Safe
9.492995073338763,0.5719136417704566,2.940724972485682,1653.0,172.7744194028734,20.015956265757787,2.3230056772647143,0.6855352654753987,0.10543480911594356,2.3515273072838374,523.0,61.39218191268331,3.8327418367067976,0.44531913503543086,Safe
7.7657302724138475,0.5406943331135275,2.9286641718851647,1433.0,156.7577749267959,18.9233362072646,2.196198715595083,0.6485171826660984,0.16869520568206697,1.9415491853371094,382.0,40.52159917870962,5.90403098048586,0.6852082061089659,Safe
7.890389354953671,0.5273205901719902,2.938298028023722,1489.0,163.00613485387598,18.455279084167096,2.1418770864006893,0.4846788533658813,0.09994931248855368,1.9665051040401516,315.0,34.741905532080416,3.6462066805723943,0.40809290908499884,Safe
7.022547980538097,0.5459852377413427,2.9089234672054802,1283.0,144.13535305399574,19.108508421917154,2.217689375356638,0.24844576746232025,0.0859075419981187,1.717545801602605,162.0,19.235384061671343,2.100814120336012,0.277168975079492,Safe
8.197003842507211,0.5283939439630172,2.9325418644752936,1546.0,163.90851106638726,18.492844550296514,2.146236847679596,0.491343787402,0.08609560123617431,2.14997018609294,377.0,46.44351407893249,2.3764425624500625,0.29718911279455384,Safe
8.658417677641927,0.6275484933292009,2.9175395545772336,1376.0,151.45956556124145,21.963076729967135,2.5489839834031343,0.39691128664927977,0.0797379598725485,2.2406212611578966,223.0,30.967725134404045,2.262929627389619,0.2806175052211504,Safe
9.484859003555371,0.5975055453610595,2.9238565802032483,1582.0,164.06096427852665,20.911627195098184,2.426955177662963,0.275327322470508,0.0689876896634203,2.14073568588089,240.0,29.29163703175362,2.473869822242043,0.2757686259481452,Safe
8.673712979700772,0.5632246474814506,2.9399932496470638,1534.0,166.2468044805674,19.71185698051645,2.287712616234387,0.38956108700322245,0.10956233428431245,2.084391893575225,282.0,32.18695387886216,3.3140605868715225,0.4023350389724388,Safe
7.191493896748531,0.44722876535934425,2.940956767135768,1605.0,170.60187572239644,15.65220822589566,1.8165591534933603,0.22913538802693242,0.06222881030197077,1.8962313032199756,151.0,16.822603841260722,1.7499780257542925,0.21893834724852995,Safe
7.690659949573335,0.49380942018673585,2.936006065935418,1553.0,165.32090007013633,17.28244797147886,2.0057610149488156,0.34051062685309247,0.06222881030197077,2.2184469276939285,208.0,23.323807579381203,2.194118318533657,0.24479369451871602,Safe
7.659826242433432,0.44210273920290377,2.9424009490099072,1725.0,177.7948255714997,15.472806463337907,1.7957381990808094,0.11394004314544198,0.037891028335657995,1.7374120423238468,130.0,15.874507866387544,0.8209188761133136,0.11351469408538103,Safe
6.548978699264899,0.43081231498325995,2.933070631204629,1514.0,162.2159055086769,15.077661775579356,1.7498786188131186,0.07808158872607036,0.0259863559458164,1.6137992463322584,138.0,16.30950643030009,0.6599708145314997,0.08534433286036468,Safe
6.373960244047591,0.39037852513009125,2.9389447807523,1627.0,170.58429001522973,13.66255132838933,1.5856441671020713,0.4180585521833179,0.09593187488849526,1.770649115350964,360.0,40.024992192379,3.7434200325397526,0.4252898792253345,Safe
7.256502544590886,0.45003789495944385,2.940386462544926,1608.0,170.44647253610148,15.750522745980156,1.8279693097347862,0.41097695440282045,0.0665279152906275,2.3673037301002444,477.0,55.937465083787984,2.678900726515838,0.3022530418090279,Safe
6.339621752499492,0.39889008118686625,2.9368199782334883,1582.0,167.17655337995217,13.960440592332318,1.6202165073963795,0.21448295184842311,0.0533051423604562,1.814144296039649,299.0,32.046840717924134,2.1546906256916554,0.24198168711717127,Safe
7.5501098824912365,0.5239502752839681,2.9309887694845314,1437.0,157.66737138672667,18.33732408104521,2.1281875010381013,0.2590301476757096,0.049333265503638056,2.2186242746125524,267.0,31.701734968294716,1.8095999817655544,0.2014378854842056,Safe
10.38182621051549,0.6728443857734349,2.9347448465847195,1537.0,164.24676556937126,23.548352086182796,2.7329673816291193,0.06558003266761749,0.048273651585225674,0.5770938297670015,89.0,9.433981132056603,1.2481645935713643,0.16226019847111028,Safe
8.903795280973199,0.6439492229307906,2.9079333751110106,1380.0,149.21796138535066,22.537072981246794,2.61560066325332,0.012991197071028188,0.012991197071028188,-0.0,100.0,10.0,0.45466870069503784,0.052767799797606,Safe
7.645695457798942,0.5296825417093892,2.926456433605481,1437.0,156.259399717265,18.53794317052822,2.151470889433288,0.0318404478368583,0.016821776618213557,0.891572079668844,14.0,3.7416573867739413,0.0692600168363014,0.022432657608873807,Safe
8.7415301249405,0.5387074885278755,2.9414415470106388,1616.0,171.3709426944953,18.853800194432033,2.188128526469983,0.41011479846968163,0.08637545631028665,2.0865294830039347,261.0,31.25699921617557,2.622531840295503,0.3176390744610783,Safe
9.526381699386667,0.5734804930106975,2.941973393265796,1653.0,173.91664670180367,20.07079326143168,2.329369932391138,0.6266903834935191,0.09819149387770983,2.356402507141973,514.0,56.74504383644443,3.656554530967366,0.42462515718546684,Safe
9.983145219844085,0.6245269436126064,2.9394739329001904,1594.0,169.28083175599062,21.85732788509793,2.536711016589372,0.29518679104829576,0.09866244276297056,1.7257718150176347,263.0,29.916550603303182,3.5050151859871073,0.40505924151069095,Safe
9.315138660076974,0.586222328252511,2.940316862847222,1584.0,168.9792886717186,20.51673474335911,2.381124871325405,0.6833425756816195,0.13060065021494988,2.212231037013799,413.0,46.22769732530488,4.958997083432747,0.5585335316498663,Safe
8.157775621108847,0.473406130822612,2.9410451805075617,1716.0,176.40294782117445,16.56836927539171,1.9228866899353239,0.5434638025291784,0.11123868303698474,1.9996992261568445,483.0,52.79204485526205,3.8931552809898298,0.45183061454246687,Safe
9.052089768248901,0.5596159921650994,2.936194683760852,1610.0,168.40427548016706,19.58556048797839,2.273054936866529,0.20572951502804404,0.06729199550728149,1.7023714715455642,186.0,20.0,1.974623979944171,0.2384118569686968,Safe
9.021389266223718,0.6777183737757803,2.9288132491987717,1328.0,151.00331122197287,23.71893296338091,2.7527646044498906,0.1278972249109156,0.037750089274237564,1.4340934576513444,59.0,9.219544457292887,0.5706013507313199,0.0982684353730602,Safe
8.385144276466475,0.5280158445850259,2.9394807960077087,1579.0,168.66831356244717,18.479611747192614,2.144701079099352,0.44819439180557735,0.09785031513901414,2.1920187690402058,310.0,36.742346141747674,3.5031127140979565,0.39555057130364146,Safe
9.09963824115865,0.5342288379645623,2.942200677841176,1696.0,175.97727125967148,18.69705542169436,2.169937089992171,0.3045204635321243,0.06152803465178014,1.923743385766345,245.0,28.513154858766505,2.2447538863528855,0.24568424564870797,Safe
9.369618898720763,0.5658428940046444,2.9393854912353112,1648.0,171.8778636125083,19.803490933745802,2.2983474413087275,0.6086824681176635,0.1516179770150289,1.9215330945561657,385.0,45.83666654546336,5.376075641073363,0.620809819007933,Safe
9.217844556897758,0.6326394111608318,2.9319507698104226,1454.0,158.7135784991316,22.14124976384519,2.5696623344016465,0.3820700747362902,0.11601821995181714,1.7933433085089423,328.0,37.255872020394314,4.0604305387747415,0.47124419480518115,Safe
9.283391209261355,0.545872494921576,2.942541197658766,1693.0,176.22428890479316,19.104562624536378,2.2172314352215188,0.5122658623244444,0.10921061883348904,2.140260819135341,374.0,41.42463035441596,3.3693158036530617,0.40372921535344675,Safe
8.680994142808968,0.5230903531338003,2.939713717052506,1654.0,172.30206034751876,18.30722834124709,2.1246946589533042,0.5787805435046395,0.1025940693794608,2.490243514460011,324.0,39.319206502675,3.5328517062495455,0.40308802195861465,Safe
7.6694646787788425,0.48907215656095987,2.9378224572400247,1563.0,166.8022781619004,17.116652203328677,1.986519140837699,0.3762212301278879,0.0684897667951126,2.1596791794388075,342.0,38.41874542459709,2.6150829195976257,0.28739391900111394,Safe
8.529682510162342,0.5954693046689526,2.926201799440769,1430.0,155.69842645319187,20.840362406740287,2.41868435084128,0.3390494799089168,0.06720314995062053,1.967290538854059,115.0,15.459624833740307,1.6792048775788508,0.22209912209090596,Safe
7.425125131252969,0.5009936876902058,2.928966994270121,1477.0,159.0,17.533884506032926,2.0349421587066128,0.21537284040788213,0.06310833073669611,1.7001974214945188,152.0,17.832554500127006,1.867844725498045,0.2211357340097831,Safe
5.6619303948536075,0.3304735656144656,2.9410846800869384,1706.0,175.77258034175864,11.565984710298403,1.3423214853413794,0.5412605970966956,0.056286336469601524,2.6203753979405287,826.0,94.01063769595439,2.1320502092741958,0.24274240184745252,Safe
5.826651805997249,0.347197983012619,2.942141227666625,1672.0,174.7512517837855,12.151309456488098,1.4102529241589348,0.28991577973297783,0.059854931206443175,2.0426543925250127,407.0,49.22397789695587,2.129357089900007,0.24179149102870773,Safe
7.5177678239368255,0.4720415001615263,2.9391440214015403,1587.0,168.5496959356498,16.52060963890769,1.917343816778359,0.3663288590201989,0.09860870553111917,1.9966832713738507,264.0,29.597297173897484,3.4751334166285974,0.38981611666209726,Safe
8.868664871215005,0.5355986948348634,2.9413268408990954,1648.0,172.9624236647949,18.744997966169105,2.175501191028297,0.3218298791876089,0.07291792543390967,2.2261453923960266,238.0,26.30589287593181,2.2162278384873364,0.26024366806530097,Safe
8.673517397250258,0.5495423053151165,2.937522618508035,1573.0,167.3349933516597,19.232999435578932,2.2321375150140716,0.11997285874759434,0.029429584881762397,1.9125366882900796,104.0,13.856406460551018,0.5990976095199586,0.0857825678673022,Safe
9.837236349561222,0.6143950941116786,2.9343289060228983,1594.0,167.49925372968085,21.502731243769325,2.495557348984965,0.5487552972128726,0.1310685223802693,2.0720698019456125,362.0,40.19950248448356,4.567335865714333,0.5219021580484571,Safe
10.546083521636753,0.6531616810783019,2.940218603711938,1610.0,170.3114793547399,22.85949256685045,2.6530199360511904,0.3583161109155503,0.07119669028757328,2.010653087880422,266.0,31.74901573277509,2.3613471713933074,0.2643683345042046,Safe
7.965543149627659,0.5831320791728437,2.921504004988137,1364.0,151.20185184051152,20.408581543450403,2.3685728606162244,0.22935986214210147,0.06219623078807185,1.847309701489908,81.0,11.090536506409418,0.8864324682890767,0.14461728988263015,Safe
7.487230556655924,0.5435729207199731,2.933481412687854,1373.0,154.82570845954493,19.024081633548544,2.207890997198257,0.21289894684083818,0.04749958256547459,1.9510829390183215,119.0,16.64331697709324,0.9512786865234375,0.14408090177915941,Safe
8.210894600839431,0.5351838012581221,2.939162846849843,1529.0,165.4297433957993,18.730477431807856,2.1738159713310594,0.057381711988975403,0.030570710805194853,1.0102589952491132,53.0,8.660254037844387,0.37821560917478614,0.07015666465459128,Safe
10.72523346382619,0.7205299623813881,2.9292404242267973,1485.0,159.55249919697278,25.21726212116203,2.9266572276013143,0.2722647217234639,0.195302974762328,0.7911637332183795,139.0,15.459624833740307,6.835255388057595,0.7932839611153538,Safe
11.008181062948013,0.7522015488696875,2.9214897113100853,1460.0,156.43529013620935,26.325711096175993,3.0553012567812114,0.16468973778698565,0.059664005982688825,1.591948711911025,83.0,10.535653752852738,0.9763415720727711,0.14823757053596973,Safe
8.233149232671245,0.5116196668430754,2.9395763223432194,1605.0,169.71446608937023,17.905774802872628,2.0781028880471446,0.48976627300908576,0.1430385645321513,1.9243232504518923,286.0,32.7414110874898,4.943908337390784,0.5645131799849997,Safe
9.774405366161151,0.6180986641308763,2.9335095809255116,1577.0,165.78600664712326,21.63234958142945,2.510600554029193,0.3953336036689715,0.15668520831779667,1.8272017855319769,230.0,30.331501776206203,5.05024953321977,0.6085315704470913,Safe
9.802154050430602,0.6037719387976592,2.9378876732474892,1617.0,169.63195453687374,21.1309397762472,2.4524080895468834,0.6240403160996997,0.11609189264301419,2.1561121140561843,270.0,28.879058156387302,3.528649588425954,0.41711980339129395,Safe
7.150326730657849,0.4948094806082023,2.9311165752487383,1440.0,157.5499920660106,17.317448300544662,2.009823072341751,0.1930256330233146,0.09329786544395843,1.509682726986596,116.0,13.490737563232042,2.2145971231388324,0.29453946690269844,Safe
7.538251276606817,0.5656920925806724,2.922694541217219,1329.0,149.48913003961192,19.79821315317443,2.297734914279398,0.1031854528843414,0.09329786544395843,0.31580805055311517,96.0,9.797958971132712,2.837231883195916,0.3515073166433701,Safe
10.071376781215942,0.6191632092305646,2.939889319466383,1621.0,170.81861725233583,21.669606759090616,2.514924536060159,0.4324675060179798,0.06889125767402737,2.166231658818069,270.0,29.698484809834994,2.6261838837103415,0.29103309918725184,Safe
11.093423738410872,0.7216251060930952,2.9398486226237694,1533.0,165.99698792448012,25.25559019560766,2.9311054954409146,0.3630508035835671,0.08532743277521476,1.9149975498552172,341.0,39.179076048319466,3.3961802016605027,0.38489588833199384,Safe
11.719675204623998,0.725029138459926,2.9376635147936105,1611.0,169.7498159056439,25.374725250282673,2.9449320348626045,0.4609397252358172,0.09875857972442391,2.1930525565880403,250.0,27.568097504180443,3.0247117280960083,0.3552761874636059,Safe
9.212294575592146,0.6888855184635296,2.905804385530855,1335.0,146.35914730552375,24.109763087648332,2.7981234464389932,0.011963214362423227,0.011963214362423227,-0.0,100.0,10.0,0.4186911414367984,0.04859232732447739,Safe
6.8285608093128545,0.4594326803736132,2.9342253338868782,1483.0,161.06830849052832,16.079323460357358,1.866129161607245,0.10328487729997861,0.04721639789032989,1.3980694436692849,96.0,13.114877048604,0.8475495333021338,0.13102414823005681,Safe
8.45375017890266,0.5320466005892138,2.939957746037267,1584.0,168.88457596832222,18.62068101011141,2.161073252094581,0.2264813588293529,0.06052700485279789,1.8060702527289378,190.0,23.664319132398465,1.5631242466695385,0.2107833755834082,Safe
9.637845320154154,0.5926922066737214,2.934616222893531,1621.0,168.6030841948035,20.743168935631267,2.4074043009559998,0.3206758563285321,0.08870672494196973,1.7879321284472187,225.0,25.199206336708304,2.899723582195514,0.33544664545140435,Safe
9.175596640244134,0.5566947940948093,2.9380396537342377,1641.0,171.03508412018863,19.48332377154418,2.261189579571166,0.3776786681493946,0.07346638237358194,2.022741281705028,214.0,24.657656011875904,2.3248139734220024,0.27445804223241277,Safe
9.65566193098462,0.6045223634353957,2.940256153728454,1592.0,169.34580006601877,21.15720329862652,2.45545617332475,0.6703462999153457,0.0999667612838372,2.4637735539044394,501.0,59.33801479658719,2.9988543674199266,0.3775859116286468,Safe
8.832648787582203,0.5550089201543735,2.934484740151783,1586.0,166.93112352104984,19.424321193887728,2.2543418766161163,0.28937634221888686,0.0971556929287061,1.951630244596549,156.0,17.60681686165901,2.2431845917846216,0.29797611401343327,Safe
6.990085740245157,0.4398778492168622,2.940662129584002,1583.0,169.1537761919609,15.394939286540254,1.7867011142984563,0.2335979806409629,0.06825075201720732,2.042628526277101,336.0,40.890096600521744,2.383756099325238,0.27664021720749576,Safe
6.907738890449784,0.4252130218648907,2.940758655226198,1617.0,170.92981015609888,14.881696514408995,1.7271353429885115,0.15454119813404749,0.04614877607070044,1.6030406369038084,124.0,16.3707055437449,1.0509696729255444,0.14536647324818303,Safe
7.899564197038886,0.48421734537468697,2.9349524831847056,1626.0,168.9260193102294,16.94674248045141,1.9667998106380418,0.15055077666388456,0.033348356709456815,1.8875633874395454,201.0,23.345235059857504,1.062358032573353,0.127375135055249,Safe
6.750202273645219,0.43866208122471695,2.9329998632081358,1532.0,163.26052799130596,15.352389577663306,1.7817628933124223,0.02910585493835022,0.01608749422345676,0.9914166608902111,41.0,7.54983443527075,0.1514014993051086,0.03225139973916135,Safe
8.417207343957168,0.5771260689663443,2.928310533624458,1453.0,157.38170160472913,20.19838191042043,2.3441775764537116,0.05134864350573199,0.04330984864870364,0.5260820539717381,63.0,8.18535277187245,0.8145870199107161,0.12800020960152056,Safe
8.475432351164574,0.5668239040505839,2.934070616785225,1492.0,161.34435224078965,19.837824533684085,2.3023321196582707,0.13965198096060394,0.03857574603656598,1.576710391689539,74.0,10.488088481701515,0.6651804567587495,0.10273374600849827,Safe
8.165990695159772,0.5651832536786003,2.932269155871913,1441.0,157.99683541134613,19.78040470017327,2.29566810633499,0.05320845748997221,0.026640390741008452,1.039246583666131,36.0,6.928203230275509,0.22093041075600528,0.04930734651828314,Safe
8.765304825010707,0.643579089307168,2.930015723705132,1359.0,152.86922515666782,22.52411896532232,2.6140972500695394,0.16705190005862722,0.07596379388209497,1.2191473367721484,129.0,15.0,1.7406881289048628,0.24007457442851074,Safe
7.436572552483316,0.5063095853991878,2.9341737107443944,1464.0,160.6237840420901,17.719931433899234,2.0565343356644763,0.22373119267032007,0.12886849903484915,1.2539064797864952,164.0,18.2208671582886,4.393965966773756,0.5120126303950573,Safe
7.792634839601322,0.5070317716484221,2.9300236862203914,1530.0,162.5546062097288,17.745206663102817,2.059467720417846,0.3259881294085422,0.15713757044286408,1.569047532620862,170.0,19.339079605813716,4.659710956342292,0.5784021762362089,Safe
8.809545507882198,0.5831547541773426,2.924467748590664,1507.0,160.2466848331035,20.409375128119887,2.36866496222097,0.31273960475393076,0.07401361705464739,1.9246025317826219,395.0,43.62338822237447,2.6745755546020735,0.30786140121901856,Safe
8.936397469876619,0.5235636200957291,2.93930830451394,1699.0,174.8799588289064,18.323791839859705,2.1266169803653607,0.36207797002623865,0.10489195770712326,1.4903509028525057,290.0,31.20897306865447,4.038001068312711,0.46424029212072176,Safe
8.577846727455409,0.5549272395619594,2.9352197000710962,1537.0,164.14932226482082,19.42146251900028,2.254010105407944,0.5064055959200957,0.084365051636317,2.263507839951302,387.0,40.755367744629666,2.9847536026829418,0.3389822823067854,Safe
10.605686246101707,0.7321455495372935,2.9357752776754333,1444.0,159.54936540143305,25.623786931086066,2.9738375585764603,0.3478268561392501,0.10061329393999431,1.7550434839669826,252.0,30.397368307141328,2.726466030785532,0.35257547792205446,Safe
9.83090106710073,0.621575526251934,2.9303915756760217,1574.0,164.85144827995902,21.754033547459223,2.52472291421854,0.10982798587047661,0.04248575131977013,1.425294532079023,123.0,14.106735979665885,1.0524543415416372,0.13605898219058138,Safe
7.970420867626098,0.549853517644521,2.9277613284492316,1445.0,157.19096666157378,19.24389131141431,2.233401600979574,0.08960224010570494,0.041969325984966145,1.2327801569922383,56.0,9.38083151964686,0.4339625937770112,0.08834453748101169,Safe
9.103846077146855,0.669349442654366,2.9247069480027266,1356.0,151.91444960898224,23.426035317507655,2.7187715798255794,0.04432845368351493,0.03388804710463881,0.5458651627623324,91.0,9.539392014169456,0.8996408581733704,0.1162341935314808,Safe
9.417754350789721,0.6264789327545399,2.931373158785604,1498.0,160.9534094078159,21.925644019637446,2.544639629455877,0.4332420386530645,0.10097297514518629,1.7955189196457426,270.0,31.144823004794873,3.2599166426995785,0.3857654582191694,Safe
8.83243925452483,0.5679658307641381,2.9320141951595535,1551.0,163.93596310755,19.877789929659674,2.306970411254874,0.10218553997684471,0.06897862809099045,0.8265924363157265,56.0,8.94427190999916,0.9238137566682064,0.17189123810479626,Safe
8.778377997702089,0.5189833956275047,2.9377397106726493,1684.0,173.26280616450836,18.163492161818226,2.1080129697845074,0.32966004714450836,0.10641969667194615,2.032723895914235,308.0,33.67491648096547,3.7244993628877583,0.4322567980306045,Safe
9.015607203296781,0.5360071399437825,2.9410782239232227,1674.0,174.25842877749128,18.75929281567082,2.1771602182617316,0.35137115321792517,0.06392028977325848,2.158903640915115,435.0,48.692915295759406,2.5199398825867005,0.2846575226472967,Safe
7.402567885048848,0.46624816295261284,2.9409472797935177,1580.0,169.28673899629587,16.317853181049077,1.8938123703436254,0.5383290519750962,0.09184780312094112,2.376652070847275,409.0,46.46504062195577,3.2741195457150236,0.3849905727482016,Safe
7.019683048510569,0.39784353279149226,2.941810995419261,1755.0,179.20658470045123,13.92381326718764,1.6159656245944582,0.5681172222439892,0.06588606093465509,2.5769497169150277,661.0,77.83957862167549,2.6633304044453787,0.3002497933869396,Safe
7.314596727980514,0.4618550283449283,2.9353404584009994,1577.0,166.6343301963914,16.164101314063025,1.8759682835982086,0.3069960429731087,0.07531157140138887,1.8115635833569788,259.0,27.65863337187866,2.893045811942129,0.32119359460873775,Safe
8.148156761974569,0.4920859512574283,2.939924021059143,1648.0,172.16271373325876,17.222129636340668,1.998760608217868,0.31895967880401704,0.12097995769276215,1.5174103502541532,262.0,28.284271247461902,4.234082500139873,0.49139784056476243,Safe
8.36448292194892,0.5153238269181524,2.9404122494846674,1619.0,171.09938632268674,18.035413791434934,2.0931484897874064,0.3108571157651917,0.07200637339431605,2.0313699794092557,178.0,20.493901531919196,2.0159667549711284,0.2430839944448933,Safe
9.232462896275822,0.5750132895973418,2.9360639101701684,1597.0,167.70509831248424,20.124438405036926,2.3355958639178693,0.3417704804487801,0.07325699683017982,1.9098093571508512,212.0,24.859605789312106,2.6135638554890948,0.28624580179537934,Safe
9.622354498865066,0.5759915600981281,2.9370718959849733,1665.0,172.02616080119907,20.15867612578652,2.3395694147501103,0.6293870653017917,0.12064307793261457,2.25032525605714,364.0,40.124805295477756,4.4308176817316,0.5004994925976274,Safe
10.394828176106312,0.7169634960603962,2.929379728048038,1446.0,157.5499920660106,25.09244216812981,2.912170911999906,0.3284109831420395,0.11886519742187952,1.7149603844893793,229.0,27.982137159266443,3.4980831399108423,0.4409829857089776,Safe
11.5467976828705,0.7658909295597229,2.9355878361647343,1503.0,162.42844578459773,26.804814976875228,3.1109049471613646,0.11116952005857836,0.05883822277981488,1.1430158373808936,87.0,10.44030650891055,1.2610284601799164,0.17633046603046262,Safe
10.136699802401342,0.7487352234607575,2.935767559425953,1350.0,154.68678030135607,26.204395896256575,3.0412216947353334,0.5349404875016688,0.09528521579179262,2.231548979525216,452.0,50.1398045468867,3.5743987451900137,0.40843898399760437,Safe
9.364370267382004,0.5440455133323258,2.9381033172835815,1712.0,175.07141400011596,19.04062153113009,2.2098105795291314,0.4077682305319891,0.062922210253672,2.2075299540359947,413.0,48.03123983409131,2.664553170854395,0.2941957774125157,Safe
8.16339999160208,0.499013713040861,2.938178317410118,1627.0,170.1910690958841,17.46458892870431,2.026899873971055,0.2953665473571947,0.06456821327541645,2.0855391115815505,230.0,28.809720581775867,1.8547047286322622,0.24018273191646913,Safe
8.085878955961205,0.48303428333698617,2.9421594485091362,1670.0,174.77986154016716,16.905337421581,1.9619944350893357,0.1902376400677432,0.037829367496286556,1.9090008500592754,190.0,23.021728866442675,1.1434191772432034,0.13547523207490256,Safe
8.299775560853144,0.5333693372828797,2.937799195508477,1550.0,165.94577427581578,18.666974432540663,2.166445959833113,0.16631883992247726,0.10523545452248705,1.0512636523153032,99.0,12.041594578792296,2.401590957786097,0.34081074939386663,Safe
7.8982404488208555,0.4829632237503968,2.9406023476338596,1628.0,171.516763029157,16.90285046293278,1.9617058044097802,0.271947693128965,0.08788996116467711,1.5673762140637402,196.0,23.62202362203543,2.326597782698545,0.3085404477155648,Safe
8.470685520204187,0.5755206112128674,2.932508395608889,1468.0,160.11246047700348,20.14219375571819,2.3376565089296175,0.19028454951013585,0.0819753253257493,1.2039390521665871,102.0,12.409673645990857,1.8865052004053138,0.2550752104309098,Safe
11.069563269503945,0.6432700264670376,2.941650811281523,1714.0,177.10448893238137,22.51330231777345,2.6128418949253045,0.5575078910962815,0.13721424938958235,2.2243141274599134,399.0,46.07602413403309,4.788579238183571,0.5554619433797403,Safe
10.38286150570231,0.6776451225530683,2.9305027146421274,1527.0,162.13266173106516,23.71636930138174,2.752467071756494,0.2900379212999624,0.10403376357774442,1.54897315731729,159.0,18.083141320025124,3.2207582803687664,0.3826169856119602,Safe
8.702483682899764,0.617139528299314,2.9197735101031776,1407.0,152.9869275461142,21.598781539936258,2.506704724625491,0.054137795499637424,0.02241445268136664,1.0966559753243428,30.0,6.324555320336759,0.17840809713710482,0.042627619631905395,Safe
7.813335854303326,0.516088876512322,2.9329079397297217,1508.0,161.90120444270946,18.06218916117543,2.096255977388408,0.21489788757201286,0.0802474731241967,1.5163023104513047,183.0,21.517434791350013,2.054086292030835,0.2723133694386181,Safe
9.089608260590571,0.5465191118714301,2.940674931448567,1655.0,172.95375104345092,19.12719306319651,2.219857871689928,0.10248402395799885,0.029079555304879424,1.7508500296270595,97.0,11.357816691600547,0.6392836950042031,0.0865418105753647,Safe
8.743938227277019,0.53752569089563,2.9397285510096145,1620.0,170.48167056900868,18.812439387494866,2.183328286698493,0.3599034455241676,0.05878309470196263,2.2367354125108023,273.0,32.109188716004645,1.9989505873786082,0.23384900231634614,Safe
8.682193515677044,0.5885187835873241,2.931677024776049,1471.0,159.52742710894574,20.59710657957828,2.3904526410982,0.204003938756311,0.08195973099180028,1.7969195384200842,90.0,11.916375287812984,1.2604867310234993,0.20715712551257986,Safe
7.781447337985742,0.47293977594383896,2.941984413821042,1638.0,172.92194771052053,16.55204768734749,1.9209924441053834,0.40066471639026596,0.07625481787106268,2.2838974291560965,423.0,46.314144707637645,2.7183045335490297,0.31016588150364044,Safe
9.128608931153824,0.5301530691261649,2.940641346096021,1718.0,176.555940143627,18.55441078995213,2.1533820833280424,0.6041673183835399,0.09266722214968993,2.464013660339798,422.0,46.604720790924176,3.575324160884125,0.3964981092789298,Safe
9.166641446459934,0.5797483615869952,2.9339949040574824,1575.0,165.93673493232293,20.290157469836146,2.354828836015144,0.4271489952043901,0.08441870457447137,2.3304583984522087,358.0,39.344631145812,2.690234490115233,0.3111370835420578,Safe
8.383661592482712,0.5803580578975537,2.925302579619904,1441.0,156.04806951705618,20.3114957520456,2.3573053077888377,0.161273019218753,0.06034139013195591,1.488725601899935,153.0,18.35755975068582,1.4670066977992198,0.20542759004032268,Safe
8.222744798427572,0.5588777479665825,2.9354413570866322,1467.0,160.65802189744525,19.55972325922263,2.2700563277425125,0.4147353996187794,0.0698361478707931,2.260439837983856,302.0,35.86084215408221,2.0675211157461604,0.23935019398318758,Safe
8.30295429724126,0.5172914103940349,2.9378045888773845,1597.0,168.38349087722347,18.104275699817773,2.101140443906245,0.5121333526327262,0.10575668459802126,2.276575582102453,422.0,47.49736834815167,3.8579953553700688,0.43897540012167685,Safe
8.401491079175395,0.5107866343822576,2.941714376069279,1637.0,172.60069524773067,17.87662015418814,2.0747192668244807,0.24188851862414684,0.041648462027252704,2.2196068672400924,416.0,46.130250378683186,1.5615937204071972,0.17716504262881286,Safe
6.522923011753282,0.4578930138506617,2.926606821406164,1421.0,155.29649062358106,16.025437881248166,1.859875325690972,0.1742954260311035,0.040843667954937185,1.8021043281760778,283.0,33.71943060017473,1.403387078733155,0.167475512836248,Safe
7.248571097757015,0.5182134991457562,2.925906791955563,1394.0,153.5838533179839,18.136547159666968,2.1048857950375095,0.05274985763132517,0.03965651767293083,0.5603663267832786,59.0,7.681145747868608,0.6706641015380321,0.10822302153781113,Safe
10.580636941038833,0.6502639166557839,2.936267435636935,1622.0,169.48746266317164,22.75807598624566,2.6412497618269026,0.32373179787351153,0.09189719922739589,1.9432712843649331,169.0,21.047565179849187,2.0679596590273306,0.28155993295857024,Safe
10.318269732338576,0.6256752766471342,2.9417481139918404,1643.0,172.98843892006195,21.897517490868616,2.5413753294572046,0.13268902655866469,0.06552460956182567,1.4362560365473558,77.0,10.246950765959598,1.051761858993106,0.16937076137767396,Safe
8.747652565816011,0.6399919288835573,2.920337956932282,1363.0,150.70169209401732,22.398574755649374,2.5995268789143573,0.26767585715129477,0.06383553246090308,2.074811967343167,142.0,17.776388834631177,1.3812210385245505,0.19300393433509244,Safe
10.212361487673311,0.6347057025559268,2.9345719217645048,1604.0,167.77961735562516,22.213566273149816,2.578055221528503,0.6136750152048699,0.12298526259806197,2.2033996720307303,359.0,41.38840417314975,4.660864177376332,0.5201281193252671,Safe
9.61208310114872,0.5899171317272185,2.936916963777234,1623.0,170.17344093600505,20.646046267615425,2.396132468314266,0.3089130923776267,0.10059883757095507,1.8334402595473354,143.0,20.074859899884732,1.8647903149778193,0.2870058257552561,Safe
7.143329574088343,0.43982815808246783,2.938476697827613,1617.0,170.1616878148545,15.393200185563828,1.7864992782538565,0.23386843696785733,0.07536214761960194,1.3574995655323765,171.0,18.841443681416774,2.8632930384741884,0.3149852170184126,Safe
6.892921828680992,0.407270686985318,2.9406340919871945,1687.0,174.91998170592174,14.253746831055846,1.6542569523636543,0.3097394234895313,0.11750629873219127,1.6430952559570775,235.0,25.632011235952593,3.7740111712253457,0.45240406103820097,Safe
6.400283374386434,0.4555125176999179,2.9330099529424816,1400.0,156.5439235486322,15.942124766532821,1.8502061979258677,0.22005668290317054,0.04773189599446664,2.038383198802986,145.0,19.974984355438178,1.2373451581507022,0.1590119637699884,Safe
6.72300347930829,0.4443524536827183,2.9369171371259855,1508.0,163.43806166251483,15.551542453091551,1.8048761162891758,0.02418508393415781,0.013498076144644454,0.9895288018683158,52.0,8.48528137423857,0.1610606559599289,0.030532539976202814,Safe
8.098671072393293,0.4796391018083426,2.942157437000001,1683.0,175.40524507551078,16.786512130438673,1.9482038461081608,0.16058345463026627,0.06058044705670971,1.639379456686453,101.0,13.0,1.265163272318214,0.17504666784269887,Safe
8.604966032836046,0.5622304454719271,2.937467629956515,1522.0,164.31676725154983,19.677061685408006,2.28367435460922,0.06810707341063367,0.035498267451997516,0.897998563910114,146.0,16.24807680927192,0.9723785206525013,0.1265053799641398,Safe
9.630759465541958,0.611060140429557,2.9348160731833266,1571.0,165.97891432347663,21.386013819713785,2.48201139419186,0.37026617546123813,0.11428383498874535,1.4771613539837225,183.0,19.4164878389476,4.026392082373301,0.46019030556681956,Safe
9.180621935432633,0.6597516358709197,2.9333139154914685,1387.0,155.49598065544973,23.09012921771618,2.6797870933247587,0.05819409249402289,0.037460666865513255,0.7819028110933779,41.0,6.4031242374328485,0.4178254200954632,0.08144670193608337,Safe
5.713852340866209,0.5242712235353785,2.8817519737899167,1088.0,129.18978287774928,18.348556696766554,2.129491132488169,0.006194006224282264,0.006194006224282264,-0.0,100.0,10.0,0.2167791579708913,0.025158888638288093,Safe
5.253495443325025,0.3910181878499411,2.9179633356927956,1337.0,148.8589936819405,13.684938381416629,1.588242356795791,0.01323223489766199,0.01323223489766199,-0.0,100.0,10.0,0.46310459423546857,0.05374685012760428,Safe
7.842915819140576,0.47053824851568826,2.942038820686564,1661.0,174.12351937633238,16.467998515475884,1.9112378912459147,0.1795577550956282,0.08254700517895108,1.483900799345232,182.0,20.248456731316587,2.4366414872082798,0.30708164132883664,Safe
8.430432413890584,0.5101613015909015,2.9404126887224686,1646.0,172.52246230563716,17.85473462307092,2.0721792826058785,0.15079788363670393,0.09207341520101994,1.0383065528410653,102.0,11.74734012447073,2.255895656768721,0.30148862433644646,Safe
9.544453593678563,0.5490757818489495,2.9420263763558325,1730.0,177.78076386381065,19.216671947276954,2.230242584413835,0.61361727402241,0.10323803107785876,2.246850711147343,558.0,62.14499175315739,3.7458273100130475,0.43277531601583014,Safe
9.342582159016358,0.5453379042950638,2.941021886179655,1706.0,175.78964702166053,19.08585290716152,2.2150600286144724,0.7629427996532343,0.10282081942444941,2.6180054578980148,456.0,51.24451190127583,3.4529009738353764,0.3906289256272025,Safe
9.663639107149125,0.6013178963962639,2.939091123613146,1603.0,169.37237082830245,21.04505267408159,2.442440230740365,0.38741315716256175,0.10282081942444941,1.9444544499875753,189.0,23.473389188611005,2.9825288334278146,0.36058588101179867,Safe
10.018159641475178,0.5947888016528957,2.94121180634778,1678.0,174.3616930406447,20.816546016269257,2.4159202755434737,0.3302787628806483,0.1195379032709619,1.6939639281822076,248.0,26.457513110645905,3.8625743678121855,0.4631250619204979,Safe
10.075689878958306,0.5978377046741739,2.9396828189801822,1680.0,173.92527130926086,20.92325217796094,2.4283043463376814,0.31245207895338944,0.058541424672601164,2.2524500255262803,244.0,28.35489375751565,2.0790727824875805,0.22644705830879502,Safe
9.82064035361048,0.6689940604277221,2.924401139318801,1463.0,157.08278072405008,23.41359757413768,2.717328084042655,0.2059611541074599,0.1120339519215368,1.0841227269969846,182.0,20.396078054371138,3.920988271934818,0.4550608472189378,Safe
9.60959719572985,0.5900171461987349,2.9400591518461314,1625.0,171.03508412018863,20.649546595534893,2.396538708292075,0.24350497670508517,0.07584586699996149,1.7669431688774033,203.0,23.600847442411894,2.783853490545292,0.3108585760976736,Safe
8.987854177901934,0.622718675224095,2.931886248131596,1436.0,157.65785740013087,21.794041720303625,2.529366170399786,0.12033919915485103,0.07294371930519834,1.1463155203331898,66.0,8.48528137423857,1.1475279427538014,0.1895748820733032,Safe
8.814948207025688,0.5441400908603842,2.937906340748439,1613.0,169.55530071336608,19.043931575736615,2.21019473566491,0.13131891680727253,0.09374436915708284,0.7867319228824183,59.0,8.54400374531753,1.4346044454911744,0.24675941249230793,Safe
9.086462609478538,0.6098057659241758,2.934744816790235,1485.0,161.60136138040423,21.342112951808502,2.476916360808155,0.14886250035308365,0.074636926797275,1.1420331024647403,180.0,18.867962264113206,2.6113775101574985,0.2994121348819356,Safe
7.182088806429901,0.4463253055146647,2.9401416981985027,1605.0,169.99705879808627,15.62058874452957,1.8128894694797493,0.4547654226632138,0.11825819850962563,1.6304700892410633,345.0,37.134889255254286,3.809325770898299,0.45674058502163095,Safe
7.076964851395149,0.40961611695810074,2.943030421476152,1720.0,178.1067095872584,14.335832692155934,1.6637836479072934,0.5855006056186105,0.07985647681056113,2.362247406256987,475.0,54.67174773134658,3.1143554581536192,0.3503696437699171,Safe
7.9752046192257815,0.49398251729357007,2.9389594258279708,1609.0,169.54940282997165,17.28850606113973,2.0064641028497254,0.2385461470966874,0.06599492624435872,1.8143570085743757,183.0,26.362852652928137,1.248868465423584,0.192671662199738,Safe
9.189007430265512,0.6310462181402715,2.9336920987712025,1451.0,159.2262541165872,22.08549085289541,2.56319108391655,0.32017055776173503,0.05559826809423692,2.155873834119792,214.0,29.631064780058107,1.509499356602178,0.20116121888581667,Safe
6.595425537848269,0.48658561893936264,2.927030418040412,1352.0,151.7234326002414,17.029627826478745,1.976419292556722,0.24482096990298932,0.09592319263770202,1.7485021222931203,144.0,18.439088914585774,2.122734890441701,0.29670714224215555,Safe
7.062643626225663,0.45771785154825045,2.9360525761794447,1538.0,164.79684462998677,16.01930751342966,1.8591638493539424,0.4767440769309778,0.09638263543331928,2.034880084628244,277.0,36.45545226711637,2.01371306180954,0.29801539257622295,Safe
7.066389722415008,0.45562209950604626,2.9360193339565797,1545.0,164.9333198598755,15.945959934080488,1.8506512986179458,0.4309998473857092,0.06176624863956371,2.230813332257291,251.0,38.01315561749642,1.3445278397112177,0.20120807718366387,Safe
7.766116969748935,0.5303391474623405,2.935064815855949,1459.0,159.91560274094581,18.560923199460966,2.1541378985417063,0.35763695659864575,0.1449454565461782,1.5831847653986482,220.0,26.30589287593181,4.699869611046532,0.5619605546556783,Safe
8.189098632086537,0.47750554404302414,2.941152728473204,1709.0,176.45679357848482,16.711841418285562,1.9395377356333972,0.23938744033981335,0.07718723260066919,1.5516272252511176,177.0,19.621416870348583,2.955460451468073,0.3301337915337981,Safe
6.859230944533687,0.4394502694387192,2.9341483804902295,1556.0,164.80898033784445,15.379974757782136,1.784964365636482,0.1620224323321252,0.05049125016647487,1.6646093366141839,213.0,26.057628441590765,1.223936777524273,0.16902879590242664,Safe
6.380994679504605,0.39806278069744594,2.9299477784558374,1597.0,166.37608001152088,13.931486552411858,1.6168561683637628,0.33110585263582604,0.06504030012558698,2.316843586484727,308.0,33.46640106136302,2.4102682663936807,0.2667785706503413,Safe
6.800926911985323,0.39605865590390443,2.942283291800667,1713.0,176.9887002042786,13.861345763158315,1.608715790283373,0.23608620413650055,0.05043173881637749,2.1487959388770212,404.0,45.21061822182926,1.662764165136549,0.19427482712723348,Safe
8.478294564720374,0.5796369674663808,2.9386523832479927,1457.0,161.39082997494003,20.2862588745175,2.354376374042389,0.40540421379901304,0.0857964850522925,2.0417277181259412,171.0,24.392621835300936,1.6848341280763797,0.24615084534212725,Safe
7.196844439166989,0.560349515916583,2.902000053548907,1281.0,143.00699283601483,19.611232509516704,2.276034372422271,0.00037200915838140616,0.00037200915838140616,-0.0,100.0,10.0,0.013019656292115989,0.0015110312533187173,Safe
5.116466597922042,0.32408199603778853,2.9410013390329537,1573.0,168.94081803992782,11.342291187758397,1.3163601315130464,0.1504892633384829,0.06612008131101182,1.3810511265584782,178.0,19.8997487421324,1.8556572192847125,0.2377482446347733,Safe
6.17923630376353,0.38066169564645014,2.9381313188928346,1618.0,169.85876486069242,13.322479646615307,1.546176232772624,0.08220140102116175,0.03227323275079242,1.4556701407167956,83.0,11.090536506409418,0.5847961890577068,0.0857570613953511,Safe
6.199847840706147,0.3801616654357169,2.94023410932879,1626.0,171.31257980662133,13.304979482082405,1.544145204076156,0.410897971208711,0.08134350191972249,2.1428456236947957,501.0,54.85435260760991,2.846877322052464,0.33040200996630564,Safe
6.654203511708137,0.4089719445254602,2.9361391842562345,1621.0,169.11830178901394,14.313287807233406,1.6611671406081687,0.2762163259461483,0.08418972074651168,1.7661530996397041,294.0,32.0624390837628,2.990635385416975,0.34338881828261525,Safe
8.779694054120267,0.49807362758482554,2.9425081311963406,1754.0,179.5215864457531,17.431687616338632,2.0230814236107446,0.3660599199798509,0.058644010101876684,2.4205544561571966,311.0,40.755367744629666,2.3413896638937675,0.25646999904768675,Safe
7.776149205173407,0.4935953984899975,2.9274040936588044,1570.0,164.07924914503965,17.27495759424537,2.004891699058672,0.5252218035566932,0.09017204442414799,2.256610983299417,323.0,42.13074886588179,2.2658774786525306,0.315077182905977,Safe
8.85774500208747,0.5524019268397322,2.9393091947381644,1597.0,169.34875257881293,19.333081082864247,2.2437527599590013,0.2700869519140575,0.1002901961993098,1.4640664395222585,170.0,22.627416997969522,2.2702460632179724,0.32781378892555757,Safe
7.872968123709087,0.4918263266706012,2.9336412739114746,1594.0,166.5653025092561,17.213043239381577,1.9977060619627902,0.322420314388398,0.09796638755981314,1.5150671558526592,125.0,15.84297951775486,2.5853586040361964,0.3325472105419178,Safe
7.359439057114498,0.5011692293142537,2.930954408037715,1463.0,158.6663165262243,17.540028149431404,2.0356551757768075,0.2354767396336088,0.05120812591279667,1.893395688827645,112.0,15.0996688705415,1.0971400545100973,0.15316056242539702,Safe
6.027917442932384,0.4255551278342536,2.935699135889109,1412.0,157.74029288675737,14.893669612479933,1.728524913110665,0.06264258698722648,0.04805817582221373,0.7229730235886208,131.0,14.798648586948742,1.6819503421735285,0.19520327392154768,Safe
6.349343744972076,0.5442105603910944,2.905613921383104,1166.0,137.57179943578552,19.046397883482655,2.210480969648431,0.06227388635645317,0.03585400792685372,0.9392773384552305,149.0,15.716233645501712,1.232002820932504,0.1411907399777683,Safe
10.129317760811235,0.7175806102162927,2.908196975755128,1407.0,150.8476052179815,25.114040061680964,2.9146775136666023,0.017032890182404625,0.00800676325216007,0.9981136150524494,7.0,2.6457513110645907,0.012182130356027554,0.006932495880351381,Safe
9.894156363898183,0.628074570292314,2.9322385076415514,1569.0,164.98787834262248,21.981488484324835,2.5511208091102575,0.4864646996309849,0.11610268223623298,1.952570341661903,416.0,47.37087712930804,4.0633865679153285,0.47158726472322915,Safe
8.288608331871698,0.49165512617195,2.9391136363945236,1679.0,173.61739544181626,17.207051527620568,1.997010677727705,0.5718804722006785,0.06734451048052607,2.6240839679664925,824.0,92.68225288586807,2.3922254804408913,0.2769869189101646,Safe
7.794362649656026,0.49825329960002745,2.9385132457734637,1560.0,166.96107330752278,17.437975816052365,2.0238112175531793,0.14598745308191302,0.07438615304863518,1.1236553709305275,114.0,15.297058540778355,1.527423509443649,0.2296290570296257,Safe
7.568257936138391,0.4694308400710645,2.94012963153924,1604.0,170.2233826476257,16.429241197277797,1.9067398063673162,0.29877584808008945,0.061367033690468524,2.0034148405865317,287.0,33.60059523282288,2.3069184633216473,0.2532400749047975,Safe
9.936440821869466,0.6091287610965453,2.940791812201294,1622.0,171.26587517658035,21.31841899168612,2.4741664944939807,0.13982377151513437,0.0359028771977021,1.7318169982790115,146.0,18.601075237738275,0.8041433089911337,0.10908460175394971,Safe
10.058213688223264,0.6591353646519934,2.9393986520673305,1522.0,165.40858502508266,23.06856082545387,2.6772839155095403,0.23701495209028664,0.08097855235846667,1.5159342104503049,140.0,14.832396974191326,2.4164543007359365,0.2810573830038566,Safe
